#VRML V2.0 utf8
# 3D model generated by easyeda2kicad.py (https://github.com/uPesy/easyeda2kicad.py)

Shape{
    appearance Appearance {
        material  Material 	{
            diffuseColor 0.25098039215686274 0.25098039215686274 0.25098039215686274
            specularColor 0.12549019607843137 0.12549019607843137 0.12549019607843137
            ambientIntensity 0.251
            transparency 0.0
            shininess 0.5
        }
    }
    geometry IndexedFaceSet {
        ccw TRUE
        solid FALSE
        coord DEF co Coordinate {
            point [
                9.7421 1.2869 1.0234, 9.7421 1.3886 0.7565, 9.7421 1.9636 0.7542, 9.7421 1.9636 0.0, 9.7421 2.5386 0.0, 9.7421 2.5386 0.6485, 9.7421 1.141 0.0, 9.7421 1.9636 0.6485, 9.7421 1.4887 4.3263, 9.7421 1.141 4.5122, 9.7421 1.141 1.7006, 9.7421 0.8911 3.5664, 9.7421 0.8911 4.602, 9.7421 0.8068 4.6276, 9.7421 1.045 3.2457, 9.7421 1.0681 3.07, 9.7421 1.0681 4.5483, 9.7421 0.3233 1.9378, 9.7421 0.3233 1.7006, 9.7421 0.346 1.7006, 9.7421 0.2794 1.9197, 9.7421 0.1308 1.9001, 9.7421 0.1308 1.7006, 9.7421 1.0163 1.1799, 9.7421 0.9891 1.2529, 9.7421 0.8911 1.2529, 9.7421 -0.3576 1.2387, 9.7421 -0.3061 1.1952, 9.7421 -0.1261 1.449, 9.7421 -0.1261 1.1776, 9.7421 -0.5257 1.4197, 9.7421 -0.4627 1.3468, 9.7421 -0.4232 1.2698, 9.7421 -0.414 1.2667, 9.7421 -0.1261 1.7006, 9.7421 -0.6103 1.4766, 9.7421 -0.5693 1.449, 9.7421 -0.9651 1.4731, 9.7421 -0.8776 1.5068, 9.7421 -2.5402 1.7006, 9.7421 -0.7838 1.5184, 9.7421 -0.7056 1.5102, 9.7421 -1.004 1.449, 9.7421 -2.5402 1.449, 9.7421 -1.0115 1.4444, 9.7421 -2.5402 1.1776, 9.7421 -1.4191 1.1776, 9.7421 -1.4025 1.215, 9.7421 -1.3569 1.2736, 9.7421 -1.2134 1.3554, 9.7421 -1.1386 1.3647, 9.7421 -1.0561 1.4062, 9.7421 -1.1168 1.3635, 9.7421 -1.095 1.3609, 9.7421 -1.3441 1.2857, 9.7421 -1.2837 1.3281, 9.7421 -1.3072 0.8, 9.7421 -1.3664 0.8504, 9.7421 -2.5402 0.7542, 9.7421 -1.2386 0.7665, 9.7421 -1.4096 0.9122, 9.7421 -1.4368 0.9828, 9.7421 -2.5402 1.0994, 9.7421 -1.4461 1.0573, 9.7421 -1.4455 1.0754, 9.7421 -1.4412 1.0994, 9.7421 -1.4328 1.1467, 9.7421 -1.2145 0.7593, 9.7421 -1.2121 0.7542, 9.7421 -1.1955 0.7185, 9.7421 -2.5402 0.6485, 9.7421 -1.1672 0.6837, 9.7421 -1.1301 0.6558, 9.7421 -0.1261 0.0, 9.7421 -0.1261 0.6485, 9.7421 -0.9557 0.6485, 9.7421 -2.5402 0.0, 9.7421 -1.0863 0.6374, 9.7421 -1.1127 0.6485, 9.7421 -0.9882 0.636, 9.7421 -1.0343 0.6303, 9.7421 -1.0415 0.6304, 9.7421 -0.1261 0.7542, 9.7421 -0.8565 0.7542, 9.7421 -0.8567 0.7532, 9.7421 -0.8793 0.7109, 9.7421 -0.9081 0.6786, 9.7421 -0.9459 0.6523, 9.7421 -0.2441 1.0833, 9.7421 -0.2354 1.0212, 9.7421 -0.1261 1.0994, 9.7421 -0.6142 0.8662, 9.7421 -0.6011 0.8713, 9.7421 -0.5788 0.9795, 9.7421 -0.3056 0.8409, 9.7421 -0.3572 0.7973, 9.7421 -0.8919 0.9472, 9.7421 -0.6377 1.08, 9.7421 -0.9252 0.9775, 9.7421 -0.9655 0.999, 9.7421 -0.6258 0.8579, 9.7421 -0.2679 0.8935, 9.7421 -0.354 1.0362, 9.7421 -0.363 1.0727, 9.7421 -0.3774 1.0994, 9.7421 -1.3218 1.0994, 9.7421 -0.2441 0.9536, 9.7421 -0.5864 0.8732, 9.7421 -0.5846 0.8731, 9.7421 -0.5789 0.8718, 9.7421 -1.3105 0.9851, 9.7421 -1.2881 0.947, 9.7421 -1.1917 0.9272, 9.7421 -1.2541 0.912, 9.7421 -1.2126 0.8865, 9.7421 -1.1216 0.9901, 9.7421 -1.1604 0.9631, 9.7421 -1.3265 1.0611, 9.7421 -1.3242 1.0315, 9.7421 -1.0797 1.0061, 9.7421 -1.0343 1.0117, 9.7421 -1.0113 1.0104, 9.7421 -0.6453 0.8144, 9.7421 -0.6448 0.8219, 9.7421 -0.8445 0.839, 9.7421 -0.641 0.8363, 9.7421 -0.6337 0.8492, 9.7421 -0.3916 0.9189, 9.7421 -0.3707 0.9485, 9.7421 -0.3576 0.9823, 9.7421 -0.353 1.0193, 9.7421 -0.6009 0.7573, 9.7421 -0.6135 0.7622, 9.7421 -0.6258 0.771, 9.7421 -0.6302 0.7754, 9.7421 -0.6385 0.7874, 9.7421 -0.6435 0.8002, 9.7421 -0.8456 0.8, 9.7421 -0.8445 0.8201, 9.7421 -0.4151 0.7689, 9.7421 -0.4783 0.7555, 9.7421 -0.5902 0.7555, 9.7421 -0.575 0.8713, 9.7421 -0.4897 0.8713, 9.7421 -0.4554 0.8779, 9.7421 -0.4219 0.8935, 9.7421 -0.3939 0.9164, 9.7421 -0.5162 1.1673, 9.7421 -1.3045 1.1494, 9.7421 -1.3208 1.1071, 9.7421 -0.501 1.1673, 9.7421 -0.3807 1.1053, 9.7421 -0.4023 1.1295, 9.7421 -0.4317 1.1501, 9.7421 -0.4649 1.1629, 9.7421 -0.5573 1.2816, 9.7421 -0.6002 1.3327, 9.7421 -1.0362 1.2224, 9.7421 -0.6046 1.3368, 9.7421 -0.6579 1.3738, 9.7421 -1.0071 1.2824, 9.7421 -1.2849 1.1776, 9.7421 -1.0494 1.2296, 9.7421 -0.5185 1.1776, 9.7421 -0.5279 1.2205, 9.7421 -1.0919 1.2452, 9.7421 -1.1367 1.2508, 9.7421 -1.1568 1.2498, 9.7421 -0.9646 1.3333, 9.7421 -0.7174 1.3966, 9.7421 -0.9138 1.3704, 9.7421 -0.7819 1.4045, 9.7421 -0.8518 1.3955, 9.7421 -1.2036 1.2386, 9.7421 -1.2459 1.2161, 9.7421 -1.2782 1.1872, 9.7421 -0.2934 1.1776, 9.7421 -0.2673 1.1412, 9.7421 -0.2505 1.0994, 9.7421 1.0651 0.7737, 9.7421 1.0346 0.7619, 9.7421 1.0681 0.7542, 9.7421 0.9897 0.7565, 9.7421 0.8911 0.7542, 9.7421 0.9163 0.7565, 9.7421 0.8911 1.0994, 9.7421 0.9163 1.0234, 9.7421 1.0681 1.0994, 9.7421 0.9925 1.0234, 9.7421 0.9975 1.0233, 9.7421 1.1058 0.9754, 9.7421 1.1216 0.9511, 9.7421 1.141 1.0994, 9.7421 1.0934 0.988, 9.7421 1.0378 1.0177, 9.7421 1.0681 1.0055, 9.7421 1.0694 1.005, 9.7421 1.1255 0.8424, 9.7421 1.1117 0.8152, 9.7421 1.141 0.7542, 9.7421 1.0934 0.7939, 9.7421 1.0681 0.7758, 9.7421 1.1305 0.9246, 9.7421 1.1336 0.8933, 9.7421 1.1325 0.8732, 9.7421 0.8598 1.0234, 9.7421 0.8068 1.0234, 9.7421 0.8068 1.0994, 9.7421 0.7224 1.0234, 9.7421 0.7568 0.8767, 9.7421 0.7568 0.7869, 9.7421 0.8068 0.8767, 9.7421 0.8068 0.7869, 9.7421 0.8523 0.8767, 9.7421 0.8659 0.7869, 9.7421 0.8523 0.9072, 9.7421 0.8598 0.9927, 9.7421 0.8068 0.9072, 9.7421 0.8068 0.9927, 9.7421 0.7568 0.9072, 9.7421 0.7568 0.9927, 9.7421 0.8659 0.7565, 9.7421 0.8068 0.7542, 9.7421 0.8068 0.7565, 9.7421 0.7224 0.7565, 9.7421 0.5906 0.8038, 9.7421 0.5947 0.7881, 9.7421 0.5955 0.7881, 9.7421 0.6863 0.9471, 9.7421 0.5569 1.0994, 9.7421 0.6517 0.9471, 9.7421 0.5569 0.9007, 9.7421 0.5996 0.8035, 9.7421 0.5971 0.7947, 9.7421 0.4768 0.943, 9.7421 0.4768 0.9105, 9.7421 0.4947 0.7542, 9.7421 0.3572 0.7632, 9.7421 0.346 0.7542, 9.7421 0.3806 0.7549, 9.7421 0.3874 0.7542, 9.7421 0.4521 0.9499, 9.7421 0.4947 1.0994, 9.7421 0.4844 0.7949, 9.7421 0.4803 0.7843, 9.7421 0.4748 0.8398, 9.7421 0.481 0.8306, 9.7421 0.4846 0.8208, 9.7421 0.486 0.8083, 9.7421 0.3669 0.8655, 9.7421 0.3626 0.8725, 9.7421 0.3572 0.7977, 9.7421 0.3589 0.8827, 9.7421 0.3574 0.8957, 9.7421 0.346 1.0994, 9.7421 0.3587 0.9076, 9.7421 0.3627 0.9184, 9.7421 0.3689 0.9274, 9.7421 0.3789 0.9363, 9.7421 0.3873 0.9415, 9.7421 0.4053 0.9483, 9.7421 0.4317 0.9515, 9.7421 0.474 0.7755, 9.7421 0.4645 0.7671, 9.7421 0.4554 0.7616, 9.7421 0.3913 0.7817, 9.7421 0.4081 0.8403, 9.7421 0.3703 0.7896, 9.7421 0.3881 0.8494, 9.7421 0.3724 0.8598, 9.7421 0.4284 0.9243, 9.7421 0.4185 0.9236, 9.7421 0.3919 0.8987, 9.7421 0.4095 0.9212, 9.7421 0.402 0.9172, 9.7421 0.3922 0.8942, 9.7421 0.3935 0.889, 9.7421 0.3959 0.8845, 9.7421 0.4122 0.7793, 9.7421 0.4137 0.7793, 9.7421 0.43 0.8311, 9.7421 0.4308 0.7812, 9.7421 0.4516 0.805, 9.7421 0.4513 0.8092, 9.7421 0.3992 0.8809, 9.7421 0.411 0.8735, 9.7421 0.4526 0.9212, 9.7421 0.4317 0.8645, 9.7421 0.4714 0.9137, 9.7421 0.4446 0.8593, 9.7421 0.4668 0.847, 9.7421 0.4395 0.7843, 9.7421 0.4425 0.7862, 9.7421 0.4463 0.7896, 9.7421 0.397 0.9128, 9.7421 0.3941 0.9085, 9.7421 0.3925 0.904, 9.7421 0.4493 0.7939, 9.7421 0.451 0.7987, 9.7421 0.4498 0.8144, 9.7421 0.4472 0.8189, 9.7421 0.4431 0.8232, 9.7421 0.4293 0.7542, 9.7421 0.4089 0.752, 9.7421 0.346 0.6485, 9.7421 0.4374 0.7551, 9.7421 0.4947 0.6485, 9.7421 0.9527 1.4468, 9.7421 1.0544 1.1799, 9.7421 1.0681 1.1776, 9.7421 0.8911 1.1776, 9.7421 0.8779 1.2529, 9.7421 0.8523 1.1799, 9.7421 0.8068 1.1776, 9.7421 0.8142 1.1799, 9.7421 0.8068 1.449, 9.7421 0.8911 1.3818, 9.7421 0.8911 1.449, 9.7421 0.5569 1.449, 9.7421 0.4947 1.449, 9.7421 0.5256 1.4468, 9.7421 0.4947 1.4468, 9.7421 0.4226 1.3001, 9.7421 0.4226 1.2103, 9.7421 0.4947 1.3001, 9.7421 0.4947 1.2103, 9.7421 0.518 1.3001, 9.7421 0.5317 1.2103, 9.7421 0.518 1.3307, 9.7421 0.5256 1.4161, 9.7421 0.4947 1.3307, 9.7421 0.4947 1.4161, 9.7421 0.4226 1.3307, 9.7421 0.4226 1.4161, 9.7421 0.3881 1.1799, 9.7421 0.346 1.1776, 9.7421 0.4947 1.1776, 9.7421 0.5569 1.1776, 9.7421 0.5317 1.1799, 9.7421 0.4947 1.1799, 9.7421 0.3881 1.4468, 9.7421 0.346 1.449, 9.7421 -0.5421 2.0278, 9.7421 -0.281 1.9197, 9.7421 -0.1261 1.8993, 9.7421 -0.0008 1.8828, 9.7421 -0.7664 2.1999, 9.7421 -0.9384 2.4241, 9.7421 -2.5402 2.3622, 9.7421 -1.0466 2.6852, 9.7421 -2.4948 2.8231, 9.7421 -1.0835 2.9654, 9.7421 -2.3603 3.2662, 9.7421 -1.0466 3.2457, 9.7421 0.346 1.9472, 9.7421 0.4947 1.7006, 9.7421 0.4947 2.0088, 9.7421 0.5405 2.0278, 9.7421 0.5569 1.7006, 9.7421 0.5569 2.0404, 9.7421 0.7648 2.1999, 9.7421 0.8068 1.7006, 9.7421 0.8068 2.2546, 9.7421 0.8911 1.7006, 9.7421 0.8911 2.3645, 9.7421 0.9368 2.4241, 9.7421 1.0681 1.7006, 9.7421 1.045 2.6852, 9.7421 1.0681 2.8609, 9.7421 1.0819 2.9654, 9.7421 1.0804 4.5446, 9.7421 0.9368 3.5068, 9.7421 0.5569 3.8905, 9.7421 0.7648 3.731, 9.7421 0.8068 3.6762, 9.7421 0.6372 4.679, 9.7421 0.5569 4.6869, 9.7421 0.5405 3.9031, 9.7421 0.4947 3.9221, 9.7421 0.4947 4.6931, 9.7421 0.346 4.7077, 9.7421 0.346 3.9837, 9.7421 0.3233 4.7099, 9.7421 0.3233 3.993, 9.7421 0.2794 4.0112, 9.7421 0.1764 4.7244, 9.7421 0.1308 4.0308, 9.7421 0.1308 4.7244, 9.7421 -0.0008 4.0481, 9.7421 -0.1261 4.7244, 9.7421 -0.1261 4.0316, 9.7421 -0.178 4.7244, 9.7421 -0.281 4.0112, 9.7421 -0.6388 4.679, 9.7421 -0.5421 3.9031, 9.7421 -1.0819 4.5446, 9.7421 -0.7664 3.731, 9.7421 -1.4903 4.3263, 9.7421 -0.9384 3.5068, 9.7421 -1.8483 4.0325, 9.7421 -2.1421 3.6746, 9.7421 2.5386 1.7006, 9.7421 2.5386 2.3622, 9.7421 1.9636 1.7006, 9.7421 2.4932 2.8231, 9.7421 2.3588 3.2662, 9.7421 2.1405 3.6746, 9.7421 1.9636 3.8901, 9.7421 1.8467 4.0325, 9.7421 0.3347 1.4043, 9.7421 0.3347 1.224, 9.7421 0.3289 1.4074, 9.7421 0.3233 1.2187, 9.7421 0.3233 1.4093, 9.7421 0.3014 1.417, 9.7421 0.2806 1.2067, 9.7421 0.3104 1.2128, 9.7421 0.1711 1.3078, 9.7421 0.171 1.3103, 9.7421 0.2718 1.4202, 9.7421 0.2624 1.4198, 9.7421 0.239 1.4155, 9.7421 0.1945 1.3854, 9.7421 0.1824 1.3661, 9.7421 0.1742 1.3418, 9.7421 0.1753 1.275, 9.7421 0.1837 1.2533, 9.7421 0.1972 1.2342, 9.7421 0.2204 1.2164, 9.7421 0.2395 1.2092, 9.7421 0.2658 1.2061, 9.7421 0.2179 1.406, 9.7421 0.1991 1.3906, 9.7421 0.2028 1.2287, 9.7421 0.2984 1.449, 9.7421 0.3095 1.448, 9.7421 0.3233 1.449, 9.7421 0.3233 1.4438, 9.7421 0.3347 1.4404, 9.7421 0.2528 1.449, 9.7421 0.2715 1.4513, 9.7421 0.2752 1.4513, 9.7421 0.2145 1.1825, 9.7421 0.1895 1.1947, 9.7421 0.1308 1.1776, 9.7421 0.1308 1.449, 9.7421 0.2332 1.4467, 9.7421 0.2053 1.4359, 9.7421 0.1424 1.3604, 9.7421 0.1558 1.3896, 9.7421 0.1691 1.2118, 9.7421 0.1666 1.2145, 9.7421 0.1508 1.2374, 9.7421 0.1734 1.412, 9.7421 0.1794 1.4178, 9.7421 0.14 1.2654, 9.7421 0.1349 1.3083, 9.7421 0.1357 1.3264, 9.7421 0.237 1.1776, 9.7421 0.1308 1.0994, 9.7421 0.2432 1.1763, 9.7421 0.2608 1.1754, 9.7421 0.3233 1.0994, 9.7421 0.2844 1.1776, 9.7421 0.3347 1.1909, 9.7421 0.3302 1.1887, 9.7421 0.3233 1.1776, 9.7421 0.3233 1.1864, 9.7421 0.3015 1.1793, 9.7421 0.1308 0.7542, 9.7421 0.1774 0.9337, 9.7421 0.1774 0.9012, 9.7421 0.3119 0.8791, 9.7421 0.3119 0.7565, 9.7421 0.3233 0.7542, 9.7421 0.2785 0.7565, 9.7421 0.1644 0.781, 9.7421 0.1604 0.7923, 9.7421 0.2512 0.9231, 9.7421 0.2399 0.9243, 9.7421 0.222 0.8697, 9.7421 0.1864 0.7591, 9.7421 0.1751 0.767, 9.7421 0.1714 0.7708, 9.7421 0.1714 0.8464, 9.7421 0.1813 0.8554, 9.7421 0.195 0.8628, 9.7421 0.1999 0.9155, 9.7421 0.2208 0.9224, 9.7421 0.1588 0.8075, 9.7421 0.1604 0.8234, 9.7421 0.1645 0.8356, 9.7421 0.2785 0.7859, 9.7421 0.2776 0.7859, 9.7421 0.2724 0.778, 9.7421 0.2618 0.7666, 9.7421 0.2648 0.9493, 9.7421 0.2785 0.9448, 9.7421 0.2893 0.9383, 9.7421 0.2785 0.8776, 9.7421 0.2773 0.8924, 9.7421 0.2739 0.9043, 9.7421 0.2699 0.9112, 9.7421 0.2963 0.9316, 9.7421 0.3033 0.9212, 9.7421 0.3088 0.9067, 9.7421 0.1876 0.9394, 9.7421 0.2131 0.9483, 9.7421 0.243 0.9515, 9.7421 0.2649 0.9166, 9.7421 0.259 0.9204, 9.7421 0.2374 0.7542, 9.7421 0.2364 0.7539, 9.7421 0.3233 0.6485, 9.7421 0.1308 0.6485, 9.7421 0.2192 0.752, 9.7421 0.1998 0.7542, 9.7421 0.1992 0.7543, 9.7421 0.5569 0.8109, 9.7421 0.5034 0.9471, 9.7421 0.5408 0.9471, 9.7421 0.577 0.7542, 9.7421 0.5781 0.7569, 9.7421 0.5569 0.7102, 9.7421 0.5569 0.7102, 9.7421 0.5569 0.7542, 9.7421 0.5635 0.7222, 9.7421 0.5103 0.6992, 9.7421 0.5103 0.6694, 9.7421 0.5171 0.6969, 9.7421 0.5292 0.6953, 9.7421 0.5372 0.6962, 9.7421 0.5569 0.6726, 9.7421 0.5453 0.6682, 9.7421 0.5569 0.6485, 9.7421 0.5318 0.6667, 9.7421 0.5244 0.6669, 9.7421 0.5446 0.699, 9.7421 0.5507 0.7032, 9.7421 0.5998 0.7277, 9.7421 0.5847 0.6982, 9.7421 0.8068 0.6485, 9.7421 0.6103 0.7542, 9.7421 0.5725 0.6835, 9.7421 0.5702 0.6814, 9.7421 0.5585 0.6733, 9.7421 1.141 0.6485, 9.7421 1.0681 0.0, 9.7421 1.0681 0.6485, 9.7421 0.8911 0.0, 9.7421 0.8911 0.6485, 9.7421 0.8068 0.0, 9.7421 0.5569 0.0, 9.7421 0.4947 0.0, 9.7421 0.346 0.0, 9.7421 0.3233 0.0, 9.7421 0.1308 0.0, 9.7421 0.25 0.7588, 9.7421 2.5386 0.7542, 9.7421 -0.0168 1.0234, 9.7421 -0.0168 0.7565, 9.7421 0.1207 1.0234, 9.7421 0.1207 0.9927, 9.7421 0.1268 0.7869, 9.7421 0.1268 0.7565, 9.7421 0.0177 0.8767, 9.7421 0.0177 0.7869, 9.7421 0.1131 0.8767, 9.7421 0.1131 0.9072, 9.7421 0.0177 0.9072, 9.7421 0.0177 0.9927, 9.7421 1.3233 0.8295, 9.7421 1.2122 0.8295, 9.7421 1.3505 0.7565, 9.7421 1.1865 0.7565, 9.7421 1.1484 0.7565, 9.7421 2.5386 1.0994, 9.7421 1.9636 1.0994, 9.7421 1.2501 1.0234, 9.7421 2.5386 1.1776, 9.7421 1.9636 1.1776, 9.7421 1.141 1.1776, 9.7421 0.124 1.2103, 9.7421 0.124 1.1799, 9.7421 -0.0168 1.1799, 9.7421 -0.0168 1.4468, 9.7421 0.0177 1.4468, 9.7421 0.7035 1.4411, 9.7421 0.7351 1.4284, 9.7421 0.7912 1.2659, 9.7421 0.7775 1.2386, 9.7421 0.7591 1.2173, 9.7421 0.7309 1.1971, 9.7421 0.6582 1.4468, 9.7421 0.6632 1.4467, 9.7421 0.7003 1.1853, 9.7421 0.6555 1.1799, 9.7421 0.5821 1.1799, 9.7421 0.5821 1.4468, 9.7421 0.7591 1.4114, 9.7421 0.7716 1.3988, 9.7421 0.7873 1.3745, 9.7421 0.7962 1.348, 9.7421 0.7994 1.3167, 9.7421 0.7983 1.2966, 9.7421 2.5386 1.449, 9.7421 1.9636 1.449, 9.7421 1.141 1.449, 9.7421 1.0681 1.449, 9.7421 0.9159 1.4468, 9.7421 0.0177 1.2103, -8.8012 -0.1583 0.0, -9.7461 -2.5402 0.0, -9.7461 2.5386 0.0, 8.7972 0.1567 0.0, 9.1122 0.1567 0.0, 9.1122 -0.1583 0.0, 8.7972 -0.1583 0.0, -8.8012 0.1567 0.0, -9.1161 0.1567 0.0, -9.1161 -0.1583 0.0, 3.607 0.5157 0.3937, 4.4474 0.5157 0.3937, 3.607 1.1021 0.3937, 9.1909 2.1449 0.3937, -3.6109 1.1021 0.3937, -9.1949 2.1449 0.3937, -3.6109 -1.1036 0.3937, -9.1949 -2.1465 0.3937, 3.607 -1.1036 0.3937, 9.1909 -2.1465 0.3937, 8.7972 -0.1583 0.3937, 3.607 -0.5173 0.3937, 4.4474 -0.5173 0.3937, 8.7972 0.1567 0.3937, 9.1122 0.1567 0.3937, 9.1122 -0.1583 0.3937, -9.1949 2.1449 2.3622, -9.1949 2.5386 2.3622, -9.1949 2.4932 2.8231, -9.1949 0.0029 4.5275, -9.1949 -2.3603 3.2662, -9.1949 -2.1465 2.3622, -9.1949 -2.4948 2.8231, -9.1949 -2.5402 2.3622, -9.1949 1.7596 3.1178, -9.1949 1.7715 3.0504, -9.1949 2.3588 3.2662, -9.1949 -1.8483 4.0325, -9.1949 -0.6388 4.679, -9.1949 -1.4903 4.3263, -9.1949 -1.0819 4.5446, -9.1949 1.7281 2.5553, -9.1949 1.7267 2.5544, -9.1949 1.7224 2.5525, -9.1949 1.7208 2.5521, -9.1949 1.7189 2.552, -9.1949 1.7407 3.1894, -9.1949 1.7057 2.5575, -9.1949 1.7004 2.5632, -9.1949 1.689 2.5824, -9.1949 1.6801 2.6051, -9.1949 1.7525 2.5929, -9.1949 1.7568 2.6096, -9.1949 1.7758 2.6826, -9.1949 1.7498 2.5866, -9.1949 1.7362 2.563, -9.1949 1.7348 2.5614, -9.1949 -2.1421 3.6746, -9.1949 -0.178 4.7244, -9.1949 0.1764 4.7244, -9.1949 0.1028 4.523, -9.1949 1.787 2.8693, -9.1949 1.7833 2.774, -9.1949 1.7813 2.722, -9.1949 1.7794 2.7085, -9.1949 1.7159 2.5521, -9.1949 1.7123 2.5531, -9.1949 1.7103 2.5541, -9.1949 1.7729 3.036, -9.1949 1.7734 3.0302, -9.1949 1.7874 2.88, -9.1949 1.2089 3.5708, -9.1949 1.2046 3.5758, -9.1949 1.6434 3.4733, -9.1949 2.1405 3.6746, -9.1949 1.6297 3.4995, -9.1949 1.8467 4.0325, -9.1949 1.5624 3.6287, -9.1949 1.6765 3.3888, -9.1949 1.693 3.3466, -9.1949 1.712 3.298, -9.1949 1.7183 2.552, -9.1949 1.7173 2.5519, -9.1949 1.7161 2.5521, -9.1949 0.1826 4.1197, -9.1949 0.1317 4.1235, -9.1949 -0.0012 4.1336, -9.1949 -0.0045 4.1339, -9.1949 0.5066 4.4485, -9.1949 0.5168 4.446, -9.1949 0.6372 4.679, -9.1949 0.5883 4.42, -9.1949 0.6666 4.3915, -9.1949 0.7056 4.3773, -9.1949 1.0804 4.5446, -9.1949 0.8211 4.3203, -9.1949 0.8882 4.2873, -9.1949 1.2971 3.4661, -9.1949 1.1814 3.6033, -9.1949 1.0442 3.7344, -9.1949 1.0045 3.7645, -9.1949 0.1728 4.5137, -9.1949 0.3226 4.494, -9.1949 0.3413 4.4894, -9.1949 1.1066 4.14, -9.1949 1.2107 4.0569, -9.1949 1.4887 4.3263, -9.1949 1.353 3.9127, -9.1949 1.4545 3.7912, -9.1949 1.4593 3.7839, -9.1949 1.4608 3.7817, -9.1949 1.5514 3.6452, -9.1949 0.5657 4.021, -9.1949 0.5297 4.0328, -9.1949 0.472 4.0515, -9.1949 0.3999 4.075, -9.1949 1.2356 4.0325, -9.1949 1.33 3.9402, -9.1949 1.6728 2.6237, -9.1949 1.6393 2.7369, -9.1949 1.6345 2.7521, -9.1949 1.607 2.8394, -9.1949 1.5682 2.9622, -9.1949 1.5617 2.9779, -9.1949 0.7782 3.918, -9.1949 0.736 3.9433, -9.1949 0.656 3.9798, -9.1949 0.3863 4.0794, -9.1949 0.2663 4.1031, -9.1949 0.9684 4.2362, -9.1949 1.0551 4.1811, -9.1949 1.0925 4.1512, -9.1949 0.8923 3.8498, -9.1949 0.8888 3.8519, -9.1949 1.5083 3.1082, -9.1949 1.5019 3.1238, -9.1949 1.4278 3.2644, -9.1949 1.4084 3.3014, -9.1949 1.3722 3.3549, -7.6201 -1.7528 3.5433, -3.939 -1.7528 3.5433, -7.6201 -1.9681 3.181, -3.939 -1.9681 3.181, -7.6201 -2.1013 2.7812, -3.939 -2.1013 2.7812, -7.6201 -2.1465 2.3622, -3.939 -2.1465 2.3622, -7.6201 2.1449 2.3622, -3.939 2.1449 2.3622, -7.6201 2.0998 2.7812, -3.939 2.0998 2.7812, -7.6201 1.9665 3.181, -3.939 1.9665 3.181, -7.6201 1.7512 3.5433, -3.939 1.7512 3.5433, -3.939 -2.2237 3.5433, -7.6201 -2.2237 3.5433, -3.939 2.2221 3.5433, -7.6201 2.2221 3.5433, -9.7461 0.1764 4.7244, -9.7461 0.6372 4.679, -9.7461 1.0804 4.5446, -9.7461 1.4887 4.3263, -9.7461 1.8467 4.0325, -9.7461 2.1405 3.6746, -9.7461 2.3588 3.2662, -9.7461 2.4932 2.8231, -9.7461 2.5386 2.3622, -3.939 2.3961 3.1701, -7.6201 2.3961 3.1701, -3.939 2.5027 2.7724, -7.6201 2.5027 2.7724, -3.939 2.5386 2.3622, -7.6201 2.5386 2.3622, 9.1909 0.1764 4.7244, 9.1909 0.6372 4.679, 9.1909 1.0804 4.5446, 9.1909 1.4887 4.3263, 9.1909 1.8467 4.0325, 9.1909 2.1405 3.6746, 9.1909 2.3588 3.2662, 9.1909 2.4932 2.8231, 9.1909 2.5386 2.3622, -9.7461 -0.178 4.7244, -9.7461 -0.6388 4.679, -9.7461 -1.0819 4.5446, -9.7461 -1.4903 4.3263, -9.7461 -1.8483 4.0325, -9.7461 -2.1421 3.6746, -9.7461 -2.3603 3.2662, -9.7461 -2.4948 2.8231, -9.7461 -2.5402 2.3622, -7.6201 -2.3977 3.1701, -3.939 -2.3977 3.1701, -7.6201 -2.5043 2.7724, -3.939 -2.5043 2.7724, -7.6201 -2.5402 2.3622, -3.939 -2.5402 2.3622, 9.1909 -0.178 4.7244, 9.1909 -0.6388 4.679, 9.1909 -1.0819 4.5446, 9.1909 -1.4903 4.3263, 9.1909 -1.8483 4.0325, 9.1909 -2.1421 3.6746, 9.1909 -2.3603 3.2662, 9.1909 -2.4948 2.8231, 9.1909 -2.5402 2.3622, 3.935 -1.7528 3.5433, 7.6161 -1.7528 3.5433, 3.935 -1.9681 3.181, 7.6161 -1.9681 3.181, 3.935 -2.1013 2.7812, 7.6161 -2.1013 2.7812, 3.935 -2.1465 2.3622, 7.6161 -2.1465 2.3622, 3.935 2.1449 2.3622, 7.6161 2.1449 2.3622, 3.935 2.0998 2.7812, 7.6161 2.0998 2.7812, 3.935 1.9665 3.181, 7.6161 1.9665 3.181, 3.935 1.7512 3.5433, 7.6161 1.7512 3.5433, 9.1909 2.1449 2.3622, 9.1909 -2.1465 2.3622, 7.6161 -2.2237 3.5433, 3.935 -2.2237 3.5433, 7.6161 2.2221 3.5433, 3.935 2.2221 3.5433, 3.935 2.5386 2.3622, 7.6161 2.5386 2.3622, 7.6161 -2.5402 2.3622, 3.935 -2.5402 2.3622, 7.6161 2.3961 3.1701, 3.935 2.3961 3.1701, 7.6161 2.5027 2.7724, 3.935 2.5027 2.7724, 3.935 -2.3977 3.1701, 7.6161 -2.3977 3.1701, 3.935 -2.5043 2.7724, 7.6161 -2.5043 2.7724
            ]
        }
        coordIndex [
            0,1,2,-1,3,4,5,-1,6,3,7,-1,8,9,10,-1,11,12,13,-1,14,15,16,-1,17,18,19,-1,20,21,22,-1,23,24,25,-1,26,27,28,-1,28,27,29,-1,28,30,31,-1,31,32,28,-1,28,32,33,-1,28,33,26,-1,34,35,28,-1,28,35,36,-1,28,36,30,-1,37,38,39,-1,39,38,40,-1,39,40,34,-1,34,40,41,-1,34,41,35,-1,37,39,42,-1,42,39,43,-1,42,43,44,-1,45,46,43,-1,43,46,47,-1,43,47,48,-1,43,49,44,-1,44,49,50,-1,44,50,51,-1,51,50,52,-1,51,52,53,-1,48,54,43,-1,43,54,55,-1,43,55,49,-1,56,57,58,-1,56,58,59,-1,57,60,58,-1,58,60,61,-1,58,61,62,-1,62,61,63,-1,63,64,62,-1,62,64,65,-1,62,65,45,-1,45,65,66,-1,45,66,46,-1,67,59,68,-1,68,59,58,-1,68,58,69,-1,69,58,70,-1,69,70,71,-1,71,70,72,-1,73,74,75,-1,76,77,70,-1,70,77,78,-1,70,78,72,-1,75,79,73,-1,73,79,80,-1,73,80,76,-1,76,80,81,-1,76,81,77,-1,82,83,74,-1,74,83,84,-1,74,84,85,-1,85,86,74,-1,74,86,87,-1,74,87,75,-1,88,89,90,-1,91,92,93,-1,94,95,82,-1,96,97,98,-1,98,97,99,-1,91,93,100,-1,94,82,101,-1,102,103,97,-1,97,103,104,-1,97,104,105,-1,90,89,82,-1,82,89,106,-1,82,106,101,-1,92,107,93,-1,93,107,108,-1,93,108,109,-1,110,111,112,-1,112,111,113,-1,112,113,114,-1,115,105,116,-1,116,105,117,-1,116,117,112,-1,112,117,118,-1,112,118,110,-1,115,119,105,-1,105,119,120,-1,105,120,97,-1,97,120,121,-1,97,121,99,-1,122,123,124,-1,124,123,125,-1,124,125,93,-1,93,125,126,-1,93,126,100,-1,127,128,93,-1,93,128,129,-1,93,129,97,-1,97,129,130,-1,97,130,102,-1,131,132,83,-1,83,132,133,-1,83,133,134,-1,134,135,83,-1,83,135,136,-1,83,136,137,-1,137,136,122,-1,137,122,138,-1,138,122,124,-1,95,139,82,-1,82,139,140,-1,82,140,83,-1,83,140,141,-1,83,141,131,-1,109,142,93,-1,93,142,143,-1,93,143,144,-1,144,145,93,-1,93,145,146,-1,93,146,127,-1,147,148,149,-1,149,105,147,-1,147,105,104,-1,147,104,150,-1,150,104,151,-1,151,152,150,-1,150,152,153,-1,150,153,154,-1,155,156,157,-1,156,158,157,-1,157,158,159,-1,157,159,160,-1,161,157,162,-1,148,147,161,-1,161,147,163,-1,161,163,157,-1,157,163,164,-1,157,164,155,-1,162,165,161,-1,161,165,166,-1,161,166,167,-1,160,159,168,-1,168,159,169,-1,168,169,170,-1,170,169,171,-1,170,171,172,-1,173,174,167,-1,167,174,175,-1,167,175,161,-1,27,176,29,-1,29,176,177,-1,29,177,90,-1,90,177,178,-1,90,178,88,-1,179,180,181,-1,181,180,182,-1,181,182,183,-1,183,182,184,-1,183,184,185,-1,185,184,186,-1,185,186,187,-1,187,186,188,-1,187,188,189,-1,190,191,192,-1,190,192,193,-1,189,194,187,-1,187,194,195,-1,187,195,192,-1,192,195,196,-1,192,196,193,-1,197,198,199,-1,199,198,200,-1,199,200,181,-1,181,200,201,-1,181,201,179,-1,191,202,192,-1,192,202,203,-1,192,203,199,-1,199,203,204,-1,199,204,197,-1,205,185,206,-1,206,185,207,-1,206,207,208,-1,209,210,211,-1,211,210,212,-1,211,212,213,-1,213,212,214,-1,213,214,215,-1,215,214,216,-1,215,216,217,-1,217,216,218,-1,217,218,219,-1,219,218,220,-1,205,216,185,-1,185,216,214,-1,185,214,183,-1,183,214,221,-1,183,221,222,-1,222,221,223,-1,222,223,224,-1,225,226,227,-1,228,229,230,-1,230,229,231,-1,230,231,232,-1,232,231,225,-1,232,225,233,-1,233,225,227,-1,234,235,236,-1,237,238,239,-1,239,238,240,-1,241,234,242,-1,236,243,244,-1,245,246,235,-1,235,246,247,-1,235,247,236,-1,236,247,248,-1,236,248,243,-1,249,250,251,-1,250,252,251,-1,251,252,253,-1,251,253,254,-1,254,253,255,-1,255,256,254,-1,254,256,257,-1,254,257,258,-1,258,259,254,-1,254,259,260,-1,254,260,242,-1,242,260,261,-1,242,261,241,-1,244,262,236,-1,236,262,263,-1,236,263,264,-1,265,266,267,-1,267,266,268,-1,267,268,251,-1,251,268,269,-1,251,269,249,-1,270,271,272,-1,272,271,273,-1,272,273,274,-1,272,275,270,-1,270,275,276,-1,270,276,277,-1,265,278,266,-1,266,278,279,-1,266,279,280,-1,280,279,281,-1,280,282,283,-1,277,284,270,-1,270,284,285,-1,270,285,286,-1,286,285,287,-1,286,287,288,-1,288,287,289,-1,288,289,235,-1,235,289,290,-1,235,290,245,-1,281,291,280,-1,280,291,292,-1,280,292,293,-1,294,295,274,-1,274,295,296,-1,274,296,272,-1,293,297,280,-1,280,297,298,-1,280,298,282,-1,283,299,280,-1,280,299,300,-1,280,300,301,-1,302,303,304,-1,264,305,236,-1,236,305,302,-1,236,302,306,-1,306,302,304,-1,307,308,309,-1,309,308,23,-1,309,23,310,-1,310,23,25,-1,25,311,310,-1,310,311,312,-1,310,312,313,-1,313,312,314,-1,313,314,315,-1,315,314,316,-1,315,316,317,-1,318,319,320,-1,320,319,321,-1,322,323,324,-1,324,323,325,-1,324,325,326,-1,326,325,327,-1,326,327,328,-1,328,327,329,-1,328,329,330,-1,330,329,331,-1,330,331,332,-1,332,331,333,-1,334,335,336,-1,320,329,318,-1,318,329,327,-1,318,327,337,-1,337,327,338,-1,337,338,336,-1,336,338,339,-1,336,339,334,-1,321,319,340,-1,340,319,341,-1,340,341,334,-1,342,39,343,-1,343,39,34,-1,343,34,344,-1,344,34,345,-1,342,346,39,-1,39,346,347,-1,39,347,348,-1,348,347,349,-1,348,349,350,-1,350,349,351,-1,350,351,352,-1,352,351,353,-1,17,19,354,-1,354,19,355,-1,354,355,356,-1,356,355,357,-1,357,355,358,-1,357,358,359,-1,359,358,360,-1,360,358,361,-1,360,361,362,-1,362,361,363,-1,362,363,364,-1,364,363,365,-1,365,363,366,-1,365,366,367,-1,367,366,368,-1,368,366,10,-1,368,10,369,-1,369,10,9,-1,369,9,15,-1,15,9,370,-1,15,370,16,-1,12,11,16,-1,16,11,371,-1,16,371,14,-1,372,373,13,-1,13,373,374,-1,13,374,11,-1,13,375,372,-1,372,375,376,-1,372,376,377,-1,377,376,378,-1,376,379,378,-1,378,379,380,-1,378,380,381,-1,381,380,382,-1,381,382,383,-1,383,382,384,-1,384,382,385,-1,384,385,386,-1,386,385,387,-1,386,387,388,-1,388,387,389,-1,388,389,390,-1,390,389,391,-1,390,391,392,-1,392,391,393,-1,392,393,394,-1,394,393,395,-1,394,395,396,-1,396,395,397,-1,396,397,398,-1,398,397,399,-1,398,399,353,-1,353,399,400,-1,353,400,352,-1,401,402,403,-1,403,402,404,-1,403,404,405,-1,405,406,403,-1,403,406,407,-1,403,407,10,-1,10,407,408,-1,10,408,8,-1,334,341,335,-1,335,341,409,-1,335,409,410,-1,410,409,411,-1,410,411,412,-1,412,411,413,-1,412,413,414,-1,415,416,417,-1,417,416,412,-1,417,412,418,-1,414,419,412,-1,412,419,420,-1,412,420,421,-1,422,423,412,-1,412,423,424,-1,412,424,418,-1,425,426,427,-1,428,429,417,-1,417,429,430,-1,417,430,415,-1,421,431,412,-1,412,431,432,-1,412,432,422,-1,425,427,417,-1,417,427,433,-1,417,433,428,-1,434,435,436,-1,436,435,437,-1,436,437,341,-1,341,437,438,-1,341,438,409,-1,439,440,18,-1,18,440,441,-1,442,443,444,-1,17,20,18,-1,18,20,22,-1,18,22,439,-1,439,22,445,-1,439,445,446,-1,446,445,447,-1,448,449,445,-1,443,450,444,-1,444,450,451,-1,444,451,452,-1,449,453,445,-1,445,453,454,-1,445,454,447,-1,452,455,444,-1,444,455,456,-1,444,456,445,-1,445,456,457,-1,445,457,448,-1,442,444,458,-1,458,444,459,-1,458,459,460,-1,460,459,461,-1,461,459,462,-1,461,462,463,-1,410,464,335,-1,335,464,465,-1,335,465,466,-1,466,465,467,-1,466,467,468,-1,459,469,470,-1,470,469,471,-1,472,473,474,-1,474,473,475,-1,469,476,477,-1,478,479,480,-1,481,482,469,-1,469,482,483,-1,469,483,476,-1,484,485,471,-1,471,485,486,-1,471,486,487,-1,487,486,480,-1,487,480,488,-1,488,480,479,-1,477,489,469,-1,469,489,490,-1,469,490,471,-1,471,490,491,-1,471,491,484,-1,492,493,475,-1,475,493,494,-1,475,494,495,-1,496,497,462,-1,462,497,498,-1,499,500,480,-1,480,500,501,-1,480,501,502,-1,498,503,462,-1,462,503,504,-1,462,504,505,-1,470,506,459,-1,459,506,507,-1,459,507,462,-1,462,507,508,-1,462,508,496,-1,502,509,480,-1,480,509,510,-1,480,510,478,-1,511,512,513,-1,513,512,514,-1,512,515,514,-1,514,515,516,-1,514,516,469,-1,469,516,517,-1,469,517,481,-1,518,519,236,-1,234,236,242,-1,242,236,519,-1,242,519,229,-1,229,519,520,-1,229,520,231,-1,521,522,518,-1,523,524,525,-1,525,524,526,-1,525,526,521,-1,521,518,525,-1,525,518,236,-1,525,236,527,-1,527,236,306,-1,527,306,528,-1,527,529,525,-1,525,529,530,-1,525,530,531,-1,532,533,534,-1,534,533,535,-1,534,535,306,-1,306,535,536,-1,306,536,528,-1,531,537,525,-1,525,537,538,-1,525,538,523,-1,539,540,541,-1,539,541,542,-1,540,543,541,-1,541,543,544,-1,541,544,534,-1,534,544,545,-1,534,545,532,-1,6,546,547,-1,547,546,548,-1,547,548,549,-1,549,548,550,-1,549,550,551,-1,551,550,541,-1,551,541,552,-1,552,541,534,-1,552,534,553,-1,553,534,306,-1,553,306,554,-1,554,306,304,-1,554,304,555,-1,555,304,513,-1,555,513,556,-1,556,513,514,-1,303,240,304,-1,304,240,238,-1,304,238,513,-1,513,238,474,-1,513,474,511,-1,511,474,475,-1,511,475,557,-1,557,475,495,-1,546,199,548,-1,548,199,181,-1,548,181,550,-1,550,181,183,-1,550,183,541,-1,541,183,222,-1,541,222,542,-1,542,222,224,-1,542,224,228,-1,228,224,208,-1,228,208,229,-1,229,208,207,-1,3,5,7,-1,7,5,558,-1,7,558,2,-1,559,90,560,-1,560,90,82,-1,560,82,469,-1,469,82,74,-1,469,74,514,-1,514,74,73,-1,514,73,556,-1,559,561,459,-1,561,562,459,-1,459,562,563,-1,459,563,469,-1,469,563,564,-1,469,564,560,-1,565,566,567,-1,567,566,563,-1,567,563,568,-1,568,563,562,-1,568,562,569,-1,569,562,570,-1,237,251,238,-1,238,251,254,-1,238,254,474,-1,474,254,462,-1,474,462,472,-1,472,462,505,-1,571,572,573,-1,573,572,574,-1,573,574,199,-1,199,574,575,-1,199,575,192,-1,6,7,546,-1,546,7,2,-1,546,2,199,-1,199,2,1,-1,199,1,573,-1,558,576,2,-1,2,576,577,-1,2,577,0,-1,0,577,192,-1,0,192,578,-1,578,192,575,-1,576,579,577,-1,577,579,580,-1,577,580,192,-1,192,580,581,-1,192,581,187,-1,187,581,309,-1,187,309,185,-1,185,309,310,-1,185,310,207,-1,207,310,313,-1,207,313,229,-1,229,313,337,-1,229,337,242,-1,242,337,336,-1,242,336,254,-1,254,336,335,-1,254,335,462,-1,462,335,466,-1,462,466,463,-1,463,466,468,-1,445,582,444,-1,444,582,583,-1,444,583,584,-1,559,459,90,-1,90,459,444,-1,90,444,29,-1,29,444,584,-1,29,584,28,-1,28,584,585,-1,28,585,586,-1,315,587,588,-1,589,590,313,-1,313,590,591,-1,313,591,592,-1,318,593,315,-1,315,593,594,-1,315,594,587,-1,592,595,313,-1,313,595,596,-1,313,596,337,-1,337,596,597,-1,337,597,318,-1,318,597,598,-1,318,598,593,-1,588,599,315,-1,315,599,600,-1,315,600,601,-1,601,602,315,-1,315,602,603,-1,315,603,313,-1,313,603,604,-1,313,604,589,-1,579,605,580,-1,580,605,606,-1,580,606,581,-1,581,606,607,-1,581,607,309,-1,309,607,608,-1,309,608,307,-1,307,608,317,-1,307,317,609,-1,609,317,316,-1,610,582,586,-1,586,582,445,-1,586,445,28,-1,28,445,22,-1,28,22,34,-1,34,22,21,-1,34,21,345,-1,605,401,606,-1,606,401,403,-1,606,403,607,-1,607,403,10,-1,607,10,608,-1,608,10,366,-1,608,366,317,-1,317,366,363,-1,317,363,315,-1,315,363,361,-1,315,361,318,-1,318,361,358,-1,318,358,319,-1,319,358,355,-1,319,355,341,-1,341,355,19,-1,341,19,436,-1,436,19,18,-1,436,18,434,-1,434,18,441,-1,611,76,612,-1,613,4,614,-1,614,4,615,-1,615,4,616,-1,616,4,76,-1,616,76,617,-1,617,76,611,-1,617,611,614,-1,614,611,618,-1,614,618,613,-1,613,618,619,-1,613,619,612,-1,612,619,620,-1,612,620,611,-1,621,622,623,-1,623,622,624,-1,623,624,625,-1,625,624,626,-1,625,626,627,-1,627,626,628,-1,627,628,629,-1,629,628,630,-1,629,630,631,-1,632,629,633,-1,633,629,631,-1,633,631,622,-1,622,631,634,-1,622,634,624,-1,624,634,635,-1,624,635,630,-1,630,635,636,-1,630,636,631,-1,637,638,639,-1,640,641,642,-1,642,641,643,-1,642,643,644,-1,645,646,647,-1,648,649,650,-1,650,649,651,-1,626,652,653,-1,653,654,626,-1,626,654,655,-1,626,655,656,-1,645,647,657,-1,658,659,628,-1,628,659,660,-1,628,660,661,-1,662,637,663,-1,663,637,664,-1,662,665,637,-1,637,665,666,-1,637,666,626,-1,626,666,667,-1,626,667,652,-1,648,668,649,-1,649,668,641,-1,649,641,669,-1,669,641,640,-1,669,640,670,-1,670,640,671,-1,672,673,639,-1,639,673,674,-1,639,674,637,-1,637,674,675,-1,637,675,664,-1,676,677,628,-1,628,677,678,-1,628,678,658,-1,646,679,647,-1,647,679,680,-1,647,680,639,-1,639,680,681,-1,639,681,672,-1,682,683,628,-1,684,685,686,-1,686,685,687,-1,686,687,688,-1,684,689,685,-1,685,689,690,-1,685,690,647,-1,647,690,691,-1,647,691,657,-1,656,692,626,-1,626,692,693,-1,626,693,628,-1,628,693,694,-1,628,694,676,-1,695,696,628,-1,628,696,697,-1,628,697,642,-1,642,697,698,-1,642,698,640,-1,699,700,701,-1,701,700,702,-1,702,703,701,-1,701,703,704,-1,701,704,705,-1,705,704,706,-1,705,706,707,-1,682,628,708,-1,683,709,628,-1,628,709,710,-1,628,710,711,-1,671,712,670,-1,670,712,713,-1,670,713,701,-1,701,713,714,-1,701,714,699,-1,715,716,717,-1,717,718,687,-1,687,718,719,-1,687,719,720,-1,720,721,687,-1,687,721,722,-1,687,722,688,-1,723,724,628,-1,628,724,725,-1,628,725,726,-1,716,727,717,-1,717,727,728,-1,717,728,718,-1,661,729,628,-1,628,729,730,-1,628,730,731,-1,731,732,628,-1,628,732,733,-1,628,733,734,-1,735,736,628,-1,628,736,737,-1,628,737,723,-1,726,738,628,-1,628,738,739,-1,628,739,695,-1,707,740,705,-1,705,740,741,-1,705,741,717,-1,717,741,742,-1,717,742,715,-1,711,743,628,-1,628,743,744,-1,628,744,735,-1,734,745,628,-1,628,745,746,-1,628,746,747,-1,747,748,628,-1,628,748,749,-1,628,749,708,-1,750,751,752,-1,752,751,753,-1,752,753,754,-1,754,753,755,-1,754,755,756,-1,756,755,757,-1,758,759,760,-1,760,759,761,-1,760,761,762,-1,762,761,763,-1,762,763,764,-1,764,763,765,-1,766,751,767,-1,767,751,750,-1,765,768,764,-1,764,768,769,-1,770,670,701,-1,770,701,771,-1,771,701,705,-1,771,705,772,-1,772,705,717,-1,772,717,773,-1,773,717,687,-1,773,687,774,-1,774,687,685,-1,774,685,775,-1,775,685,647,-1,775,647,776,-1,776,647,639,-1,776,639,777,-1,777,639,638,-1,777,638,778,-1,769,768,779,-1,769,779,780,-1,780,779,781,-1,780,781,782,-1,782,781,783,-1,782,783,784,-1,785,385,375,-1,785,375,786,-1,786,375,370,-1,786,370,787,-1,787,370,8,-1,787,8,788,-1,788,8,408,-1,788,408,789,-1,789,408,406,-1,789,406,790,-1,790,406,405,-1,790,405,791,-1,791,405,404,-1,791,404,792,-1,792,404,402,-1,792,402,793,-1,669,794,795,-1,669,795,649,-1,649,795,796,-1,649,796,651,-1,651,796,797,-1,651,797,650,-1,650,797,798,-1,650,798,648,-1,648,798,799,-1,648,799,668,-1,668,799,800,-1,668,800,641,-1,641,800,801,-1,641,801,643,-1,643,801,802,-1,643,802,644,-1,766,767,803,-1,766,803,804,-1,804,803,805,-1,804,805,806,-1,806,805,807,-1,806,807,808,-1,391,809,810,-1,391,810,393,-1,393,810,811,-1,393,811,395,-1,395,811,812,-1,395,812,397,-1,397,812,813,-1,397,813,399,-1,399,813,814,-1,399,814,400,-1,400,814,815,-1,400,815,352,-1,352,815,816,-1,352,816,350,-1,350,816,817,-1,350,817,348,-1,818,819,820,-1,820,819,821,-1,820,821,822,-1,822,821,823,-1,822,823,824,-1,824,823,825,-1,826,827,828,-1,828,827,829,-1,828,829,830,-1,830,829,831,-1,830,831,832,-1,832,831,833,-1,758,637,626,-1,834,827,624,-1,624,827,826,-1,624,826,626,-1,626,826,759,-1,626,759,758,-1,825,835,630,-1,642,756,628,-1,628,756,757,-1,628,757,630,-1,630,757,824,-1,630,824,825,-1,809,785,835,-1,787,834,786,-1,786,834,785,-1,835,785,630,-1,630,785,834,-1,630,834,624,-1,815,835,816,-1,816,835,817,-1,787,788,834,-1,834,788,789,-1,834,789,790,-1,790,791,834,-1,834,791,792,-1,834,792,793,-1,815,814,835,-1,835,814,813,-1,835,813,812,-1,812,811,835,-1,835,811,810,-1,835,810,809,-1,836,819,837,-1,837,819,818,-1,833,838,832,-1,832,838,839,-1,391,385,809,-1,809,385,785,-1,613,778,638,-1,638,784,613,-1,613,784,783,-1,613,783,4,-1,4,783,840,-1,840,841,4,-1,4,841,793,-1,4,793,402,-1,771,772,612,-1,771,612,770,-1,770,612,802,-1,770,802,794,-1,794,802,801,-1,794,801,800,-1,612,775,776,-1,772,773,612,-1,612,773,774,-1,612,774,775,-1,776,777,612,-1,612,777,778,-1,612,778,613,-1,797,800,798,-1,798,800,799,-1,797,796,800,-1,800,796,795,-1,800,795,794,-1,644,802,612,-1,644,612,807,-1,76,348,817,-1,817,842,76,-1,76,842,843,-1,76,843,612,-1,612,843,808,-1,612,808,807,-1,770,794,670,-1,670,794,669,-1,839,838,844,-1,839,844,845,-1,845,844,846,-1,845,846,847,-1,847,846,841,-1,847,841,840,-1,836,837,848,-1,836,848,849,-1,849,848,850,-1,849,850,851,-1,851,850,843,-1,851,843,842,-1,817,835,842,-1,842,835,825,-1,819,836,821,-1,821,836,849,-1,821,849,823,-1,823,849,851,-1,823,851,825,-1,825,851,842,-1,843,824,808,-1,808,824,757,-1,824,843,822,-1,822,843,850,-1,822,850,820,-1,820,850,848,-1,820,848,818,-1,818,848,837,-1,751,766,753,-1,753,766,804,-1,753,804,755,-1,755,804,806,-1,755,806,757,-1,757,806,808,-1,807,756,644,-1,644,756,642,-1,756,807,754,-1,754,807,805,-1,754,805,752,-1,752,805,803,-1,752,803,750,-1,750,803,767,-1,841,827,793,-1,793,827,834,-1,827,841,829,-1,829,841,846,-1,829,846,831,-1,831,846,844,-1,831,844,833,-1,833,844,838,-1,759,783,761,-1,761,783,781,-1,761,781,763,-1,763,781,779,-1,763,779,765,-1,765,779,768,-1,832,839,830,-1,830,839,845,-1,830,845,828,-1,828,845,847,-1,828,847,826,-1,826,847,840,-1,783,759,840,-1,840,759,826,-1,764,769,762,-1,762,769,780,-1,762,780,760,-1,760,780,782,-1,760,782,758,-1,758,782,784,-1,638,637,784,-1,784,637,758,-1,
        ]
    }
}
Shape{
    appearance Appearance {
        material  Material 	{
            diffuseColor 0.7529411764705882 0.7529411764705882 0.7529411764705882
            specularColor 0.3764705882352941 0.3764705882352941 0.3764705882352941
            ambientIntensity 0.7529
            transparency 0.0
            shininess 0.5
        }
    }
    geometry IndexedFaceSet {
        ccw TRUE
        solid FALSE
        coord DEF co Coordinate {
            point [
                -9.1946 0.0029 4.5275, -9.1949 0.0029 4.5275, -9.1949 -0.0045 4.1339, -9.12 -0.0027 4.5113, -9.1036 -0.0039 4.5051, -9.0864 -0.0054 4.4932, -9.1479 -0.0005 4.5219, -9.1564 0.0001 4.5229, -9.1205 -0.0095 4.1501, -9.1036 -0.0105 4.1566, -9.0868 -0.0115 4.1682, -9.057 -0.0132 4.1922, -9.0333 -0.0143 4.2191, -9.1569 -0.0071 4.1386, -9.0141 -0.015 4.2557, -9.0113 -0.0151 4.2612, -9.0036 -0.015 4.2926, -9.0 -0.015 4.3073, -9.0 -0.0146 4.3307, -9.0 -0.0141 4.3547, -9.0034 -0.0136 4.3688, -9.0113 -0.0124 4.4008, -9.0333 -0.0101 4.4427, -9.0567 -0.0079 4.4692, -9.0647 -0.0072 4.4782, -9.0647 -0.0128 4.1836, -9.1479 -0.0077 4.1397, -6.2367 0.012 3.4485, -6.2416 0.0131 3.4868, -6.0453 -0.0008 3.4868, -6.2366 0.0135 3.525, -6.2349 0.0136 3.5377, -6.2155 0.0094 3.3884, -6.2252 0.0105 3.4121, -6.235 0.0117 3.4358, -6.1538 0.0038 3.3241, -6.1843 0.0064 3.3476, -6.2077 0.0086 3.3782, -6.0964 -0.0008 3.2967, -6.12 0.0011 3.3065, -6.1437 0.0029 3.3163, -6.0074 -0.0071 3.295, -6.0455 -0.0045 3.29, -6.0837 -0.0017 3.295, -5.9473 -0.0109 3.3163, -5.971 -0.0095 3.3065, -5.9947 -0.008 3.2967, -5.8832 -0.0143 3.3782, -5.9066 -0.0132 3.3476, -5.9372 -0.0115 3.3241, -5.8557 -0.0152 3.4358, -5.8655 -0.0149 3.4121, -5.8754 -0.0147 3.3884, -5.8539 -0.0136 3.525, -5.8489 -0.0147 3.4868, -5.854 -0.015 3.4485, -5.8751 -0.011 3.5852, -5.8653 -0.0121 3.5615, -5.8555 -0.0132 3.5377, -5.9367 -0.0054 3.6494, -5.9062 -0.008 3.6259, -5.8829 -0.0102 3.5954, -5.9942 -0.0008 3.6769, -5.9705 -0.0027 3.6671, -5.9469 -0.0045 3.6572, -6.0832 0.0055 3.6786, -6.045 0.0029 3.6836, -6.0069 0.0001 3.6786, -6.1432 0.0094 3.6572, -6.1195 0.0079 3.6671, -6.0958 0.0064 3.6769, -6.2074 0.0127 3.5954, -6.1839 0.0117 3.6259, -6.1534 0.0099 3.6494, -6.225 0.0133 3.5615, -6.2152 0.0131 3.5852, -8.9919 0.2757 4.2268, -9.0644 0.264 4.1392, -8.8389 1.625 3.0185, -8.828 1.656 2.8743, -8.8242 1.6938 2.8807, -8.817 1.6744 2.7276, -8.806 1.6798 2.5801, -8.8022 1.7182 2.5798, -8.4356 -1.5792 2.1908, -8.4469 -1.5425 2.0492, -8.4508 -1.5058 2.0605, -8.6161 -1.0116 3.5616, -8.6125 -0.9811 3.5901, -8.5785 -0.9705 3.5751, -8.2533 -0.4767 4.0159, -8.2418 -0.3405 4.0503, -8.238 -0.3482 4.0879, -8.5552 -0.4208 3.9022, -8.5437 -0.2953 3.932, -8.5098 -0.2941 3.9136, -8.2303 -0.202 4.0721, -8.2188 -0.0623 4.0812, -8.215 -0.063 4.1196, -8.3143 1.1716 3.8348, -8.3027 1.2827 3.7183, -8.341 1.2816 3.7138, -8.389 1.1627 3.2685, -8.3692 1.2551 3.0743, -8.3352 1.2373 3.0698, -8.3575 1.2946 2.9542, -8.3458 1.3226 2.8313, -8.3119 1.3043 2.8302, -8.1021 1.099 1.8735, -8.0905 1.0281 1.7762, -8.0536 1.0384 1.7713, -8.2028 0.7757 1.5005, -8.1912 0.6723 1.4356, -8.1573 0.6653 1.4526, -8.0029 -0.1434 0.9161, -7.9912 -0.2958 0.9398, -8.0295 -0.2977 0.944, -7.9795 -0.4447 0.9774, -7.9678 -0.5892 1.0285, -8.0061 -0.5903 1.033, -7.9538 -0.7544 1.107, -7.9921 -0.755 1.1116, -7.9422 -0.8837 1.1856, -7.9306 -1.005 1.2755, -7.9689 -1.0047 1.2801, -8.0284 -0.8724 1.6406, -8.0166 -0.9523 1.7285, -7.9827 -0.9368 1.7385, -7.7141 -1.2071 1.6696, -7.7258 -1.1211 1.5587, -7.7147 -1.0924 1.5819, -7.711 -1.063 1.6066, -7.6875 -1.2162 1.8241, -7.6912 -1.2497 1.8054, -7.8055 -1.1984 2.6673, -7.7938 -1.18 2.7778, -7.7555 -1.1842 2.7759, -7.7816 -1.5276 3.002, -7.7699 -1.4767 3.1416, -7.8082 -1.4722 3.1426, -7.7976 -0.6205 3.5916, -7.7859 -0.5204 3.6421, -7.752 -0.5149 3.6245, -7.484 -0.6242 3.8162, -7.4604 -0.3768 3.9044, -7.4716 -0.385 3.9404, -7.434 0.5341 3.935, -7.4457 0.4035 3.9821, -7.4214 0.393 3.9541, -7.6115 1.1997 3.4278, -7.5998 1.2726 3.3107, -7.6296 1.2525 3.2967, -7.4712 1.271 1.8746, -7.4594 1.1988 1.7605, -7.4892 1.1774 1.7726, -7.0706 -0.1774 1.1916, -7.0638 -0.2512 1.205, -7.0935 -0.2583 1.1815, -7.2765 -0.6399 1.3223, -7.2647 -0.7511 1.3903, -7.2945 -0.7395 1.4119, -6.9882 -1.1747 1.8466, -6.9765 -1.2333 1.9604, -7.0104 -1.2508 1.955, -7.0354 -1.3105 2.0749, -7.0236 -1.3471 2.2008, -7.0619 -1.3515 2.2025, -6.9745 -0.3311 3.8279, -6.9628 -0.2108 3.8501, -6.9926 -0.205 3.8263, -6.7422 0.9204 2.5332, -6.7304 0.9107 2.4471, -6.6965 0.893 2.4519, -6.6015 0.3593 1.7519, -6.6133 0.4352 1.7867, -6.6431 0.4451 1.7641, -6.578 0.2009 1.7051, -6.5897 0.2807 1.7246, -6.6194 0.2862 1.7006, -6.4071 0.0473 1.7186, -6.3953 -0.0318 1.7209, -6.3585 -0.0299 1.7096, -6.4838 0.0419 1.7183, -6.472 -0.0372 1.7212, -6.4337 -0.0343 1.7248, -6.5545 0.0378 1.6887, -6.5663 0.1199 1.6931, -6.596 0.1209 1.6685, -6.5074 -0.2801 1.7472, -6.5192 -0.2033 1.7214, -6.549 -0.2114 1.6982, -6.4839 -0.4236 1.8191, -6.4956 -0.3539 1.7799, -6.5254 -0.3662 1.7586, -6.313 -0.5229 1.9311, -6.3012 -0.5773 1.9851, -6.2644 -0.5836 1.9755, -6.4604 -0.5502 1.9157, -6.4486 -0.606 1.9724, -6.4147 -0.591 1.9831, -6.4722 -0.4891 1.8644, -6.5019 -0.5052 1.8458, -6.5263 -0.5241 1.8226, -6.5027 -0.6481 1.9378, -6.4783 -0.6252 1.9571, -6.358 -0.7689 2.3037, -6.3463 -0.7864 2.3775, -6.3094 -0.7748 2.3773, -6.3154 -0.9499 3.1193, -6.2918 -0.8235 3.2829, -6.3162 -0.8001 3.2644, -6.2502 -0.7676 3.3715, -6.2383 -0.6857 3.4376, -6.2681 -0.6691 3.4194, -6.2506 -0.5451 3.1314, -6.2624 -0.599 3.0796, -6.2922 -0.6159 3.0975, -6.2271 -0.4252 3.2176, -6.2388 -0.4868 3.1776, -6.2685 -0.5 3.1983, -6.0562 -0.2913 3.2482, -6.0443 -0.2241 3.2694, -6.0075 -0.2297 3.2794, -5.9614 -0.2262 3.6338, -5.9496 -0.1246 3.647, -5.9836 -0.1238 3.6654, -6.2787 -0.2611 3.4599, -6.2553 -0.0884 3.4864, -6.2516 -0.0852 3.4481, -6.2515 -0.0921 3.5246, -6.1678 -0.1092 3.6487, -6.0587 -0.1199 3.6809, -6.0204 -0.1222 3.6769, -5.8955 -0.1235 3.5925, -5.8774 -0.1217 3.5585, -5.8664 -0.1122 3.4451, -5.8776 -0.1081 3.4085, -6.0592 -0.0844 3.2888, -6.0975 -0.0821 3.2929, -6.1343 -0.0805 3.3043, -6.2224 -0.0808 3.3772, -6.2405 -0.0826 3.4112, -9.1087 0.1656 4.5025, -9.0747 0.1613 4.4846, -9.045 0.1566 4.4604, -8.9877 0.1379 4.3224, -9.146 0.1288 4.1294, -8.8351 1.6622 3.0281, -8.8461 1.6177 3.1725, -8.8499 1.5815 3.1596, -8.8132 1.7126 2.7307, -8.2495 -0.4879 4.0526, -8.261 -0.6239 4.0046, -8.2648 -0.6095 3.969, -8.2265 -0.2062 4.1103, -8.3463 0.2432 3.8984, -8.3578 0.1195 3.9182, -8.3961 0.1218 3.9142, -8.2016 1.3045 2.4658, -8.2133 1.3106 2.5883, -8.2516 1.3145 2.5856, -7.9886 0.1354 1.3008, -8.0003 0.2529 1.316, -8.0386 0.2496 1.3192, -7.6906 -1.3462 1.9128, -7.7023 -1.2823 1.7879, -7.0681 -1.3854 2.5597, -7.0799 -1.3825 2.4294, -7.0416 -1.386 2.4264, -7.0303 -0.9955 2.5512, -7.0421 -0.9935 2.4576, -7.0804 -0.9976 2.4599, -6.9317 -0.989 2.7331, -6.9434 -1.0041 2.6407, -6.9802 -0.9927 2.6421, -6.3601 -0.2603 1.7715, -6.3719 -0.1858 1.7475, -6.4102 -0.1875 1.7518, -6.2736 -1.1706 2.6264, -6.2855 -1.1749 2.516, -6.2471 -1.1786 2.5132, -6.3209 -1.1017 2.8394, -6.3327 -1.1262 2.7358, -6.2987 -1.1445 2.7364, -6.2035 -0.2923 3.2795, -6.2153 -0.3604 3.2516, -6.2451 -0.3695 3.2745, -9.1949 1.5019 3.1238, -9.1949 1.5083 3.1082, -9.1815 1.4945 3.1045, -9.1949 0.1728 4.5137, -9.1949 0.1028 4.523, -9.1838 0.1725 4.5169, -9.1949 0.3226 4.494, -9.173 0.3402 4.4918, -9.1949 0.3413 4.4894, -9.1621 0.5052 4.4523, -9.1949 0.5066 4.4485, -9.1513 0.666 4.3988, -9.1949 0.5883 4.42, -9.1949 0.5168 4.446, -9.1949 0.6666 4.3915, -9.1896 0.6672 4.3943, -9.1949 0.7056 4.3773, -9.1787 0.823 4.3267, -9.1949 0.8211 4.3203, -9.1949 0.8882 4.2873, -9.1678 0.972 4.2458, -9.1949 0.9684 4.2362, -9.1949 1.0551 4.1811, -9.1569 1.1127 4.1528, -9.1949 1.0925 4.1512, -9.1949 1.1066 4.14, -9.1923 1.107 4.1408, -9.1949 1.2107 4.0569, -9.1829 1.2394 4.0381, -9.172 1.3611 3.9228, -9.1949 1.33 3.9402, -9.1949 1.2356 4.0325, -9.1611 1.4722 3.7974, -9.1949 1.4545 3.7912, -9.1949 1.353 3.9127, -9.1502 1.5718 3.6629, -9.1949 1.4608 3.7817, -9.1949 1.4593 3.7839, -9.1733 1.6447 3.5095, -9.1949 1.6297 3.4995, -9.1842 1.5582 3.6507, -9.1949 1.5624 3.6287, -9.1949 1.5514 3.6452, -9.1623 1.7189 3.3607, -9.1949 1.6765 3.3888, -9.1949 1.6434 3.4733, -9.1949 1.693 3.3466, -9.1921 1.6975 3.3487, -9.1949 1.712 3.298, -9.1811 1.7574 3.1961, -9.1949 1.7729 3.036, -9.1949 1.7715 3.0504, -9.1701 1.8033 3.0394, -9.1949 1.7596 3.1178, -9.1949 1.7407 3.1894, -9.1949 1.7734 3.0302, -9.1941 1.7744 3.0305, -9.1949 1.7874 2.88, -9.1836 1.8063 2.8732, -9.1727 1.824 2.7133, -9.1949 1.7833 2.774, -9.1949 1.787 2.8693, -9.1908 1.7902 2.7095, -9.1949 1.7794 2.7085, -9.1949 1.7813 2.722, -9.1949 1.7758 2.6826, -9.1798 1.7936 2.552, -9.1949 1.7568 2.6096, -9.1949 1.7208 2.5521, -9.1949 1.7224 2.5525, -9.1911 1.7567 2.5517, -9.1949 1.7267 2.5544, -9.1949 1.7281 2.5553, -9.1949 1.7348 2.5614, -9.1949 1.7362 2.563, -9.1949 1.7498 2.5866, -9.1949 1.7525 2.5929, -9.1949 1.7189 2.552, -9.1891 1.7558 2.5237, -9.1929 1.7174 2.5246, -9.1949 1.7161 2.5521, -9.1949 1.7173 2.5519, -9.1949 1.7183 2.552, -9.1949 1.6728 2.6237, -9.1949 1.6801 2.6051, -9.1912 1.6799 2.5529, -9.1949 1.689 2.5824, -9.1949 1.7004 2.5632, -9.1949 1.7057 2.5575, -9.1949 1.7103 2.5541, -9.1949 1.7123 2.5531, -9.1892 1.679 2.526, -9.1949 1.7159 2.5521, -9.18 1.643 2.5542, -9.1949 1.6345 2.7521, -9.1949 1.6393 2.7369, -9.1839 1.5904 2.8382, -9.1949 1.5617 2.9779, -9.1949 1.5682 2.9622, -9.1596 1.5607 2.8351, -9.1949 1.3722 3.3549, -9.1949 1.4084 3.3014, -9.1737 1.3591 3.3496, -9.1949 1.4278 3.2644, -9.1398 1.342 3.3427, -9.1507 1.2712 3.4582, -9.1949 1.0045 3.7645, -9.1949 1.0442 3.7344, -9.1725 1.1004 3.6691, -9.1949 1.1814 3.6033, -9.1616 1.1904 3.5674, -9.1949 1.2046 3.5758, -9.1949 1.2089 3.5708, -9.1949 1.2971 3.4661, -9.1834 1.0017 3.7628, -9.1943 0.8953 3.8474, -9.1949 0.8923 3.8498, -9.1949 0.8888 3.8519, -9.1949 0.472 4.0515, -9.1949 0.5297 4.0328, -9.1901 0.5295 4.0336, -9.1949 0.5657 4.021, -9.1792 0.6544 3.9793, -9.1949 0.656 3.9798, -9.1683 0.7739 3.9144, -9.1949 0.736 3.9433, -9.1735 0.2652 4.1053, -9.1949 0.3863 4.0794, -9.1626 0.3971 4.0737, -9.1949 0.3999 4.075, -9.1518 0.5256 4.031, -9.1949 -0.0012 4.1336, -9.1949 0.1317 4.1235, -9.1843 0.1311 4.1254, -9.1949 0.1826 4.1197, -9.1949 0.2663 4.1031, -6.1013 -0.994 3.1282, -6.0895 -0.9335 3.2172, -6.1264 -0.941 3.2259, -6.1764 -1.0042 3.1405, -6.1647 -0.9425 3.2304, -6.203 -0.9379 3.2304, -6.426 -0.7763 1.6545, -6.46 -0.7661 1.6697, -6.4378 -0.6897 1.5831, -6.4717 -0.681 1.5992, -6.4495 -0.597 1.5202, -6.277 -0.4789 1.4773, -6.2653 -0.5764 1.5295, -6.2992 -0.5877 1.515, -6.3006 -0.2695 1.4008, -6.2888 -0.3762 1.4341, -6.3227 -0.3846 1.4178, -6.3241 -0.0494 1.3647, -6.3123 -0.1604 1.3776, -6.3463 -0.1657 1.36, -6.3477 0.176 1.3705, -6.3359 0.0633 1.3623, -6.3698 0.0614 1.344, -6.3711 0.3957 1.4181, -6.3594 0.2868 1.3891, -6.3933 0.2885 1.3708, -6.6363 0.8417 2.2958, -6.5862 0.8079 2.2229, -6.598 0.839 2.2996, -6.5479 0.8124 2.2239, -6.5597 0.8434 2.301, -6.511 0.8237 2.2218, -6.5228 0.8548 2.2999, -6.4771 0.8412 2.2166, -6.4889 0.8727 2.2964, -6.754 0.9219 2.6202, -6.7083 0.9023 2.5364, -6.7201 0.9035 2.6216, -6.6715 0.8911 2.5394, -6.6833 0.8922 2.6236, -6.6332 0.8874 2.5423, -6.645 0.8882 2.6261, -6.5949 0.8913 2.5448, -6.6067 0.8918 2.629, -6.558 0.9025 2.547, -6.5698 0.9028 2.6322, -6.5241 0.9207 2.5486, -6.5359 0.9208 2.6355, -6.6611 0.8971 3.4919, -6.6493 0.9782 3.4015, -6.6861 0.9885 3.4067, -6.7362 0.9116 3.4988, -6.7244 0.9932 3.407, -6.7627 0.9921 3.4026, -6.8255 -0.6958 3.7033, -6.8137 -0.5839 3.7607, -6.8506 -0.5862 3.772, -6.9006 -0.6987 3.719, -6.8889 -0.5854 3.7766, -6.9272 -0.5814 3.7744, -6.9429 -1.3657 2.6801, -6.9312 -1.3453 2.8061, -6.968 -1.3558 2.8109, -7.0818 -0.3851 1.2146, -7.1157 -0.3928 1.1979, -7.1274 -0.2644 1.1641, -7.1525 -0.3987 1.1879, -7.1642 -0.2692 1.1536, -7.1908 -0.4024 1.185, -7.2025 -0.2727 1.1504, -7.2291 -0.4039 1.1894, -7.2409 -0.2746 1.1547, -7.266 -0.403 1.2008, -7.2777 -0.2748 1.1661, -7.2999 -0.4 1.2189, -7.3117 -0.2734 1.1844, -7.1578 0.0786 1.1334, -7.146 -0.0554 1.1354, -7.1828 -0.0587 1.1243, -7.2329 0.0738 1.1182, -7.2211 -0.0616 1.1207, -7.2595 -0.0641 1.1246, -7.3219 1.4398 2.2581, -7.3103 1.4028 2.1269, -7.3471 1.4127 2.1209, -7.397 1.4534 2.2496, -7.3854 1.4155 2.1171, -7.4237 1.4111 2.1157, -7.5094 0.4205 4.0216, -7.4976 0.5547 3.9727, -7.5344 0.5614 3.9821, -7.5462 0.4263 4.0316, -7.5727 0.5654 3.9846, -7.5845 0.43 4.0344, -7.6111 0.5665 3.9801, -7.6228 0.4315 4.0301, -7.6479 0.5646 3.9688, -7.6597 0.4307 4.0186, -7.6819 0.5598 3.9512, -7.6937 0.4276 4.0006, -7.7117 0.5524 3.9278, -7.7234 0.4224 3.9766, -7.6916 -0.305 3.6841, -7.6417 -0.2006 3.7002, -7.6533 -0.3067 3.6797, -7.6033 -0.2039 3.7035, -7.615 -0.3103 3.6827, -7.5665 -0.2081 3.7141, -7.5782 -0.3155 3.6929, -7.5325 -0.2132 3.7317, -7.5442 -0.3222 3.7099, -7.5777 -0.4035 4.0458, -7.6028 -0.262 4.0852, -7.6145 -0.4037 4.0573, -7.6411 -0.2599 4.0894, -7.6528 -0.402 4.0617, -7.6795 -0.2567 4.0861, -7.6911 -0.3985 4.0587, -7.7163 -0.2524 4.0755, -7.728 -0.3933 4.0485, -7.7503 -0.2473 4.0579, -7.7619 -0.3865 4.0315, -7.7801 -0.2416 4.0341, -7.7917 -0.3786 4.0083, -7.5376 -0.663 3.9094, -7.5555 -0.5385 3.9865, -7.5673 -0.6714 3.9326, -7.5895 -0.5423 4.0045, -7.6012 -0.6768 3.9501, -7.6263 -0.5436 4.0159, -7.6381 -0.6792 3.9614, -7.6646 -0.5423 4.0205, -7.6764 -0.6783 3.966, -7.7029 -0.5385 4.0178, -7.7147 -0.6743 3.9638, -7.7397 -0.5323 4.0082, -7.7515 -0.6673 3.9548, -7.7737 -0.5241 3.9919, -7.7855 -0.6575 3.9393, -7.8035 -0.514 3.9695, -7.8153 -0.6453 3.918, -7.8093 -0.7158 3.532, -7.7637 -0.6134 3.5746, -7.7754 -0.7072 3.5157, -7.7269 -0.6101 3.5636, -7.7386 -0.7028 3.505, -7.6886 -0.6105 3.5589, -7.7002 -0.7028 3.5003, -7.6503 -0.6147 3.5608, -7.6619 -0.7072 3.5018, -7.6134 -0.6225 3.5691, -7.6251 -0.7157 3.5094, -7.5794 -0.6337 3.5836, -7.5911 -0.7282 3.5228, -7.827 -0.7707 3.8547, -7.8089 -0.9057 3.7986, -7.7972 -0.7847 3.8748, -7.7749 -0.9182 3.812, -7.7632 -0.7959 3.8893, -7.738 -0.9268 3.8196, -7.7264 -0.8038 3.8976, -7.6997 -0.9311 3.821, -7.688 -0.808 3.8995, -7.6614 -0.9311 3.8163, -7.6497 -0.8084 3.8948, -7.6246 -0.9267 3.8057, -7.6129 -0.805 3.8838, -7.5907 -0.9181 3.7894, -7.579 -0.7979 3.8668, -7.561 -0.9056 3.7682, -7.5493 -0.7875 3.8445, -7.9224 -1.0567 1.9335, -7.8724 -1.1033 2.0357, -7.8841 -1.052 1.933, -7.834 -1.1056 2.0317, -7.8458 -1.0539 1.9288, -7.7972 -1.1147 2.0248, -7.809 -1.0623 1.9211, -7.7632 -1.1302 2.0151, -7.775 -1.0769 1.91, -8.0402 -0.7842 1.5604, -7.9945 -0.8579 1.652, -8.0063 -0.7709 1.5731, -7.9577 -0.8482 1.6582, -7.9694 -0.7618 1.5802, -7.9194 -0.8435 1.659, -7.9311 -0.7573 1.5815, -7.881 -0.8442 1.6545, -7.8928 -0.7575 1.5769, -7.8442 -0.8501 1.6447, -7.856 -0.7625 1.5666, -7.8102 -0.8611 1.63, -7.822 -0.7721 1.551, -8.0147 0.0107 0.9068, -8.0413 -0.1458 0.9201, -7.842 0.298 1.1282, -7.8303 0.1627 1.1096, -7.834 0.1656 1.0713, -8.2145 0.8729 1.5749, -8.1689 0.7671 1.5168, -8.1806 0.8628 1.5903, -8.1321 0.7627 1.5274, -8.1438 0.8575 1.6005, -8.0938 0.7627 1.5321, -8.1055 0.857 1.6052, -8.0555 0.7671 1.5307, -8.0672 0.8615 1.6041, -8.0186 0.7757 1.5231, -8.0303 0.8708 1.5974, -7.9847 0.7882 1.5097, -7.9963 0.8844 1.5852, -8.5667 -0.5434 3.8609, -8.5213 -0.418 3.884, -8.5328 -0.5389 3.8431, -8.4844 -0.4173 3.8725, -8.4959 -0.5372 3.8317, -8.4461 -0.4188 3.868, -8.4576 -0.5382 3.8271, -8.4078 -0.4225 3.8709, -8.4193 -0.5421 3.8296, -8.371 -0.4281 3.8808, -8.3825 -0.5487 3.8389, -8.337 -0.4356 3.8975, -8.3485 -0.5576 3.8549, -8.9155 1.0809 3.8835, -8.9046 1.1898 3.7825, -8.9007 1.2171 3.8094, -6.1683 -0.0798 3.3227, -6.198 -0.0799 3.3473, -5.984 -0.0911 3.3032, -5.9501 -0.0951 3.321, -5.9203 -0.0994 3.3452, -6.18 -0.1513 3.3151, -6.2214 -0.2269 3.3249, -6.2458 -0.2334 3.3541, -6.0326 -0.1562 3.2841, -5.9958 -0.1608 3.2946, -5.9618 -0.1665 3.312, -5.9437 -0.2457 3.3192, -5.9199 -0.1245 3.6224, -5.9433 -0.3218 3.5869, -6.1976 -0.1049 3.6246, -6.221 -0.3031 3.5926, -6.1913 -0.3118 3.6156, -6.1795 -0.2111 3.6369, -6.2749 -0.2718 3.4968, -6.2986 -0.446 3.4349, -6.1696 -0.2879 3.2616, -6.1578 -0.2195 3.2825, -6.1209 -0.2189 3.271, -6.1092 -0.1509 3.2852, -6.0709 -0.1528 3.2809, -6.0209 -0.0875 3.2923, -5.8958 -0.1038 3.3747, -5.9193 -0.2555 3.3473, -5.9555 -0.3174 3.2956, -5.9429 -0.4018 3.2911, -5.9674 -0.3869 3.2653, -5.967 -0.512 3.514, -5.9731 -0.3265 3.6111, -5.9953 -0.2272 3.6521, -6.0321 -0.2267 3.6637, -6.007 -0.3292 3.6293, -5.9849 -0.4255 3.5786, -6.2403 -0.0962 3.5613, -6.2637 -0.2827 3.5321, -6.2874 -0.4633 3.4675, -6.3108 -0.628 3.3706, -6.1931 -0.4175 3.2009, -6.1814 -0.3543 3.2342, -6.1446 -0.3516 3.223, -6.1328 -0.2863 3.2502, -6.0945 -0.2874 3.2457, -6.0826 -0.2205 3.2666, -5.9011 -0.266 3.3797, -5.9247 -0.4183 3.3209, -5.9664 -0.5349 3.2087, -5.9482 -0.5565 3.235, -5.99 -0.6521 3.1011, -5.9904 -0.6845 3.4072, -5.9967 -0.5211 3.5368, -6.0188 -0.4298 3.5965, -6.0438 -0.3298 3.6408, -6.0704 -0.2247 3.6679, -6.097 -0.1169 3.6774, -6.2447 -0.4946 3.5231, -6.2266 -0.5989 3.495, -6.2149 -0.5075 3.544, -6.2031 -0.4112 3.5845, -6.2221 -0.1005 3.595, -6.2455 -0.2932 3.5644, -6.2692 -0.4797 3.4973, -6.2926 -0.6497 3.3968, -6.2167 -0.5345 3.1163, -6.2049 -0.4776 3.1616, -6.168 -0.4728 3.1511, -6.1563 -0.4138 3.19, -6.118 -0.414 3.1853, -6.1063 -0.3523 3.2184, -6.068 -0.3564 3.2205, -6.0193 -0.2978 3.2576, -5.9735 -0.2369 3.2962, -6.0659 -0.7894 3.3758, -6.032 -0.7787 3.3608, -6.0541 -0.7069 3.4439, -6.0202 -0.6977 3.428, -6.0424 -0.6195 3.5033, -6.0084 -0.6119 3.4866, -6.0307 -0.5272 3.5542, -6.1027 -0.7951 3.3858, -6.0909 -0.7117 3.4544, -6.0792 -0.6233 3.5142, -6.0675 -0.5299 3.5654, -6.0556 -0.4315 3.6079, -6.141 -0.7957 3.3904, -6.1292 -0.7119 3.4591, -6.1175 -0.623 3.5189, -6.1058 -0.5292 3.5701, -6.0939 -0.4304 3.6125, -6.0821 -0.3282 3.6452, -6.1793 -0.7912 3.3895, -6.1675 -0.7074 3.4578, -6.1558 -0.6187 3.5172, -6.1441 -0.5251 3.568, -6.1323 -0.4265 3.61, -6.1204 -0.3246 3.6424, -6.1087 -0.2214 3.6648, -6.2162 -0.7817 3.3831, -6.2044 -0.6986 3.4505, -6.1927 -0.6106 3.5091, -6.1809 -0.5178 3.5592, -6.1691 -0.42 3.6006, -6.1573 -0.319 3.6324, -6.1456 -0.2168 3.6543, -6.1338 -0.1133 3.6666, -6.262 -0.8431 3.2976, -6.228 -0.8583 3.3079, -6.1912 -0.8683 3.3134, -6.1529 -0.8729 3.3139, -6.1146 -0.8718 3.3093, -6.0777 -0.8652 3.2999, -6.0438 -0.8532 3.2859, -6.0141 -0.8363 3.268, -5.9853 -0.3066 3.2736, -5.9972 -0.3741 3.2444, -6.0311 -0.3638 3.2293, -6.0429 -0.4264 3.1951, -6.0797 -0.4183 3.187, -6.0914 -0.4771 3.1477, -6.1297 -0.4727 3.1464, -6.1416 -0.5281 3.1017, -6.1799 -0.5287 3.1063, -6.1917 -0.5803 3.0562, -6.2285 -0.587 3.0656, -6.2403 -0.6346 3.0101, -6.2742 -0.6478 3.0229, -6.286 -0.6913 2.9616, -6.3157 -0.7112 2.976, -6.0089 -0.4381 3.2092, -6.0206 -0.4989 3.168, -6.0546 -0.4859 3.155, -6.0664 -0.5421 3.109, -6.1032 -0.5326 3.1026, -6.1151 -0.5839 3.0521, -6.1534 -0.5793 3.0516, -6.1652 -0.6256 2.9969, -6.2035 -0.6271 3.0013, -6.2153 -0.6686 2.9421, -6.2521 -0.6769 2.9501, -6.2639 -0.7136 2.8861, -6.2978 -0.729 2.8961, -6.3097 -0.7605 2.8271, -6.3394 -0.7828 2.8375, -6.0136 -0.7475 2.9728, -6.0372 -0.8178 2.8276, -6.0617 -0.7892 2.819, -6.019 -0.8502 2.8382, -5.9954 -0.7773 2.9892, -5.9718 -0.6783 3.1228, -6.0613 -1.0505 2.915, -6.0377 -0.9597 3.1023, -6.0674 -0.9796 3.1167, -6.0556 -0.9203 3.2044, -6.0792 -1.0307 3.0234, -6.3625 -1.1017 2.7338, -6.339 -1.0441 2.9336, -6.3635 -1.0155 2.9249, -6.3398 -0.9234 3.1055, -6.358 -0.8936 3.0891, -6.3344 -0.7739 3.2427, -6.3457 -0.7459 3.2187, -6.322 -0.6049 3.3418, -6.3258 -0.5814 3.3114, -6.3024 -0.4285 3.4007, -6.2987 -0.4115 3.3663, -6.275 -0.2508 3.4229, -6.2639 -0.2415 3.3872, -6.3449 -0.8145 2.6061, -6.3331 -0.8033 2.682, -6.2992 -0.7857 2.6766, -6.2875 -0.7682 2.7487, -6.2506 -0.758 2.7433, -6.2389 -0.7346 2.8122, -6.2006 -0.7319 2.8084, -6.1888 -0.7023 2.8748, -6.1505 -0.7069 2.8739, -6.1387 -0.6713 2.9374, -6.1018 -0.6822 2.9409, -6.09 -0.6407 3.0014, -6.056 -0.6567 3.0103, -6.0442 -0.6091 3.0679, -6.0145 -0.6287 3.0826, -6.0026 -0.5744 3.1371, -6.1857 -0.7758 2.6668, -6.1372 -0.7708 2.7384, -6.1489 -0.7873 2.6661, -6.1032 -0.7889 2.7407, -6.1149 -0.8056 2.6667, -6.0851 -0.83 2.6686, -6.0915 -0.7656 2.8125, -6.0607 -0.8597 2.6718, -6.0425 -0.8934 2.6762, -6.0848 -1.1046 2.7144, -6.091 -1.0728 2.9255, -6.1131 -1.0461 3.0335, -6.1381 -1.0023 3.1362, -6.15 -1.0551 3.0407, -6.125 -1.0891 2.934, -6.1028 -1.1054 2.8244, -5.9908 -0.5154 3.1861, -6.0324 -0.5562 3.1206, -6.0782 -0.5939 3.0576, -6.1269 -0.6302 2.9969, -6.177 -0.6667 2.9378, -6.2271 -0.7046 2.8789, -6.2757 -0.7442 2.8185, -6.3214 -0.7853 2.7557, -6.3628 -0.8271 2.6881, -6.3864 -0.843 2.5308, -6.3684 -0.8152 2.4525, -6.3567 -0.8185 2.5293, -6.3228 -0.8002 2.5273, -6.311 -0.7965 2.6024, -6.2742 -0.7854 2.599, -6.2624 -0.775 2.6722, -6.2241 -0.7717 2.6689, -6.2123 -0.755 2.7397, -6.174 -0.7593 2.738, -6.1623 -0.7363 2.8071, -6.1254 -0.7477 2.8085, -6.1136 -0.718 2.8764, -6.0797 -0.7354 2.8821, -6.0678 -0.699 2.9482, -6.038 -0.721 2.959, -6.286 -0.7889 2.5249, -6.2359 -0.7818 2.5961, -6.2477 -0.785 2.5223, -6.1975 -0.7857 2.5936, -6.2094 -0.7887 2.5195, -6.1607 -0.797 2.5918, -6.1725 -0.7998 2.5167, -6.1267 -0.8153 2.5907, -6.1385 -0.8178 2.5138, -6.1087 -0.8422 2.5112, -6.0843 -0.872 2.5087, -6.0661 -0.9059 2.5067, -6.1084 -1.1205 2.5047, -6.1145 -1.1284 2.7205, -6.1367 -1.1224 2.8314, -6.1618 -1.0988 2.9403, -6.1883 -1.0574 3.0448, -6.2148 -0.9996 3.1409, -6.2398 -0.9274 3.2258, -6.1381 -1.1451 2.5062, -6.1263 -1.1418 2.6139, -6.1602 -1.1598 2.6176, -6.1484 -1.146 2.7259, -6.1852 -1.1567 2.7303, -6.1735 -1.1326 2.8368, -6.2118 -1.1356 2.8404, -6.2001 -1.1014 2.9442, -6.2384 -1.097 2.9455, -6.2266 -1.0529 3.0456, -6.2634 -1.0417 3.0432, -6.2516 -0.9887 3.1374, -6.2856 -0.9719 3.1301, -6.2738 -0.9114 3.217, -6.1498 -1.1382 2.399, -6.172 -1.1634 2.5082, -6.197 -1.1709 2.621, -6.2235 -1.16 2.7336, -6.2501 -1.1313 2.8421, -6.2752 -1.0856 2.944, -6.2974 -1.0243 3.0375, -6.3105 -1.1593 2.6282, -6.2876 -0.3956 3.3329, -6.3221 -0.5583 3.2808, -6.3495 -0.717 3.1933, -6.3692 -0.8616 3.0707, -6.3817 -0.9832 2.9144, -6.3869 -1.0721 2.7306, -6.3861 -1.1214 2.5243, -6.3563 -1.1457 2.5217, -6.3445 -1.141 2.6293, -6.4095 -1.1014 2.3148, -6.4105 -1.0916 2.5267, -6.4051 -1.0383 2.7263, -6.3929 -0.9482 2.9024, -6.3731 -0.8285 3.0512, -6.3458 -0.6886 3.1675, -6.311 -0.5365 3.2509, -6.2695 -0.3814 3.3019, -6.2332 -0.2993 3.3031, -6.1917 -0.2222 3.3007, -6.146 -0.1504 3.2967, -6.4099 -0.8291 2.373, -6.3802 -0.8047 2.3761, -6.3345 -0.7968 2.4522, -6.2977 -0.7853 2.451, -6.2594 -0.7812 2.4487, -6.2711 -0.7705 2.3755, -6.2211 -0.7846 2.4456, -6.2328 -0.7736 2.3721, -6.1842 -0.7954 2.4417, -6.196 -0.784 2.3672, -6.1503 -0.8131 2.4372, -6.162 -0.8012 2.361, -6.1322 -0.8247 2.3539, -6.1078 -0.8534 2.346, -6.0896 -0.8864 2.3376, -6.1318 -1.0969 2.2957, -6.1558 -0.7777 2.2011, -6.1855 -0.756 2.2125, -6.1738 -0.7821 2.2858, -6.2195 -0.7402 2.2217, -6.2077 -0.7655 2.2936, -6.2564 -0.7309 2.2285, -6.2446 -0.7557 2.2994, -6.2947 -0.7285 2.2324, -6.2829 -0.7529 2.3031, -6.333 -0.7331 2.2334, -6.3212 -0.7574 2.3045, -6.3698 -0.7445 2.2315, -6.1313 -0.8045 2.1879, -6.1131 -0.8353 2.1735, -6.1554 -1.0343 2.0931, -6.1616 -1.1213 2.2926, -6.1838 -1.1566 2.3993, -6.2088 -1.1747 2.5106, -6.2353 -1.1745 2.624, -6.2618 -1.1559 2.7357, -6.287 -1.1199 2.8417, -6.3092 -1.0678 2.94, -6.1955 -1.1396 2.2912, -6.2073 -1.1125 2.1845, -6.1733 -1.0944 2.1877, -6.4033 -1.0639 2.0996, -6.3915 -1.0993 2.2023, -6.3797 -1.1248 2.3077, -6.368 -1.1403 2.4143, -6.4871 -0.8801 2.1834, -6.5084 -0.8082 2.0364, -6.5122 -0.8407 2.0159, -6.4973 -0.7767 2.0556, -6.4759 -0.8457 2.197, -6.4524 -0.8923 2.3626, -6.4792 -0.7473 2.0729, -6.4578 -0.8138 2.209, -6.4343 -0.8587 2.3685, -6.4108 -0.8729 2.5318, -6.4548 -0.7212 2.0875, -6.4334 -0.7856 2.219, -6.2069 -0.6909 2.0861, -6.2409 -0.6769 2.0979, -6.2302 -0.7112 2.1586, -6.2778 -0.6689 2.1061, -6.2671 -0.7026 2.1661, -6.3161 -0.6672 2.1104, -6.3054 -0.7005 2.1702, -6.3544 -0.6719 2.1106, -6.3437 -0.7052 2.1708, -6.3912 -0.6828 2.1068, -6.3805 -0.7163 2.1679, -6.4251 -0.6994 2.099, -6.4037 -0.7622 2.2266, -6.392 -0.787 2.3005, -6.1771 -0.7103 2.0712, -6.1527 -0.7345 2.0537, -6.1345 -0.7624 2.0343, -6.1851 -1.0577 2.0855, -6.219 -1.0754 2.0806, -6.2065 -0.9666 1.9098, -6.2589 -1.1722 2.4028, -6.2972 -1.1688 2.4059, -6.2706 -1.1555 2.2932, -6.3089 -1.1524 2.2966, -6.2824 -1.1285 2.1851, -6.3207 -1.1258 2.1888, -6.2942 -1.0914 2.0797, -6.3325 -1.089 2.0836, -6.3048 -1.049 1.9871, -6.3432 -1.047 1.9913, -6.3155 -0.9988 1.8983, -6.3539 -0.9972 1.9026, -6.3273 -0.9351 1.8058, -6.3223 -1.1638 2.5188, -6.334 -1.158 2.4098, -6.3458 -1.1421 2.3015, -6.3575 -1.1159 2.1946, -6.3693 -1.0797 2.0904, -6.38 -1.0383 1.9988, -6.3165 -0.637 3.1187, -6.3401 -0.7359 2.9929, -6.3582 -0.7645 3.0115, -6.3819 -0.8418 2.8624, -6.393 -0.8762 2.8759, -6.4164 -0.926 2.7084, -6.4202 -0.9638 2.715, -6.4438 -0.9824 2.5316, -6.4399 -1.0208 2.5305, -6.4634 -1.0037 2.3396, -6.4522 -1.0396 2.3311, -6.4757 -0.9846 2.1386, -6.4575 -1.0154 2.1242, -6.4789 -0.9315 1.955, -6.4545 -0.9557 1.9375, -6.3638 -0.8102 2.8495, -6.4053 -0.8897 2.7015, -6.44 -0.944 2.5322, -6.4672 -0.9662 2.3479, -6.4869 -0.9509 2.1536, -6.4971 -0.9036 1.9744, -6.3872 -0.8563 2.6947, -6.4289 -0.907 2.5323, -6.4635 -0.9286 2.3556, -6.4908 -0.9156 2.1688, -6.5083 -0.8729 1.995, -6.4369 -0.6557 2.0336, -6.4029 -0.6399 2.0429, -6.3661 -0.6294 2.0478, -6.3278 -0.6247 2.048, -6.2895 -0.626 2.0436, -6.2526 -0.6332 2.0347, -6.2187 -0.646 2.0216, -6.2006 -0.6115 1.943, -6.1762 -0.632 1.9213, -6.158 -0.6558 1.8971, -6.2297 -1.0332 1.9894, -6.2404 -0.9833 1.9019, -6.2182 -0.9041 1.8202, -6.2522 -0.9199 1.8109, -6.289 -0.9304 1.806, -6.2772 -0.9941 1.8981, -6.2665 -1.0444 1.9865, -6.2558 -1.0868 2.0787, -6.2441 -1.124 2.1837, -6.2323 -1.1512 2.2914, -6.2206 -1.1681 2.4006, -6.3907 -0.9892 1.9108, -6.3656 -0.9338 1.8102, -6.2929 -0.5168 3.2231, -6.3346 -0.6616 3.1423, -6.3693 -0.7957 3.0312, -6.3967 -0.9121 2.8894, -6.4163 -1.0018 2.721, -6.4287 -1.0576 2.5288, -6.434 -1.0726 2.3227, -6.4331 -1.0422 2.111, -6.4247 -0.9752 1.9226, -6.4024 -0.9266 1.8191, -6.4364 -0.9138 1.8322, -6.5208 -0.6738 1.9154, -6.5444 -0.5451 1.7958, -6.5678 -0.3961 1.702, -6.4265 -0.5364 1.9279, -6.3779 -0.5811 1.989, -6.2238 -0.6522 1.609, -6.2003 -0.8139 1.752, -6.23 -0.8332 1.7367, -6.2639 -0.8481 1.7259, -6.2418 -0.7543 1.6597, -6.2757 -0.7681 1.6476, -6.2536 -0.6683 1.5904, -6.5015 -0.6684 1.6202, -6.478 -0.8277 1.766, -6.4482 -0.844 1.7477, -6.4142 -0.8556 1.7335, -6.5319 -0.7012 1.8906, -6.5555 -0.5674 1.7663, -6.579 -0.4125 1.6689, -6.6026 -0.2401 1.6015, -6.45 -0.4123 1.8335, -6.4383 -0.4765 1.8778, -6.4014 -0.4678 1.8854, -6.3896 -0.527 1.9346, -6.3513 -0.5224 1.9357, -6.3396 -0.5764 1.9896, -6.2242 -0.4891 1.8346, -6.2477 -0.3483 1.7506, -6.2657 -0.4102 1.8115, -6.2473 -0.4666 1.4986, -6.2875 -0.6809 1.577, -6.5357 -0.7293 1.8644, -6.5592 -0.5901 1.7353, -6.5827 -0.4291 1.6342, -6.6063 -0.2499 1.5643, -6.6297 -0.0606 1.529, -6.4735 -0.2717 1.7635, -6.4617 -0.344 1.7954, -6.4249 -0.3369 1.8044, -6.4132 -0.4043 1.8419, -6.3749 -0.4001 1.8438, -6.3631 -0.4634 1.8869, -6.3248 -0.4634 1.8823, -6.2762 -0.5283 1.921, -6.2304 -0.5951 1.9613, -6.335 -0.1861 1.7361, -6.3232 -0.2616 1.7601, -6.3114 -0.3343 1.791, -6.2775 -0.3398 1.7736, -6.2893 -0.2655 1.7422, -6.3011 -0.1883 1.7179, -6.2713 -0.1923 1.6937, -6.2709 -0.2613 1.424, -6.3109 -0.4889 1.4618, -6.4835 -0.5898 1.5371, -6.4612 -0.4986 1.4661, -6.4952 -0.493 1.4836, -6.473 -0.3946 1.4212, -6.507 -0.3908 1.4391, -6.4848 -0.2867 1.3862, -6.525 -0.4846 1.5066, -6.5486 -0.2805 1.4285, -6.5188 -0.2845 1.4043, -6.2422 -0.5384 1.9058, -6.254 -0.4765 1.8556, -6.288 -0.4678 1.8717, -6.2997 -0.403 1.8283, -6.3365 -0.3996 1.8393, -6.3483 -0.3319 1.8022, -6.3866 -0.3328 1.8068, -6.3984 -0.2616 1.7759, -6.4367 -0.2654 1.7732, -6.4485 -0.1911 1.7488, -6.4853 -0.1964 1.7385, -6.497 -0.1193 1.7207, -6.531 -0.1245 1.7031, -6.5427 -0.0441 1.6921, -6.5724 -0.0478 1.6677, -6.4602 -0.115 1.7314, -6.4219 -0.1117 1.7348, -6.3836 -0.1096 1.7307, -6.3468 -0.1088 1.7192, -6.3128 -0.1092 1.7009, -6.2947 -0.0281 1.6669, -6.2944 -0.0458 1.389, -6.3345 -0.2763 1.3837, -6.5318 -0.757 1.8379, -6.5554 -0.6124 1.7041, -6.5789 -0.4452 1.5994, -6.6025 -0.2592 1.5271, -6.6259 -0.0628 1.4907, -6.6495 0.1393 1.4917, -6.5206 0.0396 1.707, -6.5088 -0.0405 1.7101, -6.318 0.175 1.3951, -6.358 -0.053 1.3466, -6.4966 -0.1762 1.3615, -6.5305 -0.1757 1.3798, -6.5083 -0.0636 1.3471, -6.5423 -0.0649 1.3654, -6.5201 0.0508 1.3434, -6.5541 0.0479 1.3615, -6.5319 0.1654 1.3506, -6.5721 -0.0654 1.3899, -6.5957 0.1556 1.3923, -6.5659 0.1607 1.3683, -6.5436 0.2781 1.3683, -6.5206 -0.7833 1.812, -6.5442 -0.6334 1.6737, -6.5676 -0.4602 1.5656, -6.5912 -0.2675 1.4911, -6.6147 -0.0644 1.4538, -6.6383 0.1447 1.4552, -6.6617 0.3492 1.4955, -6.5441 0.1993 1.7234, -6.5324 0.1201 1.7115, -6.4956 0.1212 1.723, -6.4455 0.0445 1.7222, -6.3183 0.1404 1.6713, -6.3417 0.3048 1.707, -6.3598 0.2159 1.7087, -6.3715 0.2953 1.7296, -6.4055 0.2875 1.7461, -6.3414 0.3902 1.442, -6.3816 0.1759 1.3521, -6.5024 -0.8072 1.7877, -6.526 -0.6523 1.6454, -6.5495 -0.4735 1.5343, -6.573 -0.2747 1.4578, -6.5965 -0.0652 1.4198, -6.6201 0.1502 1.4216, -6.6435 0.3609 1.4635, -6.6672 0.5628 1.5452, -6.5676 0.3543 1.7696, -6.5558 0.2774 1.7427, -6.519 0.2764 1.7542, -6.5073 0.1994 1.7349, -6.469 0.2012 1.7393, -6.4573 0.1234 1.7271, -6.4189 0.1266 1.7237, -6.3703 0.0503 1.7075, -6.3245 -0.0287 1.6914, -6.4542 0.3572 1.7832, -6.4173 0.364 1.774, -6.3833 0.3734 1.7583, -6.3654 0.4622 1.7739, -6.365 0.5957 1.5296, -6.4286 0.6123 1.4899, -6.3947 0.6056 1.5071, -6.4168 0.5076 1.4398, -6.3829 0.5027 1.4575, -6.405 0.399 1.4, -6.5776 0.2718 1.3855, -6.5553 0.389 1.3965, -6.5893 0.3811 1.413, -6.5671 0.498 1.4354, -6.6011 0.4886 1.4512, -6.5789 0.603 1.4847, -6.6191 0.3716 1.4357, -6.6427 0.5786 1.5199, -6.6129 0.5922 1.4994, -6.6661 0.7655 1.6407, -6.3363 0.0532 1.6894, -6.3481 0.1352 1.6953, -6.3821 0.1306 1.713, -6.3938 0.2097 1.7259, -6.4307 0.2047 1.7362, -6.4424 0.2816 1.756, -6.4807 0.2779 1.7587, -6.4925 0.3532 1.7856, -6.5308 0.3523 1.781, -6.5426 0.4255 1.8149, -6.5794 0.4286 1.8038, -6.5911 0.4989 1.8446, -6.625 0.5071 1.8281, -6.6367 0.5751 1.8762, -6.6665 0.589 1.8559, -6.3884 0.7805 1.6534, -6.6717 0.7488 2.0563, -6.66 0.6963 1.9906, -6.6261 0.6838 2.0041, -6.6145 0.6271 1.9451, -6.5776 0.6211 1.9549, -6.566 0.5602 1.9022, -6.5277 0.5599 1.9069, -6.516 0.4949 1.86, -6.4777 0.4992 1.8585, -6.466 0.4302 1.8176, -6.4291 0.4378 1.8091, -6.4064 0.7028 1.5656, -6.4181 0.7944 1.6331, -6.4117 0.9393 1.8096, -6.5906 0.7023 1.5431, -6.6246 0.6902 1.5568, -6.6023 0.796 1.6106, -6.6363 0.7826 1.6231, -6.614 0.8829 1.6865, -6.648 0.8684 1.6977, -6.6256 0.9625 1.7704, -6.5497 -0.3805 1.7323, -6.5914 -0.2302 1.637, -6.626 -0.0579 1.5673, -6.6534 0.1342 1.5298, -6.6729 0.3371 1.5304, -6.6853 0.5454 1.5744, -6.6905 0.7453 1.6626, -6.6894 0.927 1.7943, -6.6596 0.9471 1.7802, -6.6373 1.0344 1.8619, -6.7128 1.0583 1.9768, -6.7139 0.9031 1.8121, -6.7087 0.7227 1.6881, -6.6966 0.527 1.6064, -6.6768 0.3251 1.5668, -6.6496 0.1297 1.5679, -6.6149 -0.0548 1.6041, -6.5733 -0.2205 1.6697, -6.6834 0.7952 2.1268, -6.6378 0.7352 2.0686, -6.5893 0.6769 2.0133, -6.5393 0.6203 1.9595, -6.4894 0.5644 1.9057, -6.4408 0.5076 1.8507, -6.3952 0.4486 1.7943, -6.4069 0.5197 1.837, -6.4525 0.5734 1.8987, -6.501 0.6248 1.9588, -6.551 0.6757 2.0179, -6.601 0.7274 2.0772, -6.6495 0.7805 2.1378, -6.4185 0.5868 1.8862, -6.4642 0.6345 1.9527, -6.5127 0.6803 2.0176, -6.5627 0.7258 2.0816, -6.6127 0.7719 2.1456, -6.4875 0.741 2.0775, -6.4419 0.706 2.0026, -6.4536 0.7573 2.0691, -6.4121 0.726 1.9885, -6.4355 0.8248 2.1303, -6.4298 0.8792 1.7088, -6.4414 0.9568 1.7922, -6.4351 1.0676 1.9941, -6.6613 0.8196 2.212, -6.7071 0.8681 2.2817, -6.6952 0.8353 2.2024, -6.7368 0.8907 2.2719, -6.7132 0.8155 2.113, -6.6898 0.7137 1.9732, -6.6484 0.6382 1.9304, -6.6028 0.5654 1.8918, -6.5543 0.4948 1.8553, -6.5043 0.426 1.8196, -6.5361 0.7745 2.1504, -6.4992 0.7855 2.1472, -6.4653 0.8025 2.1404, -6.4591 0.8966 2.2907, -6.4531 1.0267 1.8831, -6.4648 1.088 1.9803, -6.4587 1.1606 2.2024, -6.6713 1.0181 1.8702, -6.649 1.0977 1.9599, -6.683 1.0807 1.9667, -6.6608 1.1521 2.0647, -6.6948 1.1346 2.0698, -6.6726 1.1965 2.1744, -6.5968 -0.0514 1.638, -6.6385 0.1259 1.6047, -6.673 0.3136 1.6035, -6.7004 0.5084 1.64, -6.72 0.6987 1.7161, -6.732 0.8762 1.833, -6.7372 1.0315 1.9899, -6.7364 1.1547 2.1836, -6.7066 1.1785 2.1779, -6.7598 1.2105 2.4039, -6.7609 1.1259 2.1914, -6.7554 1.0012 2.0054, -6.7433 0.8474 1.8561, -6.7238 0.6742 1.7456, -6.6967 0.4902 1.6738, -6.6619 0.303 1.6389, -6.6204 0.1229 1.6386, -6.3888 0.6039 1.8686, -6.4302 0.649 1.9415, -6.4758 0.6905 2.0124, -6.5244 0.7304 2.0817, -6.5744 0.7699 2.1499, -6.6245 0.8103 2.2189, -6.6731 0.8516 2.2898, -6.7187 0.8932 2.3633, -6.7602 0.9347 2.4417, -6.6848 0.876 2.3697, -6.648 0.8656 2.3748, -6.6097 0.8625 2.3783, -6.5714 0.8668 2.3801, -6.5345 0.8782 2.3801, -6.5006 0.8964 2.3783, -6.4825 0.937 2.4612, -6.4766 1.1405 2.084, -6.4884 1.1832 2.1926, -6.4821 1.2128 2.4234, -6.8138 1.0341 2.4242, -6.8374 1.0474 2.6208, -6.8411 1.0858 2.6225, -6.8263 1.0105 2.6197, -6.8026 0.9976 2.43, -6.7793 0.9504 2.2488, -6.8082 0.9764 2.6192, -6.7845 0.9641 2.4359, -6.7612 0.9185 2.2608, -6.7375 0.8407 2.0969, -6.7838 0.9465 2.6193, -6.6597 0.8822 2.456, -6.6214 0.8787 2.4592, -6.5831 0.8828 2.4614, -6.5462 0.8942 2.4625, -6.5123 0.9125 2.4624, -6.5061 0.9451 2.6389, -6.5001 1.2152 2.3039, -6.5118 1.2368 2.418, -6.5057 1.2231 2.6535, -6.6843 1.2302 2.287, -6.7183 1.212 2.2888, -6.696 1.2533 2.4026, -6.73 1.235 2.4027, -6.7078 1.2657 2.5211, -6.7418 1.2475 2.5195, -6.7196 1.2668 2.6406, -6.7313 1.2567 2.7588, -6.7536 1.2488 2.6373, -6.6438 0.2938 1.6717, -6.6674 0.4579 1.7371, -6.6855 0.4731 1.7066, -6.7089 0.6272 1.8046, -6.7201 0.65 1.7755, -6.7434 0.7885 1.9055, -6.7471 0.8178 1.8806, -6.7705 0.935 2.0413, -6.7667 0.9686 2.0228, -6.7903 1.058 2.212, -6.7791 1.0932 2.201, -6.8024 1.1469 2.4096, -6.7843 1.1808 2.4062, -6.8079 1.1948 2.6306, -6.7834 1.2245 2.6339, -6.6908 0.6066 1.8317, -6.7322 0.7607 1.9298, -6.7668 0.9016 2.0603, -6.7941 1.0215 2.2239, -6.8137 1.1102 2.4138, -6.8261 1.1609 2.6275, -6.7141 0.7355 1.9527, -6.7556 0.8698 2.0791, -6.7904 0.9851 2.2363, -6.8175 1.0721 2.4187, -6.8373 1.1241 2.6248, -6.7657 0.9152 2.7064, -6.7318 0.8968 2.7061, -6.695 0.8853 2.707, -6.6567 0.8811 2.7092, -6.6184 0.8844 2.7124, -6.5815 0.8951 2.7166, -6.5476 0.9127 2.7216, -6.5295 0.9199 2.8146, -6.5236 1.2478 2.5349, -6.5354 1.2477 2.6527, -6.5291 1.1903 2.8805, -6.3007 -0.8581 1.7201, -6.3125 -0.7775 1.6409, -6.3243 -0.6896 1.5694, -6.336 -0.5957 1.5066, -6.3478 -0.496 1.4527, -6.3596 -0.3908 1.4081, -6.3714 -0.2816 1.3735, -6.3831 -0.17 1.3493, -6.3948 -0.0563 1.3356, -6.4066 0.0592 1.3326, -6.4184 0.1747 1.3406, -6.4301 0.2883 1.3593, -6.4418 0.4 1.3884, -6.4537 0.5097 1.4285, -6.4655 0.6154 1.4788, -6.4403 0.711 1.5492, -6.4772 0.7152 1.5384, -6.452 0.8041 1.6175, -6.4889 0.8092 1.6071, -6.4637 0.8903 1.6941, -6.5005 0.8964 1.6843, -6.4753 0.9692 1.7787, -6.5122 0.9761 1.7694, -6.487 1.0403 1.8708, -6.5239 1.0481 1.8622, -6.4987 1.1027 1.9693, -6.5356 1.1112 1.9615, -6.5105 1.1563 2.0745, -6.5474 1.1655 2.0675, -6.5224 1.1997 2.1845, -6.5592 1.2095 2.1785, -6.5341 1.2324 2.2974, -6.5709 1.2428 2.2923, -6.5457 1.2546 2.4131, -6.5826 1.2654 2.409, -6.5576 1.2659 2.5317, -6.5944 1.2771 2.5287, -6.5694 1.266 2.6512, -6.6062 1.2774 2.6492, -6.581 1.255 2.7693, -6.6179 1.2665 2.7684, -6.339 -0.8627 1.7194, -6.3508 -0.7821 1.6398, -6.3626 -0.6941 1.5679, -6.3743 -0.6 1.5047, -6.3861 -0.5001 1.4504, -6.3979 -0.3947 1.4054, -6.4097 -0.2852 1.3704, -6.4214 -0.1733 1.3459, -6.4331 -0.0592 1.3319, -6.4449 0.0566 1.3287, -6.4567 0.1725 1.3365, -6.4684 0.2865 1.3549, -6.4801 0.3986 1.384, -6.492 0.5087 1.4239, -6.5038 0.6148 1.4741, -6.5155 0.7151 1.5337, -6.5272 0.8096 1.6024, -6.5388 0.8972 1.6796, -6.5505 0.9773 1.7649, -6.5622 1.0497 1.8578, -6.5739 1.1133 1.9573, -6.5857 1.1679 2.0635, -6.5975 1.2123 2.1747, -6.6092 1.2459 2.2888, -6.6209 1.2688 2.4058, -6.6327 1.2808 2.5258, -6.6445 1.2814 2.6467, -6.6562 1.2707 2.7663, -6.3773 -0.8619 1.7239, -6.3891 -0.7817 1.6444, -6.4009 -0.6941 1.5725, -6.4127 -0.6004 1.5093, -6.4244 -0.501 1.4549, -6.4362 -0.396 1.4098, -6.448 -0.2869 1.3747, -6.4597 -0.1754 1.35, -6.4714 -0.0617 1.3358, -6.4832 0.0538 1.3324, -6.495 0.1694 1.3399, -6.5068 0.2831 1.358, -6.5185 0.3949 1.3867, -6.5303 0.5048 1.4262, -6.5421 0.6107 1.4761, -6.5538 0.7107 1.5353, -6.5655 0.8051 1.6036, -6.5771 0.8926 1.6804, -6.5888 0.9727 1.7652, -6.6005 1.0451 1.8577, -6.6122 1.1087 1.9567, -6.624 1.1634 2.0625, -6.6358 1.2079 2.1733, -6.6475 1.2416 2.287, -6.6592 1.2647 2.4036, -6.671 1.2769 2.5233, -6.6828 1.2778 2.6438, -6.6945 1.2674 2.763, -6.1768 -0.9448 1.9212, -6.7653 1.2391 2.7538, -6.7774 0.9006 2.7918, -6.7435 0.8823 2.7899, -6.7542 0.8622 2.8651, -6.7067 0.8707 2.7897, -6.7174 0.8507 2.864, -6.6684 0.8664 2.7915, -6.6791 0.8462 2.8654, -6.6301 0.8693 2.795, -6.6408 0.8488 2.8691, -6.5932 0.8796 2.8001, -6.6039 0.8586 2.8752, -6.5592 0.8966 2.8068, -6.5806 0.8469 2.9578, -6.777 1.2186 2.8693, -6.7537 1.207 2.981, -6.743 1.2357 2.8759, -6.7169 1.2167 2.987, -6.7062 1.2459 2.8811, -6.6785 1.2194 2.9907, -6.6679 1.2489 2.8846, -6.6402 1.2149 2.9921, -6.6296 1.2445 2.8863, -6.6034 1.2034 2.991, -6.5927 1.233 2.8862, -6.8285 0.8766 2.9515, -6.7988 0.8533 2.9437, -6.8105 0.8163 3.0234, -6.852 0.7934 3.1115, -6.5743 0.782 3.1276, -6.5923 0.8086 3.0368, -6.5508 0.8685 2.9694, -6.8072 0.9249 2.7956, -6.8315 0.9543 2.801, -6.8496 0.9877 2.8078, -6.8608 1.0238 2.8158, -6.8645 1.0612 2.8246, -6.8607 1.0984 2.8339, -6.8494 1.1341 2.8434, -6.8312 1.1668 2.8527, -6.8068 1.1954 2.8615, -6.8281 1.132 3.0623, -6.8101 1.1031 3.1811, -6.7984 1.1536 3.074, -6.7761 1.1178 3.192, -6.7644 1.1693 3.0834, -6.7393 1.1264 3.1996, -6.7275 1.1785 3.0902, -6.7009 1.1283 3.2038, -6.6892 1.1808 3.0942, -6.6626 1.1237 3.2043, -6.6509 1.1762 3.0952, -6.6258 1.1126 3.2012, -6.6141 1.1649 3.0931, -6.5919 1.0954 3.1945, -6.5802 1.1472 3.088, -6.5471 1.2366 2.7691, -6.5588 1.2147 2.8842, -6.5504 1.1239 3.0802, -6.5739 1.0123 3.2839, -6.6036 1.0338 3.296, -6.6375 1.0502 3.3042, -6.6744 1.061 3.3084, -6.7127 1.0657 3.3083, -6.751 1.0641 3.304, -6.7878 1.0564 3.2955, -6.8218 1.0427 3.2834, -6.8516 1.0237 3.2679, -6.8222 0.7719 3.0995, -6.834 0.7202 3.1716, -6.8755 0.6807 3.2546, -6.5978 0.6666 3.2683, -6.6158 0.7102 3.1833, -6.6041 0.763 3.1121, -6.8458 0.6619 3.2388, -6.8575 0.5973 3.3002, -6.899 0.5426 3.3746, -6.6213 0.5262 3.3854, -6.6393 0.5852 3.3099, -6.6276 0.6508 3.2495, -6.6209 0.6832 3.6153, -6.5974 0.8637 3.4649, -6.6271 0.8825 3.4807, -6.6154 0.9626 3.3918, -6.6389 0.7943 3.5617, -6.8693 0.527 3.3556, -6.881 0.4517 3.4043, -6.9225 0.3836 3.4675, -6.6448 0.3654 3.475, -6.6628 0.438 3.4115, -6.6511 0.5141 3.364, -6.6444 0.4769 3.7301, -6.6506 0.6987 3.6343, -6.6728 0.8078 3.5742, -6.6979 0.9069 3.498, -6.7096 0.817 3.5812, -6.6846 0.711 3.648, -6.6624 0.5965 3.6979, -6.8927 0.3718 3.4458, -6.9045 0.2881 3.4798, -6.946 0.2088 3.5293, -6.6683 0.1896 3.5333, -6.6863 0.2734 3.4843, -6.6746 0.3576 3.4517, -6.6679 0.2515 3.8047, -6.6741 0.4886 3.7517, -6.6963 0.6075 3.7127, -6.7214 0.7195 3.6559, -6.7479 0.8216 3.5824, -6.7745 0.9108 3.4942, -6.7996 0.9851 3.3935, -6.6976 0.259 3.8281, -6.6859 0.3757 3.7953, -6.7198 0.3837 3.8118, -6.708 0.4981 3.7675, -6.7449 0.505 3.7767, -6.7331 0.6152 3.7213, -6.7714 0.6194 3.7233, -6.7597 0.7239 3.6575, -6.798 0.724 3.6529, -6.7863 0.8213 3.5778, -6.8231 0.8161 3.5676, -6.8114 0.9048 3.4845, -6.8453 0.8936 3.47, -6.8336 0.9727 3.3801, -6.7093 0.1397 3.85, -6.7315 0.2654 3.8454, -6.7566 0.3897 3.8217, -6.7832 0.509 3.7792, -6.8097 0.62 3.7187, -6.8348 0.7199 3.6422, -6.8571 0.8064 3.5521, -6.9221 0.495 3.7226, -6.9456 0.2707 3.8007, -6.9158 0.2741 3.825, -6.8806 0.6102 3.6907, -6.8986 0.6996 3.6045, -6.8923 0.5029 3.7458, -6.904 0.3905 3.7907, -6.9162 0.2013 3.5058, -6.928 0.1123 3.5237, -6.9694 0.0248 3.5577, -6.6917 0.0052 3.558, -6.7098 0.097 3.5254, -6.698 0.1862 3.509, -6.6913 0.0156 3.8362, -6.9397 0.0218 3.5332, -6.9515 -0.0699 3.5342, -6.993 -0.1633 3.551, -6.7153 -0.1826 3.5477, -6.7333 -0.0853 3.533, -6.7215 0.0064 3.5335, -6.7149 -0.2244 3.8229, -6.7211 0.0186 3.8607, -6.7433 0.1445 3.8677, -6.7684 0.2705 3.8557, -6.7949 0.3935 3.8245, -6.8215 0.51 3.7747, -6.8466 0.6169 3.7077, -6.8688 0.7116 3.6259, -6.8751 0.8778 3.4512, -6.969 0.0352 3.8359, -6.951 -0.0885 3.861, -6.9392 0.034 3.8604, -6.9275 0.155 3.8483, -6.9632 -0.1617 3.5265, -6.9749 -0.252 3.5103, -7.0164 -0.3469 3.5095, -6.7387 -0.3653 3.5027, -6.7568 -0.2669 3.5063, -6.745 -0.1769 3.5239, -6.7902 -0.3481 3.8422, -6.7563 -0.346 3.8239, -6.7785 -0.2264 3.8659, -6.7446 -0.226 3.8475, -6.7668 -0.1025 3.8782, -6.7328 -0.1039 3.8598, -6.755 0.0216 3.8788, -6.8271 -0.3483 3.8537, -6.8154 -0.2255 3.8774, -6.8036 -0.1005 3.8896, -6.7918 0.0247 3.8899, -6.7801 0.1485 3.8786, -6.8654 -0.3466 3.8581, -6.8537 -0.2234 3.8816, -6.8419 -0.0981 3.8935, -6.8301 0.0275 3.8937, -6.8184 0.1517 3.882, -6.8067 0.2739 3.8589, -6.9037 -0.3431 3.8551, -6.892 -0.2201 3.8783, -6.8802 -0.0951 3.89, -6.8684 0.0301 3.8898, -6.8567 0.1539 3.878, -6.845 0.2758 3.8546, -6.8332 0.3949 3.8201, -6.9405 -0.3378 3.845, -6.9288 -0.2159 3.8677, -6.917 -0.0919 3.879, -6.9053 0.0323 3.8786, -6.8935 0.155 3.8666, -6.8818 0.2758 3.8432, -6.8701 0.3939 3.8087, -6.8583 0.5079 3.7634, -6.7383 -0.4575 3.7654, -6.768 -0.4636 3.7892, -6.8019 -0.4674 3.8072, -6.8388 -0.4686 3.8187, -6.8771 -0.4674 3.8232, -6.9154 -0.4636 3.8206, -6.9522 -0.4574 3.8109, -6.9862 -0.4491 3.7946, -7.016 -0.4391 3.7722, -6.9866 -0.3408 3.4857, -6.9984 -0.4276 3.4525, -7.0399 -0.5218 3.4334, -6.7622 -0.5386 3.4232, -6.7802 -0.4415 3.4458, -6.7685 -0.3552 3.4803, -7.0102 -0.5113 3.4111, -7.0219 -0.5905 3.3622, -7.0634 -0.6795 3.3259, -6.7857 -0.6942 3.3128, -6.8038 -0.6029 3.3531, -6.792 -0.5245 3.4031, -6.7853 -0.8762 3.5234, -6.7619 -0.6782 3.664, -6.7916 -0.6887 3.6863, -6.7798 -0.5784 3.7431, -6.8033 -0.7929 3.6196, -7.0337 -0.6651 3.306, -7.0455 -0.7347 3.2424, -7.087 -0.816 3.1892, -6.8093 -0.8279 3.1736, -6.8273 -0.7451 3.2311, -6.8155 -0.6766 3.2957, -6.8089 -1.0461 3.3464, -6.815 -0.8906 3.5434, -6.8372 -0.8015 3.6359, -6.8623 -0.6992 3.7143, -6.8741 -0.8059 3.6465, -6.849 -0.9007 3.5587, -6.8268 -0.9815 3.4576, -7.0396 -0.6614 3.6742, -7.063 -0.8616 3.5366, -7.0332 -0.8791 3.5537, -7.045 -0.971 3.4689, -7.011 -0.9858 3.4797, -6.986 -1.0808 3.3899, -7.0228 -1.0704 3.385, -7.0568 -1.0547 3.3756, -7.0866 -1.0342 3.3621, -7.0572 -0.7981 3.1723, -7.0689 -0.8544 3.0971, -7.1103 -0.9244 3.0299, -6.8326 -0.9332 3.0124, -6.8508 -0.8626 3.084, -6.8391 -0.8075 3.1601, -6.8323 -1.1796 3.1418, -6.8386 -1.0641 3.3633, -6.8608 -0.993 3.4719, -6.8858 -0.9061 3.569, -6.9124 -0.8059 3.6512, -6.939 -0.6945 3.7171, -6.964 -0.5743 3.7653, -6.862 -1.2004 3.155, -6.8503 -1.137 3.2625, -6.8842 -1.151 3.2744, -6.8726 -1.0769 3.3765, -6.9094 -1.0841 3.3855, -6.8976 -0.9993 3.4816, -6.9359 -1.0002 3.4862, -6.9241 -0.9066 3.5736, -6.9624 -0.9021 3.5726, -6.9507 -0.8016 3.6498, -6.9875 -0.793 3.6422, -6.9758 -0.6867 3.7088, -7.0098 -0.6755 3.6943, -6.998 -0.5646 3.7498, -6.8738 -1.254 3.0408, -6.8959 -1.2154 3.1656, -6.9211 -1.159 3.2827, -6.9477 -1.0854 3.39, -6.9742 -0.9956 3.4856, -6.9993 -0.8928 3.5658, -7.0215 -0.7805 3.6288, -7.0685 -1.1288 3.2755, -7.0345 -1.1453 3.2834, -6.9977 -1.1561 3.2873, -6.9594 -1.1607 3.2871, -6.9327 -1.2242 3.1732, -6.971 -1.2263 3.1773, -7.0094 -1.2217 3.178, -7.0462 -1.2106 3.1751, -7.0802 -1.1935 3.1688, -7.11 -1.1708 3.1593, -7.0806 -0.9036 3.0167, -7.0924 -0.9456 2.931, -7.1339 -1.0022 2.8505, -6.6514 0.822 2.9415, -6.6146 0.8312 2.9483, -6.6632 0.7853 3.0183, -6.6263 0.7939 3.0259, -6.6749 0.7416 3.0915, -6.638 0.7493 3.0999, -6.6866 0.6908 3.1608, -6.6498 0.6977 3.1699, -6.6984 0.6336 3.2253, -6.6616 0.6396 3.235, -6.7102 0.5704 3.2841, -6.6733 0.5755 3.2944, -6.7219 0.5017 3.337, -6.685 0.5059 3.3477, -6.7336 0.4282 3.3834, -6.6968 0.4313 3.3944, -6.7454 0.3504 3.4229, -6.7085 0.3525 3.4341, -6.7571 0.269 3.4549, -6.7203 0.27 3.4664, -6.7689 0.1845 3.4793, -6.732 0.1845 3.4908, -6.7806 0.0981 3.4957, -6.7437 0.097 3.5071, -6.7923 0.0103 3.5041, -6.7555 0.0081 3.5153, -6.8041 -0.0787 3.5041, -6.7672 -0.0819 3.515, -6.8159 -0.1675 3.4957, -6.779 -0.1718 3.5063, -6.8276 -0.255 3.4791, -6.7907 -0.2602 3.4893, -6.8393 -0.3408 3.4543, -6.8024 -0.3469 3.464, -6.8511 -0.4247 3.4213, -6.8142 -0.4318 3.4303, -6.8629 -0.5054 3.3803, -6.826 -0.5133 3.3887, -6.8746 -0.5818 3.3321, -6.8377 -0.5904 3.3397, -6.8863 -0.6536 3.2768, -6.8495 -0.6629 3.2835, -6.8981 -0.7205 3.2144, -6.8612 -0.7304 3.2203, -6.9099 -0.7814 3.1458, -6.873 -0.7918 3.1507, -6.9216 -0.8353 3.0722, -6.8847 -0.8461 3.0761, -6.9333 -0.8823 2.9937, -6.8964 -0.8934 2.9966, -6.9451 -0.9222 2.9101, -6.9082 -0.9335 2.9119, -6.9569 -0.9541 2.8228, -6.92 -0.9655 2.8235, -6.9685 -0.9776 2.7334, -6.8562 -1.0076 2.8316, -6.8742 -0.9512 2.9166, -6.8624 -0.9105 3.0029, -6.8559 -1.2739 2.9126, -7.092 -1.2485 3.0552, -7.058 -1.2662 3.0599, -7.0212 -1.2775 3.0617, -6.9828 -1.2819 3.0606, -6.9445 -1.2794 3.0566, -6.9077 -1.27 3.0499, -6.8856 -1.2968 2.9217, -6.9195 -1.3135 2.9293, -6.9563 -1.3235 2.9351, -6.9946 -1.3264 2.9388, -7.033 -1.322 2.9403, -7.0698 -1.3106 2.9395, -7.1038 -1.2926 2.9366, -7.1336 -1.2686 2.9315, -7.1042 -0.9794 2.8413, -7.1159 -1.0045 2.7496, -7.1573 -1.0451 2.6604, -6.728 0.8242 2.9366, -6.6897 0.8196 2.9375, -6.7398 0.788 3.0136, -6.7015 0.7834 3.0141, -6.7515 0.7447 3.0871, -6.7132 0.74 3.0872, -6.7633 0.6943 3.1567, -6.725 0.6896 3.1564, -6.775 0.6375 3.2215, -6.7367 0.6328 3.2207, -6.7868 0.5746 3.2808, -6.7485 0.5701 3.2795, -6.7985 0.5063 3.334, -6.7602 0.5019 3.3324, -6.8103 0.433 3.3809, -6.7719 0.4288 3.3789, -6.822 0.3554 3.4208, -6.7837 0.3514 3.4184, -6.8337 0.2741 3.4533, -6.7954 0.2704 3.4506, -6.8455 0.1899 3.4782, -6.8072 0.1864 3.4751, -6.8572 0.1035 3.4951, -6.8189 0.1003 3.4917, -6.8689 0.0157 3.504, -6.8306 0.0128 3.5002, -6.8807 -0.0733 3.5045, -6.8424 -0.0758 3.5005, -6.8925 -0.1622 3.4966, -6.8542 -0.1643 3.4924, -6.9042 -0.2498 3.4805, -6.8659 -0.2515 3.4761, -6.9159 -0.3357 3.4562, -6.8776 -0.337 3.4517, -6.9277 -0.4199 3.4236, -6.8894 -0.4207 3.419, -6.9395 -0.5008 3.3831, -6.9012 -0.5012 3.3784, -6.9512 -0.5775 3.3353, -6.9129 -0.5775 3.3306, -6.9629 -0.6496 3.2804, -6.9246 -0.6491 3.2758, -6.9747 -0.7168 3.2184, -6.9364 -0.7159 3.2138, -6.9865 -0.7781 3.1501, -6.9482 -0.7768 3.1456, -6.9982 -0.8324 3.0768, -6.9599 -0.8307 3.0724, -7.0099 -0.8798 2.9985, -6.9716 -0.8777 2.9944, -7.0217 -0.9202 2.9151, -6.9834 -0.9177 2.9112, -7.0335 -0.9526 2.828, -6.9952 -0.9497 2.8243, -7.0451 -0.9766 2.7388, -7.0068 -0.9734 2.7354, -7.0568 -0.9922 2.6475, -7.0185 -0.9887 2.6443, -7.0686 -0.9993 2.554, -6.8796 -1.0469 2.6408, -6.8977 -1.0073 2.7344, -6.886 -0.9836 2.8265, -6.8792 -1.3236 2.671, -7.1276 -1.021 2.6556, -7.1394 -1.0287 2.5594, -7.1809 -1.052 2.4628, -7.1511 -1.0273 2.4626, -7.2012 -1.0278 2.2925, -6.7649 0.8356 2.9387, -6.7766 0.7992 3.0167, -6.7883 0.7554 3.0913, -6.8001 0.7047 3.1619, -6.8118 0.6473 3.2276, -6.8236 0.5838 3.2877, -6.8353 0.5148 3.3419, -6.8471 0.4407 3.3895, -6.8588 0.3623 3.4301, -6.8706 0.2801 3.4632, -6.8823 0.1949 3.4886, -6.894 0.1076 3.506, -6.9058 0.0187 3.5151, -6.9175 -0.0713 3.5158, -6.9293 -0.1613 3.5081, -6.941 -0.2499 3.492, -6.9527 -0.337 3.4677, -6.9645 -0.4222 3.4349, -6.9763 -0.5042 3.3942, -6.988 -0.5819 3.346, -6.9997 -0.655 3.2906, -7.0115 -0.7232 3.2281, -7.0233 -0.7853 3.1591, -7.035 -0.8404 3.0851, -7.0467 -0.8886 3.0061, -7.0585 -0.9296 2.9218, -7.0703 -0.9626 2.8337, -7.082 -0.9871 2.7436, -7.0937 -1.0031 2.6513, -7.1054 -1.0105 2.5568, -7.1172 -1.009 2.4617, -6.992 -0.9993 2.5486, -6.9032 -1.05 2.4432, -6.9212 -1.0287 2.544, -6.9094 -1.0224 2.6403, -6.9028 -1.3275 2.4212, -6.909 -1.3478 2.6758, -6.8973 -1.328 2.8001, -6.9207 -1.356 2.5488, -6.9232 -1.293 2.2068, -6.9325 -1.3521 2.4213, -6.9547 -1.3742 2.5515, -6.9797 -1.3766 2.684, -7.0063 -1.359 2.8143, -7.0815 -1.3434 2.8165, -7.1155 -1.3251 2.8152, -7.0932 -1.3647 2.6907, -7.1271 -1.3464 2.6911, -7.1049 -1.3742 2.5621, -7.1389 -1.3561 2.5642, -7.1167 -1.3715 2.4328, -6.9551 -1.0105 2.5461, -7.0038 -0.997 2.4546, -6.9669 -1.0079 2.4511, -7.014 -0.9879 2.3735, -6.9873 -0.9824 2.2881, -7.0242 -0.9722 2.2933, -7.0518 -1.3733 2.3138, -7.0135 -1.369 2.3118, -7.0901 -1.37 2.3171, -7.1715 -1.0035 2.2963, -7.1833 -0.9774 2.2022, -7.2248 -0.9656 2.1025, -6.9471 -0.957 2.0848, -6.9651 -0.972 2.1878, -6.9235 -1.0227 2.2735, -6.9533 -0.9995 2.2814, -6.933 -1.0258 2.4472, -6.9467 -1.2101 1.9687, -6.9529 -1.3173 2.203, -6.9664 -1.3705 2.4223, -6.9915 -1.3854 2.5542, -7.018 -1.3801 2.6871, -7.0446 -1.3549 2.8162, -6.9986 -1.2991 2.0761, -6.9647 -1.2811 2.0799, -6.9868 -1.3356 2.201, -7.0563 -1.3761 2.6894, -7.0298 -1.3892 2.557, -7.0033 -1.3819 2.424, -7.1951 -0.9424 2.1108, -7.2068 -0.8992 2.0234, -7.2482 -0.8691 1.9276, -6.9705 -0.8574 1.9118, -6.9886 -0.8912 2.0101, -6.9769 -0.9357 2.0969, -6.9701 -1.0845 1.7509, -7.2244 -1.2186 1.9864, -7.2478 -1.0962 1.7667, -7.218 -1.1149 1.7508, -7.1829 -1.2864 2.0943, -7.2009 -1.298 2.2258, -7.1946 -1.2399 1.9743, -7.2063 -1.1827 1.8598, -7.2185 -0.8478 1.9401, -7.2301 -0.7893 1.8622, -7.2714 -0.7421 1.7738, -6.9937 -0.7277 1.7604, -7.0119 -0.779 1.8507, -7.0003 -0.8387 1.9277, -7.1003 -1.3485 2.206, -7.0737 -1.3151 2.0762, -7.0472 -1.2621 1.9527, -7.0221 -1.1917 1.8395, -6.9999 -1.1057 1.7384, -6.9934 -0.9212 1.5603, -7.0231 -0.9398 1.5442, -7.0115 -1.0274 1.6375, -7.0454 -1.0428 1.6275, -7.0338 -1.122 1.7298, -7.0706 -1.1327 1.7254, -7.0589 -1.2028 1.8362, -7.0972 -1.2074 1.8366, -7.0855 -1.2668 1.9536, -7.1238 -1.2645 1.9576, -7.112 -1.3124 2.08, -7.1489 -1.3028 2.0861, -7.1371 -1.3383 2.2112, -7.1711 -1.3213 2.2179, -7.1507 -1.3537 2.4367, -7.1805 -1.3295 2.4407, -7.1569 -1.3219 2.6906, -7.2417 -0.7235 1.79, -7.2534 -0.6504 1.7234, -7.2949 -0.5865 1.6444, -7.0172 -0.5699 1.634, -7.0352 -0.6382 1.714, -7.0235 -0.7122 1.7794, -7.0168 -0.7229 1.4014, -7.2711 -0.9356 1.5737, -7.253 -0.8551 1.4679, -7.2413 -0.9511 1.5547, -7.2297 -1.0376 1.649, -7.2651 -0.5713 1.6638, -7.2769 -0.4864 1.6115, -7.3184 -0.4081 1.5454, -7.0407 -0.3898 1.5382, -7.0587 -0.4726 1.6045, -7.047 -0.5582 1.6555, -7.0922 -0.6368 1.3004, -7.0583 -0.6261 1.3154, -7.0804 -0.7501 1.3682, -7.0465 -0.7381 1.3821, -7.0687 -0.8561 1.4458, -7.0348 -0.8428 1.4585, -7.057 -0.9542 1.5327, -7.129 -0.6444 1.2917, -7.1173 -0.7585 1.3602, -7.1055 -0.8652 1.4386, -7.0938 -0.9639 1.5264, -7.0822 -1.053 1.6221, -7.1673 -0.6485 1.2895, -7.1556 -0.7629 1.3585, -7.1438 -0.8697 1.4373, -7.1321 -0.9685 1.5256, -7.1205 -1.0577 1.6217, -7.1089 -1.1374 1.7254, -7.2056 -0.6492 1.2941, -7.1939 -0.7631 1.3631, -7.1822 -0.8695 1.4419, -7.1704 -0.9679 1.5301, -7.1588 -1.0566 1.6262, -7.1472 -1.1359 1.7298, -7.1355 -1.2056 1.8408, -7.2425 -0.6463 1.3052, -7.2307 -0.7591 1.3738, -7.219 -0.8645 1.4523, -7.2073 -0.962 1.54, -7.1957 -1.0499 1.6354, -7.1841 -1.1283 1.7384, -7.1724 -1.1972 1.8486, -7.1607 -1.2554 1.9646, -7.0403 -0.4967 1.2811, -7.07 -0.5081 1.2593, -7.1039 -0.5173 1.2434, -7.1408 -0.524 1.234, -7.1791 -0.528 1.2315, -7.2174 -0.5291 1.236, -7.2542 -0.5272 1.2473, -7.2882 -0.5224 1.265, -7.318 -0.515 1.2883, -7.2886 -0.3967 1.5672, -7.3004 -0.303 1.5315, -7.3418 -0.2133 1.4811, -7.3121 -0.2062 1.5047, -7.3487 -0.1546 1.4693, -7.0641 -0.194 1.4775, -7.0822 -0.2882 1.5272, -7.0705 -0.3823 1.5615, -7.1003 -0.1832 1.1677, -7.1342 -0.1883 1.15, -7.1711 -0.1926 1.1393, -7.2094 -0.1959 1.1359, -7.2477 -0.198 1.14, -7.2845 -0.1989 1.1514, -7.3185 -0.1985 1.1697, -7.3483 -0.1968 1.1942, -7.3415 -0.2705 1.2087, -7.3189 -0.1488 1.4933, -7.3307 -0.0482 1.4809, -7.3722 0.0521 1.4535, -7.0945 0.0717 1.4545, -7.1125 -0.0328 1.4803, -7.071 -0.1351 1.4667, -7.1008 -0.1335 1.4912, -7.0939 -0.191 1.5018, -7.3425 0.0533 1.478, -7.3542 0.1543 1.4847, -7.3956 0.2579 1.4765, -7.1179 0.2769 1.4811, -7.136 0.1696 1.487, -7.1243 0.0688 1.4789, -7.1175 0.3383 1.2096, -7.0942 0.0816 1.1763, -7.1239 0.0804 1.1517, -7.1121 -0.0519 1.1535, -7.1356 0.2116 1.1624, -7.3659 0.2545 1.5008, -7.3777 0.3536 1.5264, -7.4191 0.458 1.538, -7.1414 0.4759 1.5461, -7.1595 0.3682 1.5315, -7.1477 0.2695 1.5045, -7.1411 0.5868 1.2908, -7.1473 0.3416 1.1852, -7.1695 0.2116 1.144, -7.1946 0.0764 1.1221, -7.2063 0.2104 1.1325, -7.1812 0.3433 1.1669, -7.159 0.4699 1.2203, -7.3894 0.4502 1.5613, -7.4012 0.5432 1.6052, -7.4426 0.644 1.6363, -7.165 0.66 1.6477, -7.183 0.5566 1.6129, -7.1712 0.4642 1.5677, -7.1646 0.8166 1.4175, -7.1708 0.5947 1.2675, -7.193 0.4733 1.2023, -7.218 0.3432 1.1554, -7.2446 0.2082 1.1284, -7.2712 0.071 1.1218, -7.2963 -0.066 1.1358, -7.1943 0.8287 1.3961, -7.1825 0.7146 1.3262, -7.2165 0.7213 1.3091, -7.2047 0.5997 1.2498, -7.2415 0.6018 1.2384, -7.2298 0.4744 1.1908, -7.2681 0.473 1.1863, -7.2563 0.3414 1.151, -7.2946 0.338 1.1541, -7.2829 0.2051 1.1317, -7.3198 0.2011 1.1424, -7.3081 0.068 1.1329, -7.3421 0.0649 1.1509, -7.3303 -0.0674 1.1541, -7.2061 0.936 1.4764, -7.2282 0.8369 1.3797, -7.2533 0.7244 1.298, -7.2798 0.6009 1.2339, -7.3064 0.4692 1.189, -7.3315 0.333 1.1644, -7.3538 0.1964 1.1601, -7.4188 0.569 1.2826, -7.4423 0.8006 1.4062, -7.4125 0.8161 1.3872, -7.3772 0.4554 1.2153, -7.3952 0.3192 1.2049, -7.389 0.5806 1.2611, -7.4007 0.7012 1.3185, -7.4129 0.6319 1.6578, -7.4247 0.7156 1.7186, -7.4661 0.8093 1.7683, -7.1884 0.8229 1.7824, -7.2065 0.7273 1.7286, -7.1947 0.6445 1.6667, -7.1881 1.0197 1.5855, -7.4364 0.7934 1.7871, -7.4481 0.8645 1.8628, -7.4896 0.9475 1.9294, -7.2119 0.9582 1.9459, -7.23 0.8741 1.8748, -7.2182 0.8041 1.7982, -7.2115 1.1882 1.789, -7.2178 1.0355 1.5667, -7.24 0.9457 1.4608, -7.265 0.8411 1.3689, -7.2916 0.7239 1.2933, -7.3182 0.5969 1.2362, -7.3432 0.4633 1.1988, -7.3655 0.3266 1.1815, -7.3718 0.062 1.1753, -7.4658 1.006 1.5713, -7.4477 1.1165 1.6538, -7.436 1.0248 1.5555, -7.4242 0.9243 1.4664, -7.4599 0.9284 1.945, -7.4716 0.9845 2.033, -7.513 1.0539 2.1144, -7.2354 1.0614 2.1325, -7.2534 0.9917 2.0466, -7.2417 0.9369 1.9579, -7.2869 1.293 1.8773, -7.253 1.2782 1.8882, -7.2752 1.221 1.7612, -7.2413 1.2073 1.7734, -7.2635 1.1386 1.6524, -7.2295 1.1261 1.6659, -7.2517 1.0467 1.5521, -7.3237 1.3016 1.8696, -7.312 1.2288 1.7527, -7.3003 1.1456 1.6432, -7.2885 1.0528 1.5423, -7.2768 0.9509 1.4505, -7.362 1.3036 1.8654, -7.3503 1.2304 1.7483, -7.3386 1.1468 1.6387, -7.3268 1.0536 1.5376, -7.3151 0.9513 1.4458, -7.3033 0.841 1.3642, -7.4003 1.299 1.8648, -7.3886 1.2258 1.7481, -7.3769 1.1422 1.639, -7.3652 1.049 1.5384, -7.3534 0.9468 1.447, -7.3417 0.8367 1.3658, -7.3299 0.7197 1.2953, -7.4372 1.288 1.8679, -7.4255 1.2151 1.7523, -7.4137 1.132 1.6441, -7.402 1.0393 1.5444, -7.3903 0.9377 1.4539, -7.3785 0.8283 1.3735, -7.3668 0.712 1.3038, -7.355 0.5901 1.2454, -7.235 1.3166 2.0212, -7.2647 1.3382 2.0094, -7.2986 1.354 1.9999, -7.3355 1.3632 1.9931, -7.3738 1.3657 1.989, -7.4121 1.3612 1.9881, -7.4489 1.3499 1.9901, -7.4829 1.3323 1.9952, -7.5127 1.3091 2.003, -6.8526 1.1054 3.0489, -6.8761 1.0 3.2497, -6.8996 0.8579 3.4289, -6.9231 0.6842 3.5789, -6.9466 0.4847 3.6946, -6.97 0.2658 3.7712, -6.9935 0.0358 3.806, -7.017 -0.1989 3.7971, -7.0405 -0.4276 3.7447, -7.064 -0.645 3.6493, -7.0875 -0.8408 3.5152, -7.1111 -1.0098 3.3449, -7.1344 -1.1437 3.147, -7.158 -1.2396 2.9245, -7.1814 -1.2921 2.6891, -7.205 -1.2999 2.4448, -7.2253 -1.2695 2.2346, -7.2489 -1.1922 2.0004, -7.2723 -1.0729 1.7853, -7.2955 -0.9161 1.5963, -7.3189 -0.7245 1.4377, -7.3424 -0.5051 1.3165, -7.3659 -0.266 1.2382, -7.3727 -0.194 1.2239, -7.3963 0.0592 1.205, -7.4197 0.3109 1.2336, -7.4432 0.5555 1.3093, -7.4667 0.7824 1.4299, -7.4902 0.9837 1.5912, -7.5137 1.1518 1.7879, -7.5371 1.2811 2.0134, -7.5359 1.3951 2.2529, -7.4833 1.0323 2.1261, -7.4949 1.0709 2.2228, -7.5363 1.1239 2.3153, -7.2586 1.1279 2.3345, -7.2768 1.0754 2.2375, -7.2651 1.0382 2.1404, -7.5066 1.1004 2.3228, -7.5183 1.1208 2.4262, -7.5597 1.1559 2.5283, -7.282 1.1563 2.5479, -7.3001 1.1226 2.4416, -7.2884 1.1036 2.3379, -7.2816 1.4345 2.537, -7.2582 1.3992 2.2721, -7.288 1.4226 2.2646, -7.2763 1.3863 2.1349, -7.2997 1.447 2.3983, -7.53 1.1315 2.5313, -7.5417 1.1322 2.6378, -7.5832 1.1475 2.7457, -7.3055 1.1442 2.7651, -7.3236 1.1311 2.6532, -7.3118 1.1318 2.5468, -7.3052 1.4195 2.8063, -7.3114 1.4589 2.5339, -7.3336 1.4648 2.3935, -7.3587 1.4502 2.2531, -7.3704 1.4756 2.3894, -7.3453 1.477 2.5308, -7.3231 1.4579 2.6711, -7.5829 1.4228 2.7869, -7.5531 1.4466 2.7926, -7.5593 1.4341 2.5174, -7.5413 1.4591 2.6557, -7.5535 1.1229 2.7442, -7.5652 1.1038 2.8488, -7.6066 1.0989 2.9576, -7.3289 1.0921 2.9761, -7.347 1.0999 2.8638, -7.3353 1.1203 2.7594, -7.3285 1.355 3.0676, -7.3349 1.4441 2.8078, -7.357 1.4763 2.6697, -7.3821 1.4882 2.5278, -7.4087 1.479 2.3862, -7.4353 1.4491 2.2478, -7.4605 1.3997 2.1168, -7.3583 1.3788 3.0737, -7.3466 1.4177 2.9421, -7.3805 1.4359 2.9442, -7.3688 1.4625 2.8081, -7.4056 1.474 2.8072, -7.3939 1.4877 2.6677, -7.4322 1.4916 2.6652, -7.4204 1.4919 2.5249, -7.4587 1.4881 2.5223, -7.447 1.475 2.384, -7.4839 1.4636 2.3829, -7.4722 1.4377 2.2477, -7.5061 1.4194 2.2495, -7.4945 1.3817 2.1202, -7.37 1.3277 3.2013, -7.3922 1.3968 3.0774, -7.4173 1.4475 2.9443, -7.4439 1.4782 2.8051, -7.4705 1.4881 2.6623, -7.4956 1.4768 2.5202, -7.5178 1.4453 2.3829, -7.5769 1.075 2.9516, -7.5886 1.0366 3.0515, -7.63 1.0111 3.158, -7.3523 1.001 3.1748, -7.3704 1.0299 3.0654, -7.3587 1.0697 2.966, -7.3519 1.2424 3.3135, -7.6062 1.3618 3.0492, -7.5881 1.3344 3.1874, -7.5764 1.3842 3.0592, -7.5648 1.4216 2.9272, -7.6003 0.9888 3.1476, -7.612 0.9323 3.239, -7.6534 0.8873 3.3393, -7.3757 0.8743 3.354, -7.3938 0.9232 3.2514, -7.3821 0.9809 3.1608, -7.3753 1.0858 3.535, -7.3817 1.2647 3.3239, -7.4039 1.3453 3.2067, -7.429 1.4083 3.0786, -7.4556 1.4519 2.9426, -7.4822 1.4749 2.8019, -7.5073 1.4771 2.6591, -7.5295 1.4586 2.5185, -7.6236 0.8674 3.3249, -7.6354 0.7938 3.4054, -7.6769 0.7297 3.4965, -7.0359 -0.946 2.2022, -6.9991 -0.9557 2.196, -7.0477 -0.9111 2.1136, -7.0109 -0.9202 2.1066, -7.0594 -0.8683 2.0291, -7.0226 -0.8767 2.0213, -7.0711 -0.8177 1.9487, -7.0343 -0.8253 1.9401, -7.0827 -0.76 1.8736, -7.0459 -0.7668 1.8644, -7.0943 -0.6954 1.804, -7.0575 -0.7013 1.7942, -7.1061 -0.6238 1.74, -7.0692 -0.6287 1.7297, -7.1178 -0.5463 1.6828, -7.0809 -0.5502 1.672, -7.1295 -0.4633 1.6327, -7.0927 -0.4662 1.6216, -7.1413 -0.3757 1.5905, -7.1044 -0.3776 1.5792, -7.153 -0.2843 1.5567, -7.1162 -0.2851 1.5453, -7.1648 -0.1899 1.5315, -7.1279 -0.1896 1.5201, -7.1716 -0.134 1.5209, -7.1347 -0.1331 1.5095, -7.1834 -0.0361 1.5098, -7.1465 -0.0341 1.4985, -7.1951 0.0627 1.508, -7.1583 0.0657 1.4969, -7.2068 0.1609 1.5154, -7.17 0.1649 1.5047, -7.2185 0.2582 1.532, -7.1817 0.2632 1.5217, -7.2303 0.3544 1.5578, -7.1934 0.3603 1.548, -7.2421 0.448 1.5926, -7.2052 0.4548 1.5834, -7.2538 0.538 1.6362, -7.217 0.5457 1.6277, -7.2656 0.6239 1.6881, -7.2287 0.6323 1.6804, -7.2773 0.7048 1.748, -7.2405 0.7139 1.7411, -7.2891 0.7799 1.8154, -7.2522 0.7896 1.8094, -7.3008 0.8484 1.8897, -7.2639 0.8586 1.8846, -7.3125 0.9098 1.9703, -7.2757 0.9205 1.9661, -7.3242 0.9637 2.0564, -7.2874 0.9747 2.0533, -7.336 1.0093 2.1475, -7.2991 1.0206 2.1455, -7.3476 1.046 2.2419, -7.3107 1.0575 2.2409, -7.3592 1.0739 2.3396, -7.3224 1.0854 2.3397, -7.3709 1.0929 2.4405, -7.3341 1.1043 2.4416, -7.3826 1.1023 2.5429, -7.3458 1.1136 2.5451, -7.3944 1.1021 2.6466, -7.3575 1.1131 2.6498, -7.4061 1.0921 2.7501, -7.3693 1.1028 2.7543, -7.4178 1.0726 2.8519, -7.381 1.0828 2.8571, -7.4295 1.0437 2.9517, -7.3927 1.0533 2.9578, -7.4412 1.0053 3.0486, -7.4044 1.0144 3.0556, -7.4529 0.958 3.1419, -7.4161 0.9664 3.1497, -7.4646 0.9021 3.2304, -7.4277 0.9097 3.239, -7.4763 0.8381 3.3136, -7.4394 0.8449 3.3229, -7.4881 0.7657 3.3913, -7.4512 0.7716 3.4012, -7.4998 0.6861 3.4621, -7.463 0.691 3.4724, -7.5115 0.6008 3.5247, -7.3992 0.7141 3.5085, -7.4172 0.7825 3.4159, -7.4054 0.8571 3.3365, -5.919 -0.3153 3.5577, -5.9426 -0.5001 3.4865, -5.9661 -0.6677 3.3824, -5.9897 -0.8152 3.2469, -6.0133 -0.935 3.0854, -6.0369 -1.0231 2.9031, -6.0604 -1.0754 2.7078, -6.084 -1.0906 2.5037, -6.1075 -1.0673 2.3003, -6.131 -1.0061 2.1031, -6.1524 -0.9187 1.9358, -6.1759 -0.791 1.7712, -6.1995 -0.6333 1.6322, -6.2229 -0.4524 1.5249, -6.2465 -0.2523 1.4525, -6.27 -0.0422 1.4187, -6.2936 0.173 1.4249, -6.317 0.3827 1.471, -6.3406 0.5829 1.5566, -6.364 0.7629 1.6776, -6.3873 0.9176 1.8301, -6.4107 1.0424 2.0102, -6.4343 1.1328 2.2135, -6.4577 1.1835 2.4292, -6.4813 1.1932 2.6536, -6.5047 1.1609 2.8751, -6.5261 1.0958 3.0699, -6.5495 0.9867 3.2686, -6.573 0.8413 3.445, -6.5965 0.6649 3.5916, -6.62 0.4633 3.7034, -6.6435 0.2432 3.7759, -6.667 0.0127 3.8064, -6.6905 -0.2216 3.7932, -6.7139 -0.4492 3.7366, -6.7375 -0.6647 3.6373, -6.7609 -0.858 3.4997, -6.7845 -1.0238 3.3265, -6.8079 -1.154 3.1264, -6.8315 -1.2459 2.9022, -6.8549 -1.2941 2.6661, -6.8784 -1.2976 2.4218, -6.8988 -1.2636 2.2123, -6.9224 -1.1822 1.9796, -6.9457 -1.0591 1.7667, -6.969 -0.8992 1.5806, -6.9924 -0.705 1.4254, -7.0159 -0.4837 1.308, -7.0394 -0.2434 1.2339, -7.0462 -0.1711 1.2208, -7.0698 0.0823 1.2062, -7.0932 0.3334 1.2391, -7.1167 0.5765 1.3189, -7.1402 0.8012 1.4432, -7.1637 0.9998 1.6078, -7.1872 1.1645 1.8072, -7.2106 1.2899 2.0347, -7.2338 1.3705 2.2805, -7.2573 1.4047 2.5399, -7.2808 1.3897 2.8036, -7.3042 1.3262 3.0594, -7.3276 1.2156 3.3001, -7.3509 1.062 3.5169, -7.3745 0.868 3.7036, -7.6232 1.116 3.5378, -7.653 1.0988 3.5203, -7.635 1.0214 3.6407, -7.6648 1.0059 3.6216, -7.6468 0.9172 3.7343, -7.6774 1.0773 3.4996, -7.701 0.8863 3.6895, -7.6765 0.9036 3.7139, -7.6584 0.8056 3.8172, -7.6541 1.2275 3.2803, -7.6307 1.3342 3.0377, -7.6073 1.3936 2.7808, -7.5838 1.4042 2.5168, -7.5604 1.3657 2.2579, -7.6472 0.7127 3.4787, -7.6589 0.6258 3.5437, -7.7003 0.5463 3.6212, -7.0906 -0.9889 2.3789, -7.0523 -0.9847 2.3768, -7.1008 -0.9736 2.2985, -7.0625 -0.9693 2.2968, -7.1126 -0.9479 2.2072, -7.0742 -0.9434 2.2059, -7.1243 -0.9135 2.1185, -7.086 -0.9089 2.1176, -7.136 -0.8711 2.0338, -7.0977 -0.8664 2.0333, -7.1477 -0.8209 1.9531, -7.1094 -0.8162 1.9531, -7.1593 -0.7636 1.8777, -7.121 -0.7589 1.8781, -7.171 -0.6994 1.8077, -7.1327 -0.6948 1.8085, -7.1827 -0.6281 1.7433, -7.1444 -0.6236 1.7446, -7.1944 -0.5509 1.6857, -7.1561 -0.5465 1.6874, -7.2061 -0.4681 1.6351, -7.1678 -0.4639 1.6373, -7.2179 -0.3807 1.5925, -7.1796 -0.3768 1.595, -7.2296 -0.2895 1.5582, -7.1913 -0.2858 1.5611, -7.2414 -0.1952 1.5325, -7.2031 -0.1918 1.5357, -7.2482 -0.1393 1.5216, -7.2099 -0.1361 1.525, -7.26 -0.0415 1.51, -7.2217 -0.0386 1.5137, -7.2717 0.0573 1.5077, -7.2334 0.0599 1.5116, -7.2834 0.1555 1.5146, -7.2451 0.1577 1.5188, -7.2951 0.2529 1.5307, -7.2568 0.2547 1.535, -7.3069 0.3492 1.556, -7.2686 0.3506 1.5605, -7.3187 0.443 1.5903, -7.2804 0.444 1.5949, -7.3304 0.5334 1.6335, -7.2921 0.5339 1.6381, -7.3422 0.6195 1.685, -7.3039 0.6196 1.6897, -7.3539 0.7007 1.7445, -7.3156 0.7003 1.7492, -7.3657 0.7761 1.8115, -7.3274 0.7753 1.8161, -7.3774 0.845 1.8855, -7.3391 0.8438 1.89, -7.3891 0.9069 1.9657, -7.3508 0.9052 1.9701, -7.4009 0.9611 2.0516, -7.3626 0.9591 2.0559, -7.4126 1.0073 2.1425, -7.3743 1.0048 2.1465, -7.4242 1.0444 2.2368, -7.3859 1.0417 2.2405, -7.4358 1.0728 2.3343, -7.3975 1.0697 2.3378, -7.4475 1.0922 2.4351, -7.4092 1.0888 2.4383, -7.4592 1.1022 2.5375, -7.4209 1.0985 2.5404, -7.471 1.1025 2.6412, -7.4327 1.0985 2.6437, -7.4828 1.093 2.7448, -7.4445 1.0888 2.7469, -7.4945 1.074 2.8466, -7.4561 1.0696 2.8484, -7.5061 1.0455 2.9466, -7.4678 1.041 2.9479, -7.5178 1.0077 3.0438, -7.4795 1.0031 3.0446, -7.5295 0.9608 3.1372, -7.4912 0.9561 3.1377, -7.5412 0.9053 3.226, -7.5029 0.9006 3.226, -7.5529 0.8417 3.3096, -7.5146 0.837 3.3091, -7.5647 0.7697 3.3877, -7.5264 0.7651 3.3868, -7.5764 0.6904 3.4588, -7.5381 0.6859 3.4575, -7.5881 0.6054 3.5218, -7.5498 0.601 3.5201, -7.5998 0.5147 3.5768, -7.5615 0.5105 3.5747, -7.6116 0.4181 3.6237, -7.4226 0.5288 3.6301, -7.4407 0.6127 3.5519, -7.429 0.7005 3.4881, -7.3871 0.9915 3.635, -7.3989 0.888 3.7259, -7.3978 0.6439 3.8503, -7.4222 0.6594 3.8759, -7.4742 0.8046 3.8394, -7.4402 0.7925 3.8254, -7.4625 0.9183 3.7564, -7.4286 0.905 3.7437, -7.4507 1.0245 3.6626, -7.4168 1.0101 3.6512, -7.4389 1.1212 3.5594, -7.405 1.1058 3.5494, -7.4273 1.2068 3.4488, -7.3933 1.1905 3.4402, -7.4156 1.2817 3.3309, -7.511 0.8129 3.8473, -7.4993 0.9273 3.7636, -7.4875 1.0342 3.6689, -7.4758 1.1314 3.5647, -7.4641 1.2175 3.4531, -7.4524 1.2927 3.3343, -7.4407 1.3566 3.209, -7.5493 0.8173 3.849, -7.5376 0.9318 3.7649, -7.5258 1.0388 3.6698, -7.5141 1.1361 3.5652, -7.5024 1.2222 3.4531, -7.4907 1.2974 3.3338, -7.479 1.3612 3.2082, -7.4673 1.4128 3.0773, -7.5876 0.8175 3.8444, -7.5759 0.9316 3.7603, -7.5642 1.0381 3.6652, -7.5524 1.135 3.5607, -7.5407 1.2207 3.4488, -7.529 1.2955 3.3296, -7.5173 1.3589 3.2041, -7.5056 1.4102 3.0736, -7.4939 1.4489 2.9391, -7.6245 0.8136 3.8337, -7.6128 0.9267 3.75, -7.601 1.0323 3.6554, -7.5892 1.1282 3.5515, -7.5775 1.2131 3.4402, -7.5659 1.2872 3.3218, -7.5542 1.3499 3.1971, -7.5425 1.4005 3.0674, -7.5308 1.4387 2.9339, -7.5191 1.4642 2.7977, -7.4519 0.6728 3.8966, -7.4858 0.6835 3.9115, -7.5227 0.691 3.9203, -7.561 0.6952 3.9224, -7.5993 0.6959 3.9178, -7.6361 0.6929 3.9067, -7.6701 0.6865 3.8896, -7.6999 0.6769 3.867, -7.7243 0.6645 3.8399, -7.6705 0.5329 3.6005, -7.6823 0.434 3.649, -7.7238 0.34 3.7107, -7.6941 0.3307 3.6879, -7.7452 0.14 3.7576, -7.1376 -0.9852 2.2984, -7.1494 -0.9594 2.206, -7.1612 -0.9248 2.1162, -7.1729 -0.8822 2.0304, -7.1845 -0.8316 1.9487, -7.1962 -0.7739 1.8723, -7.2078 -0.7091 1.8014, -7.2195 -0.6372 1.7361, -7.2312 -0.5592 1.6777, -7.243 -0.4757 1.6264, -7.2547 -0.3875 1.5831, -7.2665 -0.2953 1.5482, -7.2782 -0.2001 1.5221, -7.285 -0.1436 1.5109, -7.2968 -0.0448 1.4989, -7.3086 0.0551 1.4964, -7.3203 0.1544 1.5031, -7.332 0.2528 1.5191, -7.3437 0.3503 1.5445, -7.3555 0.4451 1.579, -7.3672 0.5365 1.6224, -7.379 0.6237 1.6742, -7.3907 0.7058 1.7342, -7.4025 0.7822 1.8017, -7.4142 0.852 1.8763, -7.426 0.9147 1.9572, -7.4377 0.9697 2.0439, -7.4494 1.0165 2.1356, -7.461 1.0543 2.2308, -7.4726 1.0832 2.3293, -7.4844 1.103 2.431, -7.4961 1.1134 2.5345, -7.5078 1.1139 2.6392, -7.5196 1.1045 2.7439, -7.5313 1.0855 2.8468, -7.543 1.057 2.9478, -7.5547 1.019 3.0461, -7.5664 0.9718 3.1406, -7.578 0.916 3.2304, -7.5897 0.8519 3.3149, -7.6015 0.7794 3.3939, -7.6133 0.6995 3.4659, -7.6249 0.6137 3.5298, -7.6366 0.5222 3.5855, -7.6484 0.4248 3.633, -7.6602 0.323 3.6712, -7.4461 0.3211 3.7162, -7.4641 0.4197 3.6546, -7.4524 0.5192 3.6075, -7.7273 0.024 3.7443, -7.7155 0.1348 3.7335, -7.6816 0.13 3.7158, -7.6709 0.2276 3.6976, -7.634 0.2226 3.6871, -7.6233 0.3172 3.6613, -7.585 0.3135 3.6584, -7.5733 0.4141 3.6212, -7.535 0.413 3.6257, -7.5232 0.5098 3.5793, -7.4863 0.5128 3.5904, -7.4747 0.6048 3.5354, -7.4428 0.151 4.0064, -7.4671 0.1566 4.0358, -7.4545 0.0145 4.0175, -7.4637 0.5455 3.9568, -7.4755 0.4128 4.0049, -7.4969 0.1618 4.0598, -7.6704 0.3053 4.0529, -7.6335 0.3051 4.0643, -7.5952 0.3032 4.0686, -7.5569 0.2998 4.0654, -7.5201 0.2948 4.055, -7.5308 0.1666 4.0776, -7.5676 0.1706 4.0884, -7.6059 0.1738 4.0919, -7.6442 0.176 4.0878, -7.6811 0.1771 4.0764, -7.715 0.1772 4.0581, -7.7448 0.1761 4.0336, -7.7688 -0.0869 3.7691, -7.7507 -0.198 3.7343, -7.739 -0.0876 3.7445, -7.7051 -0.0889 3.7261, -7.6933 0.021 3.7261, -7.6565 0.018 3.715, -7.6447 0.126 3.7049, -7.6064 0.1228 3.7015, -7.5957 0.2192 3.684, -7.5574 0.2173 3.6882, -7.5467 0.312 3.6628, -7.5099 0.3128 3.6742, -7.4981 0.4149 3.6369, -7.4973 0.1194 3.7352, -7.5091 0.0086 3.7445, -7.543 0.0103 3.7263, -7.4911 -0.1065 3.7676, -7.4675 0.1205 3.7598, -7.4759 0.3159 3.6922, -5.8663 -0.1192 3.5216, -5.8897 -0.2979 3.4889, -5.9009 -0.3072 3.5246, -5.9134 -0.4701 3.4222, -5.9245 -0.486 3.4555, -5.9368 -0.6263 3.3248, -5.948 -0.6481 3.3546, -5.9605 -0.7636 3.198, -5.9716 -0.7906 3.2232, -5.9841 -0.8752 3.0471, -5.9952 -0.9064 3.0668, -6.0077 -0.9572 2.8767, -6.0188 -0.9916 2.8901, -6.0312 -1.0057 2.6941, -6.0423 -1.042 2.7009, -6.0548 -1.0196 2.5032, -6.0659 -1.0566 2.5032, -6.0782 -0.9975 2.3131, -6.0894 -1.0338 2.3061, -6.1018 -0.9398 2.1287, -6.1129 -0.9742 2.1151, -6.1232 -0.8578 1.9723, -6.1343 -0.8894 1.9531, -6.1467 -0.738 1.8184, -6.1578 -0.7654 1.7936, -6.1702 -0.59 1.6885, -6.1814 -0.6123 1.659, -6.1937 -0.4203 1.5883, -6.2048 -0.4367 1.5551, -6.2173 -0.2326 1.5208, -6.2284 -0.2426 1.4852, -6.2408 -0.0356 1.4894, -6.2519 -0.0387 1.4526, -6.2644 0.1662 1.4956, -6.2755 0.1701 1.4589, -6.2878 0.3629 1.5392, -6.2989 0.3735 1.5038, -6.3114 0.5507 1.6199, -6.3225 0.5677 1.5871, -6.3348 0.7194 1.7338, -6.3459 0.7423 1.7047, -6.3581 0.8645 1.8773, -6.3692 0.8923 1.853, -6.3815 0.9815 2.0468, -6.3926 1.0133 2.028, -6.4051 1.0661 2.238, -6.4162 1.1009 2.2255, -6.4285 1.1134 2.4408, -6.4396 1.1499 2.435, -6.4521 1.1222 2.652, -6.4632 1.1591 2.6531, -6.4755 1.0915 2.8603, -6.4866 1.1275 2.8683, -6.4968 1.0298 3.0435, -6.508 1.064 3.0575, -6.5203 0.9268 3.2304, -6.5314 0.9578 3.2505, -6.5438 0.7896 3.3963, -6.5549 0.8163 3.4218, -6.5673 0.6231 3.5341, -6.5784 0.6446 3.5642, -6.5908 0.433 3.6392, -6.6019 0.4485 3.6727, -6.6143 0.2254 3.7072, -6.6254 0.2344 3.743, -6.6377 0.008 3.7356, -6.6489 0.0102 3.7725, -6.6613 -0.213 3.7227, -6.6724 -0.2178 3.7593, -6.6847 -0.4277 3.6689, -6.6958 -0.4391 3.704, -6.7083 -0.6309 3.5749, -6.7194 -0.6488 3.6072, -6.7317 -0.8131 3.4446, -6.7428 -0.8367 3.4731, -6.7553 -0.9694 3.2808, -6.7664 -0.9979 3.3044, -6.7787 -1.0921 3.0915, -6.7898 -1.1244 3.1094, -6.8023 -1.1785 2.8796, -6.8134 -1.2136 2.8911, -6.8256 -1.2238 2.6563, -6.8368 -1.2604 2.6611, -6.8492 -1.2267 2.4254, -6.8603 -1.2636 2.4232, -6.8696 -1.1941 2.2273, -6.8807 -1.2302 2.2192, -6.8931 -1.1168 2.0073, -6.9043 -1.1507 1.9926, -6.9165 -1.0 1.8061, -6.9276 -1.0306 1.7854, -6.9398 -0.8484 1.6302, -6.9509 -0.8746 1.6042, -6.9632 -0.6643 1.4836, -6.9743 -0.6852 1.4531, -6.9867 -0.4545 1.3728, -6.9978 -0.4694 1.339, -7.0102 -0.2267 1.303, -7.0213 -0.2351 1.267, -7.017 -0.1583 1.2907, -7.0281 -0.1647 1.2543, -7.0405 0.0818 1.2773, -7.0517 0.0823 1.2403, -7.0639 0.3198 1.3088, -7.0751 0.3271 1.2726, -7.0875 0.5501 1.3848, -7.0986 0.5641 1.3506, -7.111 0.763 1.5031, -7.1221 0.7831 1.4721, -7.1345 0.9511 1.6595, -7.1456 0.9766 1.6328, -7.1579 1.107 1.849, -7.1691 1.1371 1.8275, -7.1814 1.2257 2.065, -7.1925 1.2592 2.0495, -7.2046 1.3017 2.2984, -7.2157 1.3376 2.2894, -7.228 1.3338 2.5447, -7.2392 1.3707 2.5425, -7.2516 1.3192 2.7951, -7.2627 1.3559 2.7998, -7.2749 1.2585 3.038, -7.2861 1.2936 3.0494, -7.2983 1.153 3.2666, -7.3095 1.1855 3.2843, -7.3217 1.0067 3.4723, -7.3328 1.0353 3.4957, -7.3452 0.8221 3.6495, -7.3564 0.8457 3.6778, -7.3686 0.6087 3.7886, -7.3797 0.6268 3.8209, -7.3921 0.37 3.8869, -7.4033 0.3817 3.9219, -7.4135 0.1397 3.9363, -7.4247 0.1453 3.9728, -7.4371 -0.1206 3.9446, -7.4482 -0.1219 3.9815, -7.4789 0.0173 4.0472, -7.5086 0.0203 4.0717, -7.5426 0.0234 4.0898, -7.5794 0.0264 4.101, -7.6177 0.0292 4.1047, -7.656 0.0318 4.1009, -7.6928 0.034 4.0896, -7.7268 0.0358 4.0714, -7.7566 0.037 4.0469, -7.7811 0.0376 4.0171, -7.7693 0.174 4.0038, -7.7479 0.4152 3.9477, -6.8708 1.0747 3.0342, -6.8942 0.9726 3.2296, -6.9178 0.8348 3.404, -6.9413 0.6661 3.5501, -6.9647 0.4722 3.6629, -6.9882 0.2595 3.7378, -7.0117 0.0358 3.772, -7.0352 -0.1925 3.7636, -7.0586 -0.4151 3.713, -7.0822 -0.6268 3.6205, -7.1057 -0.8176 3.4903, -7.1292 -0.9824 3.3248, -7.1526 -1.113 3.1323, -7.1762 -1.2066 2.9158, -7.1996 -1.2581 2.6867, -7.2231 -1.2661 2.4488, -7.2435 -1.2368 2.244, -7.2671 -1.1619 2.0158, -7.2905 -1.0459 1.806, -7.3137 -0.8934 1.6217, -7.3371 -0.7069 1.4668, -7.3606 -0.4933 1.3484, -7.3841 -0.2603 1.2718, -7.3909 -0.1901 1.2577, -7.4145 0.0567 1.2389, -7.4379 0.3022 1.2665, -7.4614 0.5408 1.34, -7.4849 0.7622 1.4573, -7.5084 0.9588 1.6144, -7.5319 1.123 1.806, -7.5553 1.2494 2.0258, -7.5786 1.3323 2.2643, -7.602 1.3702 2.5168, -7.6255 1.3601 2.7745, -7.6489 1.3025 3.0253, -7.6723 1.1987 3.2623, -7.6956 1.0523 3.4766, -7.7192 0.8661 3.6622, -7.7425 0.6496 3.8093, -7.7661 0.4064 3.9148, -7.7875 0.1708 3.97, -7.811 -0.0964 3.9835, -7.7921 -0.3112 3.7382, -7.7742 -0.4154 3.6831, -7.7624 -0.3073 3.7139, -7.7285 -0.3052 3.6956, -7.7168 -0.1976 3.7159, -7.68 -0.1985 3.7044, -7.6683 -0.0909 3.7148, -7.63 -0.0933 3.7108, -7.6182 0.0151 3.7113, -7.5799 0.0125 3.7151, -7.5681 0.1206 3.7055, -7.5313 0.1195 3.7169, -7.5206 0.2172 3.6996, -7.5917 -0.0963 3.7143, -7.5548 -0.0995 3.7253, -7.5209 -0.103 3.7433, -7.5144 -0.3302 3.7331, -7.8157 -0.5287 3.6652, -7.7402 -0.4116 3.6651, -7.7034 -0.4103 3.6536, -7.6651 -0.4116 3.6491, -7.6268 -0.4154 3.6517, -7.5899 -0.4216 3.6614, -7.556 -0.4298 3.6777, -7.538 -0.5464 3.6566, -7.5073 -0.8502 3.6839, -7.4951 -0.639 3.8501, -7.5014 -0.5241 3.9339, -7.4897 -0.392 3.9738, -7.514 -0.3975 4.0032, -7.5024 -0.2609 4.0307, -7.5321 -0.2626 4.0553, -6.8858 1.006 3.0032, -6.8821 0.9707 2.9882, -6.9093 0.9109 3.1864, -6.9056 0.8789 3.165, -6.9328 0.7822 3.3501, -6.9291 0.7548 3.3232, -6.9563 0.6245 3.4873, -6.9526 0.6026 3.4558, -6.9798 0.443 3.5935, -6.9761 0.4274 3.5584, -7.0033 0.2438 3.6641, -6.9996 0.2349 3.6268, -7.0267 0.0341 3.6967, -7.023 0.0324 3.6583, -7.0503 -0.1801 3.6893, -7.0466 -0.1746 3.6513, -7.0737 -0.3892 3.6423, -7.07 -0.3767 3.606, -7.0973 -0.5881 3.5559, -7.0935 -0.5691 3.5226, -7.1207 -0.7675 3.434, -7.117 -0.7426 3.4047, -7.1443 -0.9227 3.2789, -7.1406 -0.8927 3.2548, -7.1677 -1.0458 3.0983, -7.1639 -1.0119 3.0802, -7.1913 -1.1343 2.8949, -7.1875 -1.0976 2.8835, -7.2146 -1.1831 2.6795, -7.2109 -1.145 2.6751, -7.2382 -1.1911 2.4558, -7.2345 -1.1528 2.4586, -7.2586 -1.1639 2.2631, -7.2548 -1.1266 2.272, -7.2821 -1.0938 2.0481, -7.2784 -1.0588 2.0639, -7.3055 -0.985 1.8504, -7.3018 -0.9535 1.8724, -7.3288 -0.8418 1.6765, -7.325 -0.8149 1.704, -7.3522 -0.6664 1.5303, -7.3485 -0.6451 1.5623, -7.3757 -0.4653 1.4183, -7.372 -0.4503 1.4537, -7.3992 -0.2459 1.3457, -7.3954 -0.2377 1.3832, -7.406 -0.1797 1.3323, -7.4023 -0.1736 1.3702, -7.4295 0.053 1.3141, -7.4258 0.0519 1.3525, -7.4529 0.2846 1.3397, -7.4492 0.2764 1.3772, -7.4765 0.5098 1.4086, -7.4727 0.4947 1.444, -7.5 0.719 1.5189, -7.4962 0.6976 1.5508, -7.5235 0.9048 1.6669, -7.5197 0.8779 1.6942, -7.5469 1.0602 1.8476, -7.5432 1.0286 1.8695, -7.5704 1.1799 2.055, -7.5667 1.1448 2.0706, -7.5936 1.2587 2.2801, -7.5899 1.2213 2.289, -7.617 1.2949 2.5187, -7.6133 1.2565 2.5205, -7.6406 1.2858 2.7623, -7.6368 1.2478 2.7569, -7.6639 1.2317 2.9996, -7.6602 1.1954 2.9872, -7.6873 1.1339 3.2238, -7.6836 1.1005 3.2049, -7.7107 0.9958 3.4268, -7.707 0.9664 3.402, -7.7342 0.8199 3.6027, -7.7305 0.7957 3.5729, -7.7576 0.6152 3.7423, -7.7539 0.597 3.7085, -7.7811 0.3851 3.8426, -7.7774 0.3735 3.8059, -7.8025 0.1621 3.8951, -7.7988 0.1569 3.8571, -7.8261 -0.0909 3.9084, -7.8224 -0.089 3.87, -7.8494 -0.341 3.8743, -7.8457 -0.3319 3.837, -7.873 -0.5834 3.7934, -7.8693 -0.5675 3.7584, -7.8963 -0.8058 3.669, -7.8926 -0.7837 3.6375, -6.871 0.9364 2.9742, -6.8944 0.8479 3.1449, -6.918 0.7281 3.2976, -6.9415 0.5811 3.4257, -6.9649 0.4119 3.5248, -6.9884 0.226 3.5909, -7.0119 0.0302 3.6214, -7.0354 -0.1699 3.6147, -7.0588 -0.3652 3.5708, -7.0824 -0.5512 3.4902, -7.1059 -0.7191 3.3763, -7.1295 -0.8643 3.2313, -7.1528 -0.9796 3.0623, -7.1764 -1.0625 2.872, -7.1998 -1.1084 2.6703, -7.2233 -1.1159 2.4607, -7.2437 -1.0905 2.2801, -7.2673 -1.0249 2.0786, -7.2907 -0.9229 1.8931, -7.3139 -0.7887 1.73, -7.3373 -0.6241 1.5927, -7.3608 -0.4354 1.4875, -7.3843 -0.2294 1.4192, -7.3911 -0.1672 1.4066, -7.4147 0.0514 1.3895, -7.4381 0.269 1.4134, -7.4616 0.4808 1.4781, -7.4851 0.6775 1.5818, -7.5086 0.8523 1.7209, -7.5321 0.9986 1.8909, -7.5555 1.1113 2.0861, -7.5788 1.1855 2.298, -7.6022 1.2197 2.5228, -7.6257 1.2111 2.7522, -7.6491 1.1602 2.9758, -7.6725 1.0681 3.1872, -7.6958 0.9379 3.3786, -7.7194 0.772 3.5445, -7.7427 0.5789 3.6762, -7.7663 0.3618 3.7709, -7.7877 0.1513 3.8206, -7.8112 -0.0876 3.8331, -7.8346 -0.3238 3.801, -7.8581 -0.5528 3.7245, -7.8815 -0.763 3.607, -6.8529 0.9047 2.9618, -6.8763 0.819 3.1269, -6.8999 0.7031 3.2745, -6.9234 0.5609 3.3983, -6.9468 0.3971 3.4941, -6.9703 0.2171 3.558, -6.9938 0.0277 3.5874, -7.0173 -0.166 3.5808, -7.0407 -0.3551 3.5383, -7.0643 -0.5352 3.4601, -7.0878 -0.6978 3.3497, -7.1114 -0.8384 3.2091, -7.1347 -0.95 3.0453, -7.1583 -1.0303 2.8608, -7.1817 -1.0746 2.6653, -7.2052 -1.0819 2.4621, -7.2256 -1.0572 2.287, -7.2492 -0.9934 2.0916, -7.2726 -0.8944 1.9118, -7.2958 -0.7641 1.7535, -7.3192 -0.6043 1.6204, -7.3427 -0.4211 1.5185, -7.3662 -0.2211 1.4523, -7.373 -0.1608 1.4401, -7.3966 0.0514 1.4236, -7.42 0.2628 1.4469, -7.4435 0.4684 1.5099, -7.467 0.6594 1.6107, -7.4905 0.8291 1.7459, -7.514 0.9712 1.9112, -7.5374 1.0806 2.1009, -7.5607 1.1526 2.3069, -7.5841 1.1857 2.5254, -7.6076 1.1773 2.7484, -7.631 1.1276 2.9658, -7.6544 1.0379 3.1713, -7.6777 0.9112 3.3574, -7.7013 0.7497 3.5188, -7.7246 0.5618 3.6467, -7.7482 0.3505 3.7387, -7.7696 0.1456 3.787, -7.7931 -0.0869 3.799, -7.8165 -0.3168 3.7676, -7.84 -0.5397 3.693, -7.8634 -0.7442 3.5785, -7.839 -0.7283 3.5531, -7.7152 -0.5125 3.6132, -7.6769 -0.5134 3.6086, -7.6386 -0.5174 3.6108, -7.6017 -0.5245 3.6199, -7.5677 -0.5342 3.6353, -7.5613 -0.7441 3.5415, -7.5306 -1.0477 3.5122, -7.5185 -0.871 3.7144, -7.5132 -0.6521 3.8816, -7.5258 -0.5324 3.9626, -7.5438 -0.4014 4.0275, -7.566 -0.2629 4.0737, -7.5366 -0.8897 3.7429, -7.8579 -0.6159 3.8613, -7.8813 -0.8503 3.7297, -7.8631 -0.8711 3.7566, -6.882 1.0411 3.0188, -6.9055 0.9425 3.2082, -6.929 0.8092 3.3774, -6.9525 0.6459 3.5192, -6.976 0.4582 3.6287, -6.9995 0.252 3.7016, -7.0229 0.0352 3.7351, -7.0465 -0.1862 3.7272, -7.0699 -0.4021 3.6784, -7.0934 -0.6076 3.589, -7.1169 -0.7928 3.4628, -7.1405 -0.9529 3.3025, -7.1638 -1.0799 3.1159, -7.1874 -1.1711 2.9058, -7.2108 -1.2213 2.6834, -7.2344 -1.2294 2.4525, -7.2547 -1.2012 2.2536, -7.2783 -1.1286 2.0319, -7.3017 -1.0162 1.828, -7.3249 -0.8683 1.6487, -7.3484 -0.6873 1.4981, -7.3719 -0.4798 1.3828, -7.3953 -0.2535 1.3081, -7.4022 -0.1853 1.2943, -7.4257 0.0546 1.2758, -7.4491 0.2933 1.3023, -7.4726 0.5254 1.3735, -7.4961 0.7408 1.4873, -7.5196 0.9321 1.6399, -7.5431 1.0921 1.8262, -7.5666 1.2152 2.0398, -7.5898 1.2961 2.2718, -7.6132 1.3333 2.5175, -7.6367 1.3237 2.7682, -7.6601 1.2679 3.0125, -7.6835 1.1671 3.2432, -7.7069 1.0248 3.452, -7.7304 0.8436 3.6329, -7.7538 0.633 3.7763, -7.7773 0.3962 3.8793, -7.7987 0.1668 3.9332, -7.8223 -0.0934 3.9467, -7.8344 -0.3602 3.9471, -7.8456 -0.3505 3.9115, -7.8692 -0.5997 3.8281, -7.8925 -0.8283 3.7001, -7.5846 -0.9172 3.3918, -7.6027 -0.8165 3.4536, -7.8209 -0.805 3.4639, -7.787 -0.7949 3.4485, -7.7502 -0.7895 3.4383, -7.7119 -0.789 3.4336, -7.6736 -0.7935 3.4347, -7.6367 -0.8028 3.4414, -7.554 -1.2117 3.3046, -7.5417 -1.0737 3.5384, -7.7865 -1.0324 3.724, -7.7497 -1.0416 3.7308, -7.7113 -1.0461 3.7318, -7.673 -1.0457 3.7271, -7.6362 -1.0403 3.7169, -7.6023 -1.0302 3.7015, -7.5726 -1.0158 3.6816, -7.4663 -0.1226 4.0156, -7.4907 -0.1227 4.0455, -7.5204 -0.122 4.0701, -7.5543 -0.1206 4.0884, -7.5912 -0.1187 4.0998, -7.6295 -0.1162 4.1038, -7.6678 -0.1133 4.1002, -7.7046 -0.11 4.0893, -7.7386 -0.1066 4.0713, -7.7684 -0.1031 4.047, -7.7928 -0.0996 4.0174, -7.8162 -0.3697 3.9798, -7.828 -0.5024 3.942, -7.8397 -0.6313 3.8916, -7.8386 -0.8898 3.7799, -7.8205 -1.0187 3.7118, -7.8503 -1.0012 3.6947, -7.8623 -0.9038 3.4062, -7.8325 -0.8876 3.3877, -7.8442 -0.9634 3.3033, -7.7986 -0.8761 3.3733, -7.8103 -0.9507 3.29, -7.7618 -0.8698 3.3636, -7.7735 -0.9435 3.281, -7.7235 -0.8689 3.359, -7.7352 -0.9422 3.2765, -7.6852 -0.8735 3.3596, -7.6969 -0.9468 3.2767, -7.6483 -0.8834 3.3655, -7.66 -0.9571 3.2816, -7.6144 -0.8981 3.3764, -7.6261 -0.9728 3.291, -7.608 -1.0611 3.2105, -7.8866 -0.9241 3.4282, -7.9047 -0.9478 3.4527, -7.9159 -0.9738 3.4789, -7.9196 -1.0013 3.5057, -7.9158 -1.0291 3.5322, -7.9045 -1.0563 3.5572, -7.8864 -1.0817 3.5799, -7.8619 -1.1043 3.5993, -7.8321 -1.1234 3.6147, -7.7981 -1.1381 3.6256, -7.7613 -1.148 3.6314, -7.723 -1.1525 3.6321, -7.9279 -1.2285 3.3472, -7.9098 -1.2576 3.3647, -7.8981 -1.1746 3.4765, -7.8853 -1.2835 3.3796, -7.8736 -1.1989 3.4937, -7.8555 -1.3051 3.3913, -7.8438 -1.2194 3.5073, -7.8215 -1.3216 3.3992, -7.8098 -1.235 3.5168, -7.7847 -1.3324 3.4031, -7.773 -1.2454 3.5217, -7.7464 -1.337 3.4029, -7.7347 -1.25 3.5219, -7.8857 -1.0506 3.2271, -7.8559 -1.0313 3.2119, -7.8677 -1.0907 3.1141, -7.822 -1.0173 3.1999, -7.8338 -1.0757 3.1035, -7.7852 -1.0093 3.1916, -7.7969 -1.0669 3.0959, -7.7469 -1.0076 3.1872, -7.7586 -1.0648 3.0917, -7.7086 -1.0122 3.187, -7.7203 -1.0694 3.0911, -7.6717 -1.023 3.1909, -7.6835 -1.0805 3.094, -7.6378 -1.0395 3.1989, -7.6495 -1.0976 3.1003, -7.6315 -1.1698 3.0039, -7.91 -1.0747 3.2449, -7.9281 -1.1025 3.2647, -7.9393 -1.1329 3.2856, -7.943 -1.1649 3.3068, -7.9392 -1.1972 3.3276, -7.5651 -1.2421 3.3255, -7.5769 -1.3112 3.2074, -7.5775 -1.3353 3.0683, -7.9626 -1.3253 3.0937, -7.9514 -1.3597 3.107, -7.9397 -1.2997 3.2303, -7.9332 -1.3917 3.1189, -7.9215 -1.3304 3.2451, -7.9088 -1.4198 3.1287, -7.897 -1.3575 3.2575, -7.879 -1.4432 3.1361, -7.8672 -1.3801 3.267, -7.845 -1.4609 3.1408, -7.8333 -1.3973 3.2734, -7.7964 -1.4083 3.2763, -7.7581 -1.4129 3.2756, -7.9091 -1.1626 3.0222, -7.8794 -1.1408 3.0109, -7.8911 -1.1809 2.9033, -7.8455 -1.1248 3.0017, -7.8572 -1.1642 2.8956, -7.8087 -1.1154 2.995, -7.8204 -1.1542 2.8898, -7.7704 -1.1129 2.991, -7.7821 -1.1514 2.8861, -7.7321 -1.1174 2.9899, -7.7438 -1.1557 2.8846, -7.6952 -1.1287 2.9918, -7.7069 -1.1672 2.8854, -7.6612 -1.1464 2.9965, -7.673 -1.1852 2.8885, -7.6549 -1.2382 2.7799, -7.9335 -1.1896 3.0352, -7.9516 -1.2205 3.0494, -7.9628 -1.2544 3.0643, -7.9665 -1.2897 3.0792, -7.5886 -1.3691 3.0831, -7.6003 -1.415 2.9539, -7.6009 -1.4128 2.8124, -7.9861 -1.4077 2.8392, -7.9749 -1.444 2.8459, -7.9631 -1.4079 2.9786, -7.9567 -1.4776 2.8516, -7.945 -1.4408 2.9874, -7.9322 -1.5071 2.856, -7.9205 -1.4698 2.9945, -7.9024 -1.5314 2.8589, -7.8907 -1.4938 2.9997, -7.8685 -1.5497 2.8603, -7.8567 -1.5118 3.0027, -7.8316 -1.5612 2.86, -7.8199 -1.5232 3.0035, -7.7933 -1.5654 2.8581, -7.8438 -1.2019 2.6705, -7.8321 -1.1832 2.7813, -7.8806 -1.2128 2.6743, -7.8689 -1.1936 2.7861, -7.9146 -1.2306 2.6787, -7.9029 -1.211 2.7922, -7.9326 -1.2346 2.7992, -7.612 -1.4488 2.8207, -7.6237 -1.47 2.685, -7.6243 -1.4416 2.5462, -7.6354 -1.4785 2.5476, -7.6443 -1.4264 2.3161, -8.0095 -1.4416 2.5734, -7.9982 -1.4785 2.5733, -7.9866 -1.4676 2.7106, -7.9801 -1.5126 2.5727, -7.9684 -1.5016 2.7131, -7.9556 -1.5424 2.5715, -7.9439 -1.5314 2.7147, -7.9258 -1.5669 2.5699, -7.9141 -1.5559 2.7154, -7.8918 -1.5851 2.5678, -7.8801 -1.5742 2.715, -7.855 -1.5963 2.5654, -7.8433 -1.5856 2.7137, -7.8167 -1.6 2.5628, -7.805 -1.5896 2.7114, -7.8923 -1.2214 2.5609, -7.9262 -1.2396 2.5637, -7.956 -1.2641 2.5663, -7.9803 -1.2939 2.5685, -7.957 -1.2635 2.807, -7.9984 -1.3279 2.5705, -7.9751 -1.2965 2.8152, -8.0096 -1.3648 2.572, -7.9862 -1.3325 2.8235, -8.0133 -1.4032 2.5729, -7.9899 -1.3701 2.8316, -7.9463 -1.2297 2.3656, -7.976 -1.2543 2.3642, -8.0004 -1.2841 2.3617, -8.0185 -1.318 2.3582, -8.0296 -1.3547 2.3538, -8.0333 -1.3928 2.3487, -8.0295 -1.4307 2.343, -8.0183 -1.4672 2.337, -8.0001 -1.5007 2.331, -7.9756 -1.5299 2.3251, -7.9458 -1.5538 2.3196, -7.9119 -1.5715 2.3146, -7.875 -1.5821 2.3105, -7.8367 -1.5854 2.3073, -7.8555 -1.2102 2.5581, -7.9123 -1.2114 2.3658, -7.958 -1.2094 2.2513, -7.9814 -1.1368 2.0291, -7.9696 -1.1785 2.1391, -7.9357 -1.1605 2.1426, -7.924 -1.1911 2.2532, -7.8872 -1.1796 2.2532, -7.8755 -1.1998 2.3648, -7.8372 -1.1957 2.3626, -7.8172 -1.2064 2.5553, -7.7789 -1.2102 2.5527, -7.7672 -1.2024 2.6651, -7.7303 -1.2137 2.6637, -7.7187 -1.1956 2.7757, -7.6847 -1.2139 2.777, -7.7281 -1.2273 2.3503, -7.7398 -1.2056 2.2363, -7.7737 -1.1885 2.2429, -7.7217 -1.1958 2.1147, -7.6983 -1.2512 2.3448, -7.6783 -1.2641 2.5466, -7.6788 -1.3979 2.0429, -7.6677 -1.3626 2.054, -7.6671 -1.4368 2.1759, -7.6555 -1.4631 2.3117, -8.0529 -1.3719 2.0796, -8.0416 -1.4066 2.067, -8.03 -1.4432 2.2008, -8.0234 -1.4384 2.0549, -8.0118 -1.476 2.1916, -7.999 -1.466 2.0436, -7.9873 -1.5046 2.183, -7.9692 -1.4885 2.0338, -7.9575 -1.5278 2.1753, -7.9352 -1.5049 2.0257, -7.9235 -1.5449 2.1688, -7.8984 -1.5146 2.0196, -7.8867 -1.5552 2.1636, -7.8601 -1.5173 2.0159, -7.8484 -1.5582 2.1601, -7.9994 -1.2024 2.1332, -8.0237 -1.2313 2.1252, -8.0418 -1.2639 2.1155, -8.053 -1.2992 2.1043, -8.0567 -1.3356 2.0922, -8.0229 -1.1071 1.9131, -8.0473 -1.134 1.8998, -7.9932 -1.0848 1.9233, -7.9475 -1.1192 2.0344, -7.8989 -1.149 2.1438, -7.8489 -1.1752 2.2515, -7.7989 -1.199 2.3594, -7.742 -1.2214 2.5503, -7.6964 -1.232 2.6634, -7.7081 -1.2396 2.5483, -7.7621 -1.2097 2.3553, -7.8106 -1.1782 2.248, -7.8606 -1.1445 2.1425, -7.9107 -1.1079 2.0366, -7.9592 -1.0677 1.9302, -7.8223 -1.1472 2.1387, -7.7854 -1.1569 2.1326, -7.7514 -1.1733 2.1245, -7.7452 -1.0972 1.8962, -7.6795 -1.3121 1.9272, -7.664 -1.3262 2.0661, -5.8626 -0.116 3.4834, -5.886 -0.2876 3.4518, -5.9097 -0.4531 3.3878, -5.9331 -0.6031 3.2941, -5.9568 -0.7352 3.1722, -5.9804 -0.8424 3.0271, -6.004 -0.9212 2.8632, -6.0274 -0.9679 2.6875, -6.051 -0.9812 2.5039, -6.0745 -0.9599 2.3208, -6.0981 -0.9043 2.1434, -6.1194 -0.8253 1.9928, -6.1429 -0.7099 1.8446, -6.1665 -0.5673 1.7195, -6.19 -0.4037 1.6229, -6.2136 -0.2229 1.5579, -6.237 -0.0329 1.5278, -6.2606 0.1617 1.5338, -6.2841 0.3514 1.5758, -6.3077 0.5325 1.6538, -6.3311 0.6953 1.7637, -6.3544 0.8352 1.9022, -6.3778 0.9481 2.0658, -6.4014 1.0298 2.2504, -6.4248 1.0754 2.4463, -6.4484 1.0838 2.6503, -6.4718 1.0541 2.8515, -6.4931 0.9945 3.0285, -6.5166 0.8948 3.2091, -6.5401 0.7622 3.3694, -6.5636 0.6013 3.5026, -6.5871 0.4174 3.6041, -6.6106 0.2166 3.6698, -6.634 0.0063 3.6972, -6.6576 -0.2075 3.6846, -6.681 -0.4152 3.6326, -6.7045 -0.6119 3.5415, -6.728 -0.7882 3.4154, -6.7516 -0.9395 3.2568, -6.775 -1.0582 3.0734, -6.7985 -1.1419 2.8682, -6.8219 -1.1856 2.6519, -6.8455 -1.1884 2.4281, -6.8658 -1.1568 2.2362, -6.8894 -1.0818 2.0231, -6.9128 -0.9685 1.8281, -6.936 -0.8215 1.6576, -6.9595 -0.6429 1.5155, -6.983 -0.4395 1.4082, -7.0064 -0.2186 1.3405, -7.0133 -0.1522 1.3286, -7.0368 0.0807 1.3156, -7.0602 0.3116 1.3463, -7.0837 0.5351 1.4202, -7.1073 0.7416 1.535, -7.1307 0.9241 1.6869, -7.1542 1.0754 1.8708, -7.1777 1.1906 2.0806, -7.2009 1.2644 2.3073, -7.2243 1.2955 2.5465, -7.2478 1.2812 2.7897, -7.2712 1.2221 3.0256, -7.2946 1.1196 3.2476, -7.318 0.9773 3.4475, -7.3415 0.7979 3.6197, -7.3649 0.5905 3.7548, -7.3884 0.3584 3.8503, -7.4098 0.1345 3.8982, -7.4334 -0.1186 3.9062, -7.4567 -0.3678 3.8671, -7.4803 -0.6084 3.7813, -7.5036 -0.8281 3.6524, -7.5269 -1.0202 3.4854, -7.5503 -1.1797 3.2833, -7.5738 -1.2999 3.0533, -7.5972 -1.3752 2.8043, -7.6206 -1.4032 2.5452, -7.6406 -1.3883 2.3212, -8.0802 -1.2303 1.848, -8.0764 -1.2636 1.8288, -8.0646 -1.3237 1.9518, -8.0652 -1.2953 1.8099, -8.0534 -1.3571 1.936, -8.047 -1.3243 1.7921, -8.0352 -1.3876 1.9209, -8.0225 -1.3494 1.7759, -8.0108 -1.4141 1.9071, -7.9927 -1.3696 1.762, -7.981 -1.4355 1.8952, -7.9588 -1.3842 1.751, -7.947 -1.4511 1.8856, -7.9219 -1.3926 1.7432, -7.9101 -1.4602 1.8787, -7.8836 -1.3946 1.739, -7.8718 -1.4625 1.8747, -8.0654 -1.1643 1.8842, -8.0765 -1.1968 1.8667, -8.0049 -1.0232 1.8229, -7.971 -1.0068 1.8314, -7.9342 -0.9961 1.8357, -7.8959 -0.9914 1.8357, -7.8575 -0.9929 1.8313, -7.8207 -1.0006 1.8228, -7.7867 -1.0141 1.8105, -7.7687 -0.9594 1.6995, -8.0999 -1.1104 1.6024, -8.0886 -1.1381 1.578, -8.0769 -1.2222 1.6904, -8.0704 -1.1632 1.555, -8.0587 -1.2494 1.6699, -8.046 -1.1849 1.5344, -8.0343 -1.2728 1.6514, -8.0162 -1.2021 1.517, -8.0045 -1.2917 1.6357, -7.9822 -1.2144 1.5035, -7.9705 -1.3052 1.6234, -7.9454 -1.2213 1.4943, -7.9336 -1.3128 1.6149, -7.9071 -1.2224 1.4898, -7.8953 -1.3144 1.6105, -8.0464 -0.9724 1.7143, -8.0707 -0.9963 1.6963, -8.0888 -1.0231 1.6753, -8.1 -1.0518 1.652, -8.1037 -1.0813 1.6274, -8.0699 -0.8013 1.5427, -8.0943 -0.8214 1.5206, -7.9459 -0.9266 1.7438, -7.9076 -0.9219 1.7442, -7.8693 -0.923 1.7397, -7.8324 -0.9298 1.7305, -7.7984 -0.9421 1.7169, -7.7922 -0.7858 1.5306, -7.7265 -0.9981 1.4815, -7.7376 -1.0245 1.4557, -7.7382 -0.8945 1.3903, -8.1272 -0.8921 1.437, -8.1234 -0.916 1.407, -8.1116 -1.018 1.5002, -8.1122 -0.9386 1.3778, -8.1004 -1.0432 1.4733, -8.094 -0.959 1.3506, -8.0822 -1.0661 1.4481, -8.0695 -0.9764 1.3263, -8.0578 -1.0857 1.4256, -8.0397 -0.9902 1.306, -8.028 -1.1013 1.4066, -8.0058 -0.9997 1.2904, -7.994 -1.1122 1.392, -7.9571 -1.1182 1.3822, -7.9188 -1.1188 1.3776, -8.1124 -0.8439 1.4949, -8.1235 -0.8677 1.4667, -8.0518 -0.6903 1.4897, -8.0179 -0.6781 1.5035, -7.981 -0.6697 1.5115, -7.9427 -0.6654 1.5131, -7.9044 -0.6652 1.5085, -7.8676 -0.6692 1.4978, -7.8336 -0.6773 1.4814, -7.8154 -0.586 1.3982, -7.7345 -0.8702 1.4199, -7.7577 -0.6485 1.2739, -7.7614 -0.667 1.2402, -7.7717 -0.5026 1.2061, -8.1466 -0.6912 1.2527, -8.1354 -0.7081 1.2198, -8.1238 -0.8271 1.2936, -8.1172 -0.7231 1.1893, -8.1056 -0.8449 1.2646, -8.0927 -0.7358 1.1623, -8.0811 -0.86 1.2388, -8.0629 -0.7455 1.1398, -8.0513 -0.8718 1.2173, -8.029 -0.752 1.1227, -8.0174 -0.8799 1.2009, -7.9805 -0.8839 1.1902, -8.0295 -0.5791 1.4427, -8.0774 -0.4615 1.3656, -8.0634 -0.5899 1.4278, -8.1071 -0.4726 1.3437, -8.0931 -0.6034 1.4072, -8.043 -0.5886 1.0443, -8.0769 -0.584 1.062, -8.1067 -0.5768 1.0855, -8.1312 -0.5673 1.1138, -8.1494 -0.5557 1.1458, -8.1606 -0.5426 1.1803, -8.1504 -0.6732 1.2866, -8.1644 -0.5285 1.216, -8.1305 -0.2397 1.2711, -8.0891 -0.349 1.3249, -8.0435 -0.4524 1.3816, -7.9926 -0.5715 1.4513, -8.1125 -0.114 1.2754, -8.1008 -0.2329 1.2947, -8.0669 -0.227 1.3121, -8.0552 -0.3415 1.3416, -8.0183 -0.3357 1.3517, -8.0066 -0.4458 1.3911, -7.9683 -0.4419 1.3936, -7.9543 -0.5673 1.4534, -7.916 -0.5667 1.4488, -7.7754 -0.5172 1.1706, -7.7871 -0.3862 1.1255, -7.7951 -0.2436 1.1304, -8.0178 -0.4462 0.9817, -8.0547 -0.4455 0.9931, -8.0886 -0.4426 1.0112, -8.1184 -0.4377 1.0352, -8.1429 -0.4308 1.0643, -8.1611 -0.4223 1.0972, -8.1723 -0.4125 1.1328, -8.1878 -0.2709 1.1353, -8.1242 0.0065 1.2672, -8.154 0.0041 1.2427, -8.0786 -0.1097 1.2933, -8.03 -0.2222 1.3226, -7.98 -0.332 1.3546, -7.93 -0.4407 1.3891, -7.8792 -0.5697 1.4378, -7.8528 -0.2204 1.2676, -7.8763 0.0238 1.2429, -7.8943 -0.0986 1.2741, -7.8223 0.0259 1.0654, -7.8186 0.0265 1.1038, -7.8106 -0.1135 1.0726, -7.7988 -0.2514 1.0928, -8.0664 -0.2981 0.9554, -8.0781 -0.1472 0.9315, -8.1004 -0.2969 0.9737, -8.1121 -0.1477 0.9498, -8.1301 -0.2942 0.9981, -8.1419 -0.1473 0.9743, -8.1546 -0.29 1.0276, -8.1663 -0.1459 1.0041, -8.1728 -0.2846 1.0612, -8.1845 -0.1437 1.0381, -8.184 -0.2782 1.0976, -8.1957 -0.1407 1.0749, -8.2113 -0.0013 1.1035, -8.1467 -0.6547 1.3203, -8.1607 -0.5139 1.2515, -8.1841 -0.2632 1.1729, -8.2076 -0.0006 1.1419, -8.223 0.135 1.1068, -8.231 0.2642 1.1606, -8.1774 0.2502 1.2605, -8.136 0.1275 1.2705, -8.0903 0.0091 1.2854, -8.0418 -0.106 1.3042, -7.9917 -0.2188 1.3259, -7.9417 -0.3305 1.3502, -7.8932 -0.4425 1.3778, -7.8452 -0.5762 1.4207, -8.1974 0.4548 1.3117, -8.1477 0.2479 1.2851, -8.102 0.1283 1.2889, -8.0535 0.0118 1.2967, -8.0035 -0.1029 1.3077, -7.9534 -0.2169 1.3217, -7.9049 -0.3312 1.3388, -7.8592 -0.4471 1.3601, -7.9635 0.2575 1.3055, -7.9518 0.1389 1.2899, -7.94 0.0197 1.2855, -7.9061 0.0219 1.2674, -7.9178 0.1428 1.2721, -7.9295 0.263 1.2881, -7.8997 0.2694 1.2644, -7.8224 0.0266 1.1422, -7.8459 0.291 1.1659, -7.8658 0.5101 1.2247, -5.8898 -0.2769 3.415, -5.9135 -0.4356 3.3536, -5.9369 -0.5796 3.2638, -5.9606 -0.7063 3.1468, -5.9842 -0.8093 3.0076, -6.0078 -0.8851 2.8502, -6.0313 -0.93 2.6814, -6.0549 -0.9428 2.505, -6.0783 -0.9224 2.3291, -6.1019 -0.869 2.1585, -6.1233 -0.7931 2.0137, -6.1468 -0.6821 1.8711, -6.1703 -0.545 1.7507, -6.1938 -0.3877 1.6578, -6.2174 -0.2136 1.5952, -6.2409 -0.0307 1.5661, -6.2645 0.1567 1.5718, -6.2879 0.3393 1.6123, -6.3115 0.5138 1.6873, -6.3349 0.6707 1.7932, -6.3582 0.8056 1.9267, -6.3816 0.9145 2.0844, -6.4052 0.9933 2.2623, -6.4286 1.0373 2.4513, -6.4522 1.0455 2.648, -6.4756 1.0168 2.8421, -6.4969 0.9593 3.013, -6.5204 0.8632 3.1873, -6.5439 0.7352 3.3421, -6.5674 0.5798 3.4707, -6.5909 0.4023 3.5688, -6.6144 0.2083 3.6323, -6.6378 0.0051 3.6588, -6.6614 -0.2015 3.6467, -6.6848 -0.4022 3.5965, -6.7084 -0.5924 3.5084, -6.7318 -0.7629 3.3865, -6.7554 -0.9092 3.2331, -6.7788 -1.0241 3.0558, -6.8024 -1.105 2.8573, -6.8257 -1.1474 2.648, -6.8493 -1.1501 2.4314, -6.8697 -1.1196 2.2457, -6.8932 -1.047 2.0393, -6.9166 -0.9374 1.8505, -6.9399 -0.795 1.6854, -6.9633 -0.6221 1.5477, -6.9868 -0.425 1.4437, -7.0103 -0.211 1.3781, -7.0171 -0.1466 1.3666, -7.0406 0.0791 1.354, -7.064 0.3028 1.3837, -7.0876 0.5195 1.4553, -7.1111 0.7198 1.5666, -7.1346 0.8968 1.7139, -7.158 1.0436 1.8922, -7.1815 1.1553 2.0957, -7.2047 1.2269 2.3156, -7.2281 1.2571 2.5478, -7.2517 1.2433 2.7838, -7.275 1.1859 3.0128, -7.2984 1.0865 3.2283, -7.3218 0.9483 3.4224, -7.3453 0.7741 3.5895, -7.3687 0.5727 3.7208, -7.3922 0.3473 3.8135, -7.4136 0.1298 3.8601, -7.4372 -0.1161 3.8679, -7.4605 -0.3582 3.8299, -7.4841 -0.592 3.7465, -7.5074 -0.8056 3.6213, -7.5307 -0.9923 3.4589, -7.5541 -1.1474 3.2625, -7.5776 -1.2643 3.0389, -7.601 -1.3376 2.7967, -7.6244 -1.3648 2.5447, -7.6444 -1.3504 2.3269, -7.6678 -1.2899 2.0787, -7.6913 -1.1829 1.8432, -7.7148 -1.0338 1.6316, -7.7383 -0.8462 1.45, -7.7615 -0.6305 1.3078, -7.7755 -0.4884 1.2418, -7.7989 -0.2364 1.1681, -8.1794 0.5627 1.3802, -8.1677 0.4487 1.3355, -8.1337 0.4449 1.3535, -8.1138 0.2471 1.3034, -8.077 0.2476 1.315, -8.0652 0.13 1.3003, -8.0269 0.1324 1.3043, -8.0152 0.0145 1.3005, -7.9769 0.0172 1.2967, -7.9652 -0.1006 1.3037, -7.9283 -0.0991 1.2924, -7.9166 -0.2165 1.3102, -7.8826 -0.2177 1.292, -7.8709 -0.3341 1.3207, -8.0969 0.4437 1.365, -8.0586 0.4449 1.3695, -8.0203 0.4487 1.3669, -7.9834 0.4549 1.3572, -7.9495 0.4631 1.3409, -7.9197 0.4732 1.3185, -7.8457 0.3045 1.0903, -7.8657 0.5354 1.1522, -7.862 0.523 1.1886, -8.2745 0.73 1.3241, -8.2665 0.6255 1.2288, -8.251 0.4845 1.2152, -8.2547 0.497 1.1789, -8.2347 0.2708 1.1228, -8.2209 0.6828 1.4133, -8.1455 0.5573 1.3978, -8.1087 0.555 1.4091, -8.0704 0.5558 1.4137, -8.0321 0.5599 1.4115, -7.9952 0.5669 1.4024, -7.9612 0.5766 1.3869, -7.9432 0.6996 1.4234, -7.8737 0.6505 1.2409, -7.8775 0.6663 1.2059, -7.8855 0.7728 1.3051, -8.2978 0.9502 1.476, -8.3016 0.9751 1.4467, -8.2782 0.749 1.2907, -8.1356 -0.6365 1.3524, -8.1496 -0.4993 1.2855, -8.173 -0.2552 1.209, -8.1964 0.0005 1.1788, -8.2199 0.2585 1.1971, -8.2399 0.4731 1.2504, -8.2634 0.7122 1.3565, -8.2867 0.9267 1.5045, -8.1175 -0.6191 1.3817, -8.1315 -0.4854 1.3166, -8.1549 -0.2473 1.2421, -8.1783 0.0021 1.2129, -8.2018 0.2537 1.2309, -8.2218 0.463 1.2829, -8.2453 0.6963 1.3866, -8.2686 0.9055 1.5312, -8.2442 0.8873 1.5549, -8.1204 0.6619 1.4636, -8.0821 0.6623 1.4683, -8.0438 0.6666 1.4664, -8.007 0.6744 1.458, -7.973 0.6856 1.4435, -7.9665 0.902 1.568, -6.1816 -0.524 1.7811, -6.205 -0.3727 1.6915, -6.2286 -0.2052 1.6311, -6.2521 -0.0292 1.603, -6.2757 0.1513 1.6084, -6.2991 0.3273 1.6472, -6.3227 0.4954 1.7193, -6.3461 0.6467 1.8212, -6.3694 0.7769 1.9498, -6.3928 0.8819 2.1017, -6.4164 0.958 2.2733, -6.4398 1.0006 2.4555, -6.4634 1.0086 2.6453, -6.4868 0.9812 2.8326, -6.5082 0.9258 2.9976, -6.5316 0.8331 3.1659, -6.5551 0.7096 3.3154, -6.5786 0.5597 3.4398, -6.6021 0.3882 3.5347, -6.6256 0.2008 3.5962, -6.6491 0.0045 3.6219, -6.6726 -0.1952 3.6103, -6.696 -0.3893 3.5619, -6.7196 -0.5732 3.4769, -6.743 -0.7381 3.3591, -6.7666 -0.8798 3.2108, -6.79 -0.9911 3.0394, -6.8136 -1.0695 2.8473, -6.837 -1.1107 2.6448, -6.8605 -1.1134 2.4352, -6.8809 -1.0839 2.2553, -6.9045 -1.0138 2.0554, -6.9279 -0.9077 1.8725, -6.9511 -0.7699 1.7125, -6.9745 -0.6024 1.579, -6.998 -0.4115 1.4781, -7.0215 -0.2041 1.4144, -7.0283 -0.1418 1.4032, -7.0519 0.077 1.3909, -7.0753 0.2939 1.4196, -7.0988 0.5041 1.4888, -7.1223 0.6984 1.5966, -7.1458 0.8701 1.7394, -7.1693 1.0126 1.9124, -7.1927 1.1211 2.1098, -7.2159 1.1908 2.3231, -7.2394 1.2202 2.5484, -7.2629 1.2069 2.7775, -7.2863 1.1513 2.9999, -7.3097 1.0549 3.2092, -7.333 0.9208 3.3978, -7.3566 0.7516 3.5602, -7.3799 0.5561 3.6878, -7.4035 0.3371 3.778, -7.4249 0.1258 3.8234, -7.4484 -0.1132 3.8311, -7.4718 -0.3485 3.7943, -7.4953 -0.5759 3.7133, -7.5187 -0.7836 3.5917, -7.5419 -0.9652 3.4339, -7.5653 -1.1161 3.2429, -7.5888 -1.2299 3.0255, -7.6122 -1.3013 2.79, -7.6356 -1.3279 2.5448, -7.6557 -1.3139 2.3329, -7.679 -1.2552 2.0913, -7.7026 -1.1512 1.8621, -7.726 -1.0062 1.656, -7.7496 -0.8236 1.4791, -7.7728 -0.6137 1.3406, -7.7868 -0.4753 1.2763, -7.8102 -0.2299 1.2044, -7.8336 0.0262 1.1791, -7.8571 0.2837 1.2021, -7.877 0.4971 1.2593, -7.9006 0.7342 1.3697, -7.8893 0.7533 1.3382, -7.9239 0.9459 1.5216, -7.9127 0.9705 1.4942, -7.9472 1.1262 1.7107, -7.9088 0.9958 1.4653, -8.053 0.008 0.9106, -8.0264 0.1654 0.912, -8.0647 0.1623 0.9155, -8.0381 0.3191 0.9317, -8.0764 0.3158 0.9349, -8.0581 0.575 0.9979, -8.0964 0.5712 1.0006, -8.0698 0.7202 1.056, -8.1082 0.7161 1.0582, -8.0816 0.8595 1.1275, -8.1199 0.8553 1.1294, -8.0933 0.9907 1.2112, -8.1316 0.9863 1.2126, -8.1049 1.1138 1.3068, -8.1433 1.1094 1.3079, -8.1166 1.2276 1.4135, -8.0898 0.0055 0.9217, -8.1016 0.1588 0.9264, -8.1133 0.3113 0.9454, -8.1332 0.5651 1.0102, -8.145 0.7091 1.0673, -8.1568 0.8474 1.1377, -8.1684 0.9777 1.2202, -8.1801 1.1001 1.3146, -8.1238 0.0033 0.9399, -8.1355 0.1549 0.9443, -8.1473 0.3057 0.9629, -8.1672 0.5568 1.0266, -8.179 0.6994 1.0827, -8.1907 0.8363 1.1522, -8.2024 0.9653 1.2336, -8.2141 1.0864 1.3268, -8.1536 0.0015 0.9644, -8.1653 0.1508 0.9685, -8.177 0.2993 0.9866, -8.197 0.5468 1.0489, -8.2088 0.6873 1.1041, -8.2205 0.8222 1.1723, -8.2322 0.9494 1.2523, -8.2439 1.0689 1.344, -8.1781 0.0 0.9942, -8.1898 0.1465 0.998, -8.2015 0.2924 1.0156, -8.2215 0.5353 1.0765, -8.2332 0.6732 1.1304, -8.245 0.8058 1.1973, -8.2567 0.9308 1.2756, -8.2683 1.0482 1.3654, -8.1962 -0.0009 1.0282, -8.208 0.1424 1.0318, -8.2197 0.2851 1.0488, -8.2397 0.5228 1.1082, -8.2514 0.6579 1.1608, -8.2632 0.7876 1.2261, -8.2748 0.91 1.3026, -8.2865 1.025 1.3904, -8.2075 -0.0014 1.0651, -8.2192 0.1385 1.0685, -8.2309 0.2778 1.085, -8.2509 0.5099 1.1427, -8.2626 0.6418 1.194, -8.2744 0.7685 1.2576, -8.2861 0.888 1.3322, -8.2977 1.0003 1.4178, -7.8294 -0.4543 1.3366, -8.2262 0.9628 1.6581, -8.1922 0.9513 1.6725, -8.1554 0.945 1.6822, -8.1171 0.9442 1.6868, -8.0788 0.9487 1.6862, -8.042 0.9586 1.6803, -8.008 0.9733 1.6694, -7.9898 1.0745 1.7482, -7.9205 1.0953 1.5604, -7.936 1.1556 1.6883, -7.9705 1.2693 1.9311, -8.3445 1.29 1.8902, -8.3365 1.2515 1.7535, -8.3211 1.1389 1.6667, -8.3249 1.1688 1.6425, -8.3132 1.0764 1.54, -8.2156 1.1041 1.8606, -8.2611 1.182 1.9542, -8.2495 1.118 1.8486, -8.2909 1.2027 1.9408, -8.2675 1.0625 1.7326, -8.1671 1.0248 1.7719, -8.2039 1.0319 1.7629, -8.2378 1.0447 1.7496, -8.3562 1.3499 2.0127, -8.3599 1.3852 1.9977, -8.3482 1.3238 1.8719, -8.31 1.1106 1.6904, -8.3333 1.2577 1.9082, -8.3568 1.363 2.1522, -8.3143 1.3028 2.1741, -8.2729 1.2364 2.0663, -8.2272 1.167 1.9649, -8.1787 1.0961 1.869, -8.1288 1.0235 1.7764, -8.3286 1.3419 2.3243, -8.2846 1.28 2.1833, -8.239 1.2205 2.0755, -8.1904 1.1583 1.9724, -8.1404 1.0944 1.8733, -8.0132 1.2116 1.9584, -8.0366 1.3083 2.1929, -8.0547 1.242 2.0807, -7.9593 1.3023 1.9145, -7.971 1.3598 2.038, -7.994 1.3701 2.1769, -7.9828 1.4056 2.1667, -8.0083 1.4084 2.3348, -8.1521 1.1562 1.9766, -8.2021 1.2111 2.0823, -8.2507 1.2633 2.191, -8.2989 1.3182 2.3309, -8.3717 1.4346 2.1289, -8.3679 1.398 2.1406, -8.386 1.478 2.2944, -8.3822 1.4403 2.3018, -8.3977 1.4994 2.4336, -8.394 1.4612 2.4374, -8.3946 1.4324 2.5755, -8.3711 1.4041 2.3095, -8.3521 1.3685 2.5785, -8.3106 1.3369 2.455, -8.265 1.3007 2.3366, -8.2139 1.2533 2.1968, -8.1638 1.2086 2.0862, -8.1138 1.1608 1.9773, -8.0653 1.1098 1.8696, -8.0196 1.0541 1.7618, -8.3341 1.3392 2.7063, -8.3224 1.344 2.5806, -8.2885 1.3257 2.583, -8.2767 1.319 2.4591, -8.2399 1.308 2.4627, -8.2282 1.2901 2.3413, -8.1899 1.2869 2.3447, -8.1756 1.2505 2.2006, -8.1373 1.2548 2.2021, -8.1255 1.2131 2.0873, -8.0887 1.2243 2.0854, -8.0769 1.1718 1.9743, -8.043 1.189 1.968, -8.0313 1.1262 1.8616, -8.175 1.3144 2.591, -8.1633 1.3084 2.4681, -8.1515 1.2911 2.3466, -8.1382 1.3255 2.5936, -8.1264 1.3198 2.4697, -8.1147 1.3025 2.3471, -8.1004 1.2663 2.2012, -8.0664 1.2843 2.1982, -8.0807 1.3208 2.3461, -8.0925 1.3381 2.4704, -8.1042 1.3437 2.596, -8.0509 1.3452 2.3436, -8.0744 1.3681 2.5981, -7.9971 1.4448 2.3287, -8.0088 1.4632 2.4646, -8.0318 1.4319 2.6012, -8.4094 1.5078 2.5745, -8.4057 1.4694 2.5747, -8.4211 1.5028 2.7155, -8.4174 1.4645 2.7122, -8.418 1.4105 2.8427, -8.3755 1.3471 2.8338, -8.3002 1.3208 2.707, -8.2633 1.3093 2.7085, -8.225 1.3053 2.7108, -8.1867 1.3087 2.7139, -8.1499 1.3196 2.7175, -8.1159 1.3374 2.7216, -8.0978 1.3431 2.853, -8.0205 1.4688 2.602, -8.0322 1.4615 2.7392, -8.0552 1.4052 2.8679, -8.4328 1.4847 2.8557, -8.4291 1.4469 2.8489, -8.4445 1.4537 2.9936, -8.4408 1.4167 2.9833, -8.4414 1.3393 3.1018, -8.3235 1.2764 2.9515, -8.275 1.2927 2.8307, -8.2867 1.2649 2.9509, -8.2367 1.2885 2.8327, -8.2484 1.2604 2.9524, -8.1984 1.2916 2.836, -8.2101 1.2633 2.956, -8.1616 1.3021 2.8407, -8.1733 1.2733 2.9616, -8.1276 1.3195 2.8464, -8.1393 1.29 2.969, -8.1212 1.2712 3.0994, -8.0439 1.4413 2.8755, -8.0556 1.4087 3.0093, -8.0785 1.3295 3.1255, -8.0673 1.3636 3.1397, -8.0984 1.228 3.3308, -8.4562 1.4098 3.1283, -8.4525 1.374 3.1146, -8.476 1.3069 3.3463, -8.4723 1.2737 3.327, -8.4612 1.2415 3.309, -8.2919 1.0848 1.7127, -8.3152 1.2283 1.9253, -8.3387 1.3308 2.1636, -8.353 1.3709 2.317, -8.3765 1.3984 2.5768, -8.3999 1.3768 2.8377, -8.4233 1.3071 3.0906, -8.4431 1.2115 3.2928, -8.3989 1.2787 3.0813, -8.4187 1.1849 3.2791, -8.3551 1.1457 3.2613, -8.2984 1.2258 3.0682, -8.3182 1.1347 3.2579, -8.2601 1.2213 3.0693, -8.2799 1.13 3.2583, -8.2218 1.2238 3.0732, -8.2416 1.1319 3.2625, -8.1849 1.2332 3.0797, -8.2048 1.1402 3.2704, -8.151 1.2492 3.0885, -8.1708 1.1546 3.2817, -8.141 1.1746 3.2959, -8.1549 1.223 1.4142, -8.1282 1.331 1.5307, -8.1666 1.3264 1.5309, -8.1399 1.4235 1.6572, -8.1782 1.4188 1.657, -8.1516 1.5039 1.792, -8.1899 1.4994 1.7914, -8.1633 1.572 1.9349, -8.2016 1.5676 1.9339, -8.175 1.6265 2.0839, -8.2134 1.6221 2.0825, -8.1893 1.6737 2.2716, -8.2276 1.6696 2.2696, -8.2011 1.6965 2.4292, -8.2394 1.6925 2.4268, -8.2128 1.7043 2.5885, -8.2511 1.7006 2.5858, -8.2245 1.6972 2.7478, -8.2628 1.6938 2.7447, -8.2362 1.6752 2.906, -8.2745 1.6721 2.9027, -8.2479 1.6387 3.0614, -8.2862 1.6359 3.0578, -8.2596 1.5878 3.2131, -8.2979 1.5853 3.2092, -8.2794 1.4693 3.458, -8.3177 1.4675 3.4538, -8.1918 1.2132 1.42, -8.2034 1.3161 1.5358, -8.2151 1.4081 1.6609, -8.2267 1.4883 1.7943, -8.2385 1.5563 1.9358, -8.2502 1.6107 2.0833, -8.2645 1.6581 2.2691, -8.2762 1.6811 2.4253, -8.288 1.6895 2.5832, -8.2997 1.6829 2.7411, -8.3114 1.6616 2.898, -8.3231 1.6259 3.0522, -8.3347 1.5759 3.2027, -8.3546 1.4592 3.4459, -8.2257 1.1984 1.4309, -8.2374 1.3004 1.5452, -8.249 1.3916 1.6689, -8.2607 1.4711 1.8007, -8.2724 1.5386 1.9405, -8.2842 1.5926 2.0864, -8.2985 1.6398 2.2701, -8.3102 1.6629 2.4246, -8.3219 1.6713 2.5808, -8.3336 1.6651 2.737, -8.3454 1.6442 2.8923, -8.357 1.6091 3.0449, -8.3687 1.5599 3.1938, -8.3886 1.4447 3.4346, -8.2555 1.1794 1.4464, -8.2672 1.28 1.5589, -8.2788 1.37 1.6806, -8.2905 1.4486 1.8103, -8.3022 1.5152 1.948, -8.314 1.5687 2.0916, -8.3283 1.6154 2.2726, -8.34 1.6383 2.4247, -8.3517 1.6469 2.5786, -8.3634 1.6409 2.7326, -8.3751 1.6206 2.8857, -8.3868 1.5862 3.0361, -8.3985 1.5379 3.1829, -8.4183 1.4248 3.4204, -8.28 1.1567 1.4658, -8.2916 1.2556 1.5761, -8.3033 1.3442 1.6955, -8.3149 1.4214 1.8227, -8.3267 1.487 1.9578, -8.3384 1.5397 2.0988, -8.3527 1.5858 2.2764, -8.3645 1.6085 2.4258, -8.3762 1.6171 2.5769, -8.3879 1.6114 2.7281, -8.3996 1.5917 2.8784, -8.4113 1.5581 3.0262, -8.423 1.5108 3.1704, -8.4428 1.4 3.4038, -8.2982 1.1314 1.4885, -8.3098 1.2283 1.5963, -8.3215 1.315 1.7131, -8.3331 1.3908 1.8376, -8.3449 1.4551 1.9697, -8.3566 1.5068 2.1076, -8.3709 1.5522 2.2815, -8.3826 1.5745 2.4277, -8.3944 1.5831 2.5756, -8.4061 1.5777 2.7236, -8.4178 1.5585 2.8708, -8.4295 1.5257 3.0155, -8.4412 1.4796 3.1568, -8.461 1.3713 3.3854, -8.3094 1.1042 1.5135, -8.321 1.1989 1.6188, -8.3327 1.2838 1.7327, -8.3444 1.3578 1.8542, -8.3561 1.4208 1.9832, -8.3678 1.4714 2.1178, -8.3821 1.5158 2.2876, -8.3939 1.5377 2.4303, -8.4056 1.5462 2.5748, -8.4173 1.541 2.7194, -8.429 1.5224 2.8632, -8.4407 1.4905 3.0045, -8.4524 1.4455 3.1426, -8.4722 1.3399 3.366, -8.4845 1.0863 3.5297, -8.4956 1.1146 3.5534, -8.484 1.1995 3.4438, -8.4993 1.1437 3.5785, -8.4877 1.2308 3.4661, -8.4955 1.1725 3.604, -8.4839 1.2618 3.4887, -8.4843 1.1998 3.6288, -8.4726 1.2913 3.511, -8.4661 1.2245 3.6522, -8.4544 1.3181 3.5319, -8.4416 1.2458 3.6731, -8.43 1.3412 3.5507, -8.4118 1.2629 3.6907, -8.4002 1.3598 3.5668, -8.3779 1.275 3.7045, -8.3662 1.3731 3.5793, -8.3294 1.3807 3.588, -8.2911 1.3821 3.5923, -8.4006 1.0944 3.3752, -8.3667 1.0782 3.3665, -8.3299 1.0675 3.362, -8.2916 1.0628 3.362, -8.2533 1.0643 3.3664, -8.2164 1.0718 3.375, -8.1824 1.0851 3.3876, -8.1643 1.023 3.5045, -8.0871 1.2594 3.3502, -8.0988 1.1831 3.4656, -8.1216 1.069 3.5487, -8.442 1.0362 3.4899, -8.4123 1.0163 3.4754, -8.4239 0.9289 3.5682, -8.3783 1.001 3.4652, -8.39 0.9146 3.5567, -8.3415 0.9908 3.4598, -8.3532 0.905 3.5503, -8.3032 0.9861 3.4593, -8.3149 0.9004 3.5494, -8.2649 0.9872 3.4638, -8.2766 0.901 3.554, -8.2281 0.9939 3.4731, -8.2397 0.9068 3.5638, -8.1941 1.0059 3.4868, -8.2057 0.9175 3.5786, -8.1876 0.8342 3.6825, -8.4664 1.0598 3.5083, -8.1104 1.0963 3.5736, -8.1221 0.9995 3.6734, -8.145 0.8713 3.7345, -8.5226 0.9392 3.7775, -8.5189 0.9152 3.7475, -8.5343 0.8237 3.8621, -8.5306 0.8026 3.83, -8.5311 0.6648 3.8696, -8.5078 0.8917 3.719, -8.5072 1.0196 3.655, -8.511 1.0462 3.6827, -8.4886 0.6326 3.8143, -8.4653 0.8498 3.6706, -8.4472 0.7296 3.728, -8.4356 0.833 3.6527, -8.4017 0.8198 3.6398, -8.4705 0.5036 3.8486, -8.4589 0.6194 3.7935, -8.4249 0.6088 3.7785, -8.4133 0.7176 3.7139, -8.3765 0.7094 3.7059, -8.3648 0.8108 3.6326, -8.3265 0.8063 3.6312, -8.1337 0.8935 3.764, -8.1454 0.7794 3.8444, -8.1682 0.6419 3.881, -8.5459 0.7006 3.9359, -8.5422 0.6826 3.9019, -8.5575 0.5713 3.9978, -8.5538 0.5565 3.9624, -8.5543 0.4135 3.9758, -8.4821 0.3829 3.8926, -8.5118 0.392 3.9155, -8.4366 0.4944 3.8326, -8.3881 0.6013 3.7697, -8.3382 0.705 3.7042, -8.2882 0.8065 3.6359, -8.2109 0.615 3.823, -8.2341 0.3731 3.9209, -8.2523 0.4892 3.8541, -8.157 0.6582 3.9141, -8.1686 0.5311 3.9722, -8.1915 0.3888 3.9828, -8.1803 0.3988 4.0183, -8.2145 0.1225 4.0362, -7.9321 1.1857 1.6646, -7.9438 1.2663 1.777, -7.9555 1.3364 1.8967, -7.9672 1.3954 2.0235, -7.9789 1.4423 2.1556, -7.9932 1.4826 2.3218, -8.005 1.5015 2.4613, -8.0167 1.5072 2.6023, -8.0284 1.4997 2.7431, -8.0401 1.479 2.8829, -8.0518 1.4455 3.0202, -8.0635 1.3992 3.154, -8.0833 1.2924 3.37, -8.095 1.2141 3.4883, -8.1066 1.1251 3.5991, -8.1183 1.0257 3.7014, -8.1299 0.917 3.7943, -8.1416 0.8001 3.8768, -8.1532 0.6758 3.9483, -8.1648 0.5454 4.0078, -8.1764 0.4098 4.0551, -8.5692 0.4365 4.0475, -8.5654 0.425 4.0109, -8.5807 0.2986 4.0844, -8.5885 0.153 4.0704, -8.5922 0.1575 4.1086, -8.5349 0.138 3.9706, -8.4936 0.2594 3.9252, -8.4482 0.3753 3.8759, -8.3997 0.4878 3.8232, -8.3498 0.5971 3.7676, -8.2999 0.7047 3.7088, -8.2514 0.8114 3.6462, -8.5504 -0.0377 3.9811, -8.5051 0.1331 3.9465, -8.4597 0.2533 3.9079, -8.4114 0.3695 3.8659, -8.3614 0.4838 3.8206, -8.3115 0.5964 3.7721, -8.263 0.7086 3.7195, -8.2174 0.8207 3.662, -8.3209 0.1181 3.9296, -8.3094 0.2429 3.9098, -8.2979 0.365 3.8788, -8.2639 0.368 3.8969, -8.2754 0.2442 3.9281, -8.287 0.1178 3.9479, -8.2572 0.1184 3.9724, -8.188 0.2712 4.0895, -8.2033 0.1259 4.0729, -8.23 -0.0611 4.0443, -8.5322 -0.1678 3.9502, -8.5207 -0.0395 3.9566, -8.4867 -0.0416 3.9383, -8.4712 0.1287 3.9286, -8.4344 0.1249 3.9177, -8.4229 0.2485 3.8974, -8.3846 0.2451 3.8942, -8.3731 0.3658 3.863, -8.3347 0.3643 3.8674, -8.3231 0.4827 3.8251, -8.2863 0.4845 3.8364, -8.2747 0.5993 3.7832, -8.2407 0.6056 3.8004, -8.229 0.7165 3.7361, -8.4499 -0.0441 3.927, -8.4116 -0.0468 3.9232, -8.3733 -0.0495 3.9269, -8.3365 -0.0523 3.938, -8.3025 -0.0549 3.9561, -8.2727 -0.0573 3.9805, -8.1995 0.1299 4.1111, -8.6077 -0.0353 4.1204, -8.604 -0.0351 4.082, -8.6192 -0.1786 4.1137, -8.6155 -0.1749 4.0755, -8.6307 -0.3211 4.0938, -8.6159 -0.3075 4.0197, -8.5929 -0.0354 4.0451, -8.5773 0.1481 4.0338, -8.5734 -0.298 3.9564, -8.4983 -0.1683 3.9318, -8.4614 -0.1697 3.9203, -8.4231 -0.172 3.9162, -8.3848 -0.1751 3.9197, -8.348 -0.1788 3.9305, -8.314 -0.1831 3.9483, -8.2957 -0.3172 3.9523, -8.2531 -0.3325 4.0143, -8.627 -0.3139 4.0561, -8.6422 -0.4614 4.061, -8.6385 -0.4507 4.0241, -8.6537 -0.5983 4.0153, -8.65 -0.5844 3.9796, -8.6389 -0.5714 3.9449, -8.4897 0.8697 3.693, -8.513 0.6479 3.84, -8.5362 0.4024 3.9436, -8.5592 0.143 4.0001, -8.5748 -0.0363 4.011, -8.5978 -0.3021 3.9861, -8.6208 -0.56 3.9128, -8.5964 -0.5505 3.8845, -8.4729 -0.2945 3.9021, -8.4346 -0.2964 3.8978, -8.3963 -0.2998 3.9009, -8.3595 -0.3045 3.9114, -8.3255 -0.3104 3.9287, -8.3187 -0.5687 3.8768, -8.2761 -0.5951 3.935, -8.3527 1.171 3.8302, -8.326 1.0499 3.9406, -8.3643 1.0497 3.936, -8.3377 0.9188 4.0348, -8.376 0.919 4.0302, -8.3493 0.7793 4.1166, -8.3876 0.78 4.112, -8.3609 0.6329 4.185, -8.3992 0.634 4.1805, -8.3725 0.4805 4.2396, -8.4108 0.482 4.2353, -8.3841 0.3247 4.2797, -8.4224 0.3266 4.2755, -8.3956 0.1657 4.3055, -8.4339 0.1679 4.3014, -8.4111 -0.0515 4.3168, -8.4494 -0.0488 4.3131, -8.4226 -0.2128 4.3078, -8.4609 -0.2098 4.3044, -8.4341 -0.3729 4.284, -8.4724 -0.3695 4.2808, -8.4456 -0.5304 4.2456, -8.4839 -0.5268 4.2428, -8.4571 -0.684 4.1928, -8.4954 -0.6801 4.1903, -8.3895 1.1652 3.8203, -8.4012 1.0448 3.9256, -8.4128 0.9151 4.0194, -8.4245 0.7771 4.1009, -8.4361 0.6322 4.1692, -8.4477 0.4812 4.2238, -8.4592 0.3269 4.2641, -8.4707 0.1693 4.2901, -8.4863 -0.046 4.302, -8.4978 -0.206 4.2935, -8.5093 -0.3648 4.2704, -8.5208 -0.5211 4.2328, -8.5323 -0.6736 4.1809, -8.4235 1.1544 3.8055, -8.4351 1.0355 3.9099, -8.4468 0.9073 4.0028, -8.4584 0.7708 4.0837, -8.47 0.6275 4.1515, -8.4817 0.4782 4.2058, -8.4932 0.3256 4.2458, -8.5047 0.1697 4.2718, -8.5202 -0.0434 4.2839, -8.5317 -0.2017 4.2757, -8.5432 -0.3589 4.2531, -8.5548 -0.5137 4.2161, -8.5663 -0.6646 4.165, -8.4533 1.1391 3.7863, -8.4649 1.022 3.8893, -8.4766 0.8958 3.9812, -8.4882 0.7614 4.0611, -8.4998 0.6202 4.1281, -8.5115 0.4731 4.1818, -8.523 0.3227 4.2214, -8.5345 0.169 4.2473, -8.55 -0.041 4.2595, -8.5615 -0.1971 4.2516, -8.573 -0.3521 4.2295, -8.5845 -0.5047 4.1932, -8.596 -0.6536 4.1431, -8.4777 1.1198 3.7636, -8.4894 1.0049 3.8649, -8.501 0.8811 3.9552, -8.5127 0.7491 4.0339, -8.5243 0.6105 4.0999, -8.5359 0.4661 4.1528, -8.5474 0.3184 4.1919, -8.559 0.1674 4.2174, -8.5745 -0.0389 4.2297, -8.586 -0.1923 4.2222, -8.5975 -0.3446 4.2006, -8.609 -0.4946 4.1652, -8.6205 -0.641 4.116, -8.4959 1.0973 3.738, -8.5076 0.9849 3.8374, -8.5192 0.8637 3.926, -8.5309 0.7345 4.0031, -8.5425 0.5988 4.0679, -8.5541 0.4574 4.1199, -8.5656 0.3128 4.1584, -8.5771 0.1649 4.1835, -8.5927 -0.0372 4.1957, -8.6042 -0.1875 4.1885, -8.6157 -0.3368 4.1675, -8.6272 -0.4838 4.1329, -8.6387 -0.6272 4.0849, -8.5071 1.0725 3.7107, -8.5188 0.9627 3.8079, -8.5304 0.8443 3.8945, -8.5421 0.7182 3.97, -8.5537 0.5856 4.0334, -8.5653 0.4474 4.0843, -8.5768 0.3061 4.122, -8.5884 0.1616 4.1467, -8.6039 -0.036 4.1588, -8.6154 -0.1829 4.1519, -8.6269 -0.3288 4.1314, -8.6384 -0.4725 4.0977, -8.6499 -0.6128 4.0509, -8.5782 -0.6617 3.8085, -8.5442 -0.6555 3.7911, -8.5074 -0.6527 3.7799, -8.4691 -0.6534 3.7753, -8.4308 -0.6575 3.7774, -8.394 -0.6649 3.7861, -8.36 -0.6753 3.8012, -8.3417 -0.8026 3.7564, -8.2763 -0.7373 3.9101, -8.2725 -0.755 3.9442, -8.2878 -0.8595 3.8396, -8.6767 -0.857 3.8872, -8.673 -0.8367 3.8545, -8.6881 -0.9761 3.8063, -8.6958 -1.0617 3.6863, -8.5671 -0.8722 3.6565, -8.5897 -0.7748 3.7453, -8.5557 -0.7672 3.7286, -8.4054 -0.776 3.7228, -8.3715 -0.7877 3.7368, -8.4168 -0.8805 3.6499, -8.3943 -0.9922 3.5794, -8.4283 -0.9782 3.5677, -8.299 -0.8391 3.8088, -8.3218 -1.0558 3.6409, -8.3106 -1.0814 3.6675, -8.3255 -1.0877 3.6102, -8.7109 -1.1926 3.5531, -8.7146 -1.2217 3.5782, -8.6995 -1.095 3.6554, -8.7032 -1.1216 3.6831, -8.6995 -1.0875 3.7147, -8.7112 -1.251 3.4202, -8.6883 -1.0697 3.6285, -8.6847 -1.0372 3.6586, -8.6619 -0.8177 3.8229, -8.6615 -0.7133 3.9229, -8.6652 -0.7305 3.9572, -8.5822 -1.0005 3.5469, -8.5936 -1.0887 3.4536, -8.639 -1.1817 3.365, -8.4319 -1.008 3.5393, -8.3979 -1.0224 3.5506, -8.4434 -1.0954 3.4454, -8.4208 -1.1903 3.3522, -8.4548 -1.1741 3.3437, -8.3143 -1.1141 3.636, -8.3257 -1.2099 3.532, -8.3484 -1.2654 3.3989, -8.726 -1.3119 3.4645, -8.7223 -1.2807 3.4421, -8.7374 -1.3915 3.3431, -8.7337 -1.3583 3.3237, -8.734 -1.3918 3.1823, -8.6051 -1.1682 3.3525, -8.6165 -1.2381 3.2447, -8.6618 -1.3136 3.1406, -8.4662 -1.2432 3.2354, -8.4436 -1.3199 3.1264, -8.4776 -1.3024 3.121, -8.3372 -1.296 3.4195, -8.3485 -1.3715 3.2998, -8.3712 -1.4021 3.1588, -8.7488 -1.4598 3.2148, -8.7451 -1.425 3.1985, -8.7602 -1.5162 3.0805, -8.7565 -1.4801 3.0674, -8.7568 -1.4875 2.9216, -8.6279 -1.2981 3.1308, -8.6393 -1.3476 3.0114, -8.6846 -1.4031 2.8947, -8.489 -1.3509 3.0014, -8.4664 -1.4066 2.8797, -8.5004 -1.3885 2.8775, -8.3599 -1.436 3.1736, -8.3714 -1.4887 3.0415, -8.394 -1.4934 2.8966, -8.7716 -1.5602 2.9413, -8.7679 -1.5231 2.9315, -8.783 -1.5914 2.7991, -8.7793 -1.5536 2.7928, -8.7795 -1.5346 2.6482, -8.6507 -1.386 2.8879, -8.662 -1.4131 2.7617, -8.7073 -1.4468 2.6369, -8.5117 -1.4146 2.7511, -8.4891 -1.4475 2.6215, -8.5231 -1.4293 2.6227, -8.3828 -1.5293 2.905, -8.3941 -1.5574 2.7658, -8.4167 -1.5359 2.6226, -8.7943 -1.6097 2.6545, -8.7906 -1.5714 2.6515, -8.8057 -1.6148 2.5085, -8.802 -1.5764 2.509, -8.8022 -1.5316 2.3697, -8.6734 -1.4287 2.6333, -8.6847 -1.4326 2.5038, -8.73 -1.4431 2.3745, -8.5344 -1.4322 2.4931, -8.5118 -1.4411 2.3592, -8.5458 -1.4233 2.3636, -8.4055 -1.5728 2.6243, -8.4168 -1.5753 2.4818, -8.4394 -1.5282 2.3443, -8.4281 -1.5648 2.3394, -8.462 -1.4707 2.0718, -8.284 -0.8802 3.8719, -8.2954 -0.9978 3.789, -8.3068 -1.1076 3.6955, -8.3105 -1.1411 3.6633, -8.3219 -1.2393 3.5567, -8.3333 -1.3275 3.4415, -8.3447 -1.4049 3.3188, -8.3561 -1.4709 3.1894, -8.3675 -1.525 3.0542, -8.3789 -1.5666 2.9143, -8.3903 -1.5953 2.7716, -8.4016 -1.6111 2.6267, -8.413 -1.6137 2.4807, -8.4243 -1.603 2.3349, -8.817 -1.6066 2.3624, -8.8133 -1.5684 2.3664, -8.8283 -1.5853 2.2179, -8.8246 -1.5476 2.2253, -8.8248 -1.4786 2.0963, -8.6961 -1.4247 2.3741, -8.7074 -1.4052 2.246, -8.7526 -1.3924 2.1168, -8.5571 -1.4029 2.2356, -8.5344 -1.3877 2.1021, -8.5684 -1.371 2.1097, -8.8396 -1.551 2.0756, -8.8359 -1.5142 2.0864, -8.851 -1.5038 1.9363, -8.8473 -1.4681 1.9504, -8.8475 -1.3765 1.835, -8.7187 -1.3742 2.1198, -8.73 -1.3318 1.9963, -8.7753 -1.2954 1.8708, -8.5797 -1.3276 1.9865, -8.5571 -1.2881 1.8571, -8.5911 -1.2731 1.8675, -8.4621 -1.4575 1.9253, -8.4583 -1.493 1.9107, -8.4734 -1.3969 1.7949, -8.8623 -1.444 1.8016, -8.8586 -1.4097 1.8189, -8.8736 -1.3728 1.6737, -8.8811 -1.2597 1.5755, -8.7414 -1.2781 1.8769, -8.7526 -1.2143 1.7636, -8.7978 -1.1565 1.6469, -8.7638 -1.1405 1.6561, -8.8168 -1.0084 1.4786, -8.6023 -1.2085 1.7547, -8.5796 -1.1469 1.6349, -8.6136 -1.1339 1.6478, -8.4847 -1.3644 1.8124, -8.5071 -1.2139 1.5772, -8.4959 -1.2427 1.5542, -8.5262 -1.0546 1.4009, -8.9114 -0.9926 1.2963, -8.9151 -1.0169 1.2666, -8.9002 -1.0996 1.3923, -8.9039 -1.1264 1.3648, -8.8848 -1.2904 1.5524, -8.9115 -0.8561 1.2405, -8.889 -1.0734 1.4184, -8.87 -1.2298 1.5973, -8.7829 -0.994 1.49, -8.7941 -0.8962 1.4031, -8.8393 -0.8029 1.3113, -8.6326 -0.9862 1.4828, -8.5986 -0.9971 1.4681, -8.6438 -0.8878 1.3966, -8.6211 -0.7899 1.303, -8.6551 -0.7818 1.3194, -8.515 -1.0796 1.3738, -8.5262 -0.971 1.2797, -8.5487 -0.8345 1.2267, -8.9263 -0.8987 1.1783, -8.9226 -0.8773 1.2102, -8.9376 -0.7731 1.1008, -8.9338 -0.7545 1.1345, -8.9339 -0.6098 1.1035, -8.8054 -0.7908 1.3251, -8.8166 -0.6787 1.2567, -8.8617 -0.57 1.1827, -8.6663 -0.6692 1.2518, -8.6436 -0.5558 1.1768, -8.6775 -0.5508 1.1944, -8.5374 -0.8543 1.1955, -8.5487 -0.7303 1.1219, -8.5711 -0.5861 1.0938, -8.9488 -0.6407 1.0348, -8.9451 -0.6252 1.0699, -8.96 -0.5028 0.9809, -8.9563 -0.4906 1.0173, -8.9564 -0.3423 1.0126, -8.8278 -0.5606 1.1985, -8.839 -0.4377 1.1511, -8.8842 -0.3173 1.0976, -8.6887 -0.4275 1.1479, -8.666 -0.3022 1.0943, -8.6999 -0.3004 1.1126, -8.5599 -0.6 1.0596, -8.5711 -0.4645 1.0092, -8.5935 -0.3172 1.0072, -8.9712 -0.3605 0.9395, -8.9675 -0.3515 0.9768, -8.9824 -0.2153 0.9109, -8.9786 -0.2096 0.9489, -8.9787 -0.063 0.9705, -8.8502 -0.3108 1.1148, -8.8614 -0.1814 1.0899, -8.9065 -0.0534 1.0585, -8.7111 -0.1708 1.0886, -8.6883 -0.0379 1.058, -8.7223 -0.0394 1.0763, -8.5823 -0.3248 0.9711, -8.5935 -0.1826 0.9456, -8.6159 -0.0373 0.9697, -8.9935 -0.0679 0.8953, -8.9898 -0.0656 0.9336, -9.0047 0.0807 0.8929, -9.001 0.0795 0.9313, -9.001 0.2205 0.9788, -8.8726 -0.05 1.0766, -8.8837 0.0823 1.0752, -8.9288 0.2144 1.0671, -8.7334 0.0929 1.0758, -8.7106 0.2296 1.0694, -8.7446 0.225 1.0871, -8.6046 -0.0384 0.9327, -8.6158 0.1067 0.9329, -8.6382 0.2459 0.9825, -9.0159 0.2291 0.9039, -9.0122 0.2245 0.942, -9.027 0.3756 0.9279, -9.0233 0.3677 0.9655, -9.0233 0.4981 1.037, -8.8949 0.2144 1.0855, -8.906 0.345 1.1075, -8.9511 0.4765 1.1229, -8.7557 0.3553 1.11, -8.7329 0.4911 1.1278, -8.7669 0.4834 1.1444, -8.627 0.2514 0.946, -8.6381 0.3942 0.9718, -8.6605 0.5225 1.0452, -9.0381 0.5198 0.9648, -9.0344 0.5085 1.0015, -9.0493 0.6607 1.0147, -9.0456 0.6462 1.0502, -9.0456 0.7627 1.1443, -8.9172 0.4733 1.141, -8.9283 0.5987 1.186, -8.9734 0.7262 1.2249, -8.778 0.6084 1.1903, -8.7552 0.7397 1.2324, -8.7892 0.7291 1.2473, -8.6492 0.5343 1.0102, -8.6604 0.6711 1.0612, -8.6828 0.7852 1.1566, -8.6716 0.8031 1.1243, -8.7049 1.0233 1.312, -8.4696 -1.4309 1.7772, -8.4809 -1.3576 1.6505, -8.4921 -1.2731 1.5307, -8.5112 -1.106 1.3459, -8.5224 -0.9949 1.2496, -8.5336 -0.8753 1.1634, -8.5448 -0.7484 1.088, -8.5561 -0.615 1.0242, -8.5673 -0.4763 0.9727, -8.5785 -0.3333 0.9337, -8.5897 -0.1877 0.9075, -8.6008 -0.0401 0.8944, -8.612 0.1084 0.8945, -8.6232 0.2566 0.908, -8.6343 0.4027 0.9344, -8.6454 0.5461 0.9737, -8.6566 0.6861 1.0258, -9.0604 0.7968 1.077, -9.0567 0.7792 1.1112, -9.0715 0.9261 1.1508, -9.0789 1.0253 1.2663, -8.9395 0.7198 1.2422, -8.9505 0.8349 1.3085, -8.9955 0.9532 1.3689, -8.8003 0.8437 1.3144, -8.7774 0.9652 1.3786, -8.8113 0.9521 1.3915, -9.0899 1.1375 1.3596, -9.0937 1.1634 1.3313, -9.0826 1.0487 1.2358, -9.0899 1.2142 1.4881, -9.0677 1.0033 1.2959, -8.9616 0.9439 1.3848, -8.9727 1.0459 1.4705, -9.0177 1.152 1.5512, -8.8224 1.0535 1.4779, -8.7995 1.1621 1.5629, -8.8335 1.147 1.5732, -8.6937 1.0466 1.2834, -8.7048 1.1571 1.3785, -8.7271 1.231 1.5075, -9.1047 1.2694 1.4369, -9.101 1.2411 1.4628, -9.1158 1.3655 1.5512, -9.1121 1.335 1.5746, -9.112 1.3881 1.7146, -8.9838 1.14 1.5652, -8.9948 1.2254 1.6677, -9.0398 1.3158 1.7658, -8.8445 1.2316 1.6763, -8.8216 1.3237 1.779, -8.8555 1.307 1.7866, -8.7158 1.2589 1.4834, -8.7269 1.351 1.5966, -8.7491 1.4012 1.7366, -9.1268 1.4514 1.6738, -9.1231 1.419 1.6944, -9.1379 1.5265 1.804, -9.1342 1.4924 1.8216, -9.1341 1.5204 1.9696, -9.0058 1.3016 1.7775, -9.0169 1.3681 1.894, -9.0619 1.4402 2.0072, -8.8666 1.3728 1.9036, -8.8437 1.4457 2.0217, -8.8777 1.428 2.0262, -8.7379 1.433 1.7177, -8.749 1.5043 1.8461, -8.7713 1.5295 1.9935, -9.1489 1.59 1.9405, -9.1452 1.5544 1.9551, -9.16 1.6409 2.0818, -9.1562 1.6042 2.0932, -9.1561 1.6058 2.2438, -9.028 1.4242 2.0162, -9.039 1.4692 2.1427, -9.0839 1.5203 2.2668, -8.8887 1.4721 2.153, -8.8657 1.5232 2.282, -8.8997 1.5049 2.2833, -8.76 1.5641 1.9805, -8.7711 1.6116 2.1194, -8.7933 1.6106 2.269, -9.171 1.6794 2.2273, -9.1673 1.6418 2.2354, -9.1819 1.7049 2.375, -9.1782 1.6668 2.3798, -9.178 1.6421 2.528, -9.05 1.5029 2.2729, -9.061 1.5251 2.405, -9.1058 1.5539 2.5358, -9.0719 1.5357 2.5388, -9.1078 1.5546 2.5606, -8.9107 1.5262 2.4156, -8.8877 1.5541 2.5512, -8.9216 1.5359 2.5494, -8.7821 1.6469 2.2622, -8.793 1.6695 2.4069, -8.8152 1.6424 2.5536, -8.804 1.6794 2.5533, -8.8172 1.6429 2.5799, -8.6677 0.8211 1.0904, -8.6788 0.9492 1.1662, -8.6899 1.0703 1.2532, -8.7009 1.1834 1.3506, -8.712 1.2876 1.4578, -8.7231 1.3818 1.5737, -8.7341 1.4657 1.6976, -8.7452 1.5387 1.829, -8.7562 1.5998 1.9665, -8.7672 1.6485 2.1086, -8.7783 1.6845 2.2546, -8.7892 1.7076 2.4026, -8.6614 -0.7481 3.9913, -8.6729 -0.8777 3.9195, -8.6843 -0.9996 3.8366, -8.6957 -1.1137 3.7428, -8.6994 -1.1486 3.7104, -8.7108 -1.2511 3.6029, -8.7222 -1.3435 3.4864, -8.7336 -1.4248 3.3621, -8.745 -1.4947 3.2307, -8.7564 -1.5525 3.0931, -8.7678 -1.5975 2.9506, -8.7792 -1.6294 2.805, -8.7905 -1.648 2.6569, -8.8019 -1.6532 2.5074, -8.8132 -1.6447 2.3579, -8.8245 -1.6228 2.2099, -8.8358 -1.5877 2.0643, -8.8472 -1.5394 1.9217, -8.8585 -1.4781 1.7839, -8.8697 -1.4052 1.653, -8.881 -1.3207 1.5289, -8.9001 -1.1528 1.337, -8.9113 -1.0407 1.2365, -8.9225 -0.9198 1.1462, -8.9337 -0.7911 1.067, -8.945 -0.6557 0.9994, -8.9562 -0.5146 0.9443, -8.9674 -0.3689 0.902, -8.9785 -0.2204 0.8728, -8.9897 -0.0695 0.8569, -9.0009 0.0824 0.8546, -9.0121 0.2342 0.8659, -9.0232 0.3841 0.8905, -9.0343 0.5316 0.9283, -9.0455 0.6757 0.9793, -9.0566 0.8149 1.0432, -9.0677 0.9471 1.1186, -9.0788 1.0724 1.2056, -9.0898 1.1897 1.3033, -9.1009 1.2981 1.4113, -9.1119 1.3963 1.5283, -9.123 1.4841 1.6537, -9.134 1.5609 1.7868, -9.1451 1.6257 1.9265, -9.1561 1.6777 2.071, -9.1672 1.717 2.2197, -9.1781 1.743 2.3707, -8.6438 -0.8006 3.7934, -8.6666 -1.0151 3.6327, -8.6702 -1.0468 3.6032, -8.6931 -1.2239 3.3995, -8.7159 -1.3614 3.1669, -8.7387 -1.4548 2.9119, -8.7614 -1.5007 2.6445, -8.7841 -1.4976 2.3723, -8.8067 -1.4456 2.1049, -8.8294 -1.3456 1.8494, -8.8519 -1.202 1.617, -8.8709 -1.0489 1.442, -8.8934 -0.8362 1.2681, -8.9158 -0.5951 1.1343, -8.9383 -0.3333 1.0455, -8.9606 -0.06 1.0044, -8.9829 0.2175 1.0127, -9.0052 0.4891 1.0699, -9.0275 0.748 1.175, -9.0497 0.9835 1.3236, -9.0718 1.1898 1.5119, -9.0939 1.3599 1.7337, -9.116 1.4893 1.9834, -9.138 1.5727 2.252, -9.1599 1.6081 2.5303, -9.1619 1.6089 2.556, -9.1949 1.607 2.8394, -8.8002 1.7178 2.5524, -8.6502 -0.7656 4.0239, -8.6617 -0.898 3.9503, -8.6731 -1.0227 3.8654, -8.6845 -1.1393 3.7694, -8.6881 -1.175 3.7362, -8.6996 -1.2797 3.6263, -8.711 -1.3741 3.507, -8.7224 -1.4572 3.3799, -8.7338 -1.5286 3.2455, -8.7452 -1.5875 3.1047, -8.7566 -1.6334 2.959, -8.768 -1.6659 2.8101, -8.7793 -1.6849 2.6586, -8.7906 -1.6901 2.5059, -8.802 -1.6813 2.353, -8.8133 -1.6588 2.2018, -8.8246 -1.6228 2.0529, -8.8359 -1.5733 1.9072, -8.8473 -1.5106 1.7664, -8.8585 -1.436 1.6326, -8.8698 -1.3496 1.5058, -8.8888 -1.1779 1.3098, -8.9001 -1.0632 1.2072, -8.9113 -0.9396 1.115, -8.9225 -0.8081 1.0341, -8.9337 -0.6696 0.9652, -8.9449 -0.5254 0.909, -8.9562 -0.3765 0.8659, -8.9673 -0.2247 0.8362, -8.9785 -0.0706 0.82, -8.9897 0.0846 0.8177, -9.0008 0.2397 0.8293, -9.012 0.3928 0.8546, -9.0231 0.5434 0.8933, -9.0342 0.6906 0.9455, -9.0454 0.8327 1.0108, -9.0565 0.9677 1.088, -9.0675 1.0957 1.1769, -9.0786 1.2154 1.2768, -9.0897 1.326 1.3872, -9.1007 1.4263 1.5067, -9.1118 1.5159 1.6348, -9.1228 1.5942 1.7708, -9.1339 1.6602 1.9134, -9.1449 1.7133 2.061, -9.1559 1.7533 2.213, -9.1669 1.7798 2.3672, -9.1778 1.7927 2.5233, -8.6194 -0.7861 3.7672, -8.6422 -0.9961 3.6096, -8.6459 -1.0272 3.5806, -8.6687 -1.2005 3.3808, -8.6915 -1.335 3.1528, -8.7143 -1.4263 2.9028, -8.737 -1.4711 2.6407, -8.7597 -1.4677 2.3739, -8.7823 -1.4165 2.1118, -8.805 -1.3182 1.8615, -8.8275 -1.1772 1.6337, -8.8466 -1.0269 1.4623, -8.869 -0.8182 1.292, -8.8915 -0.5817 1.161, -8.9139 -0.3249 1.0742, -8.9362 -0.0567 1.0342, -8.9585 0.2154 1.0426, -8.9808 0.4818 1.0989, -9.0031 0.7357 1.2023, -9.0253 0.9665 1.3483, -9.0474 1.1688 1.5332, -9.0695 1.3354 1.751, -9.0916 1.4622 1.9961, -9.1137 1.5439 2.2598, -9.1356 1.5783 2.533, -9.1376 1.5791 2.5582, -9.0739 1.5364 2.5633, -9.0849 1.533 2.6983, -9.1298 1.5361 2.8333, -8.9236 1.5364 2.5739, -8.8897 1.5546 2.5761, -8.9346 1.532 2.7089, -8.9117 1.5334 2.8484, -8.9456 1.5159 2.8432, -8.8392 1.6197 2.8676, -8.632 -0.7822 4.0536, -8.6435 -0.9173 3.9784, -8.6549 -1.0444 3.8916, -8.6663 -1.1633 3.7935, -8.6699 -1.1997 3.7596, -8.6814 -1.3064 3.6473, -8.6928 -1.4026 3.5256, -8.7042 -1.4873 3.3958, -8.7156 -1.56 3.2586, -8.727 -1.62 3.1149, -8.7384 -1.6667 2.9662, -8.7498 -1.6997 2.8142, -8.7611 -1.7189 2.6597, -8.7725 -1.724 2.5039, -8.7838 -1.7149 2.3479, -8.7951 -1.6919 2.1937, -8.8064 -1.655 2.0419, -8.8177 -1.6044 1.8933, -8.8291 -1.5403 1.7498, -8.8403 -1.464 1.6134, -8.8516 -1.3758 1.4842, -8.8706 -1.2005 1.2844, -8.8819 -1.0835 1.1799, -8.8931 -0.9574 1.086, -8.9043 -0.8232 1.0036, -8.9155 -0.6819 0.9335, -8.9268 -0.5348 0.8763, -8.938 -0.383 0.8325, -8.9491 -0.2282 0.8023, -8.9603 -0.0711 0.786, -8.9715 0.0872 0.7838, -8.9826 0.2453 0.7958, -8.9938 0.4014 0.8216, -9.0049 0.5548 0.8613, -9.0161 0.7048 0.9146, -9.0272 0.8496 0.9813, -9.0383 0.9872 1.0601, -9.0494 1.1175 1.1508, -9.0604 1.2395 1.2528, -9.0715 1.3521 1.3654, -9.0825 1.4542 1.4873, -9.0936 1.5454 1.6179, -9.1046 1.6251 1.7566, -9.1157 1.6923 1.902, -9.1267 1.7462 2.0524, -9.1377 1.7868 2.2073, -9.1487 1.8137 2.3644, -9.1597 1.8268 2.5236, -9.1617 1.8276 2.5527, -9.1517 1.4706 3.0984, -8.9566 1.4881 2.9752, -8.9336 1.4653 3.1129, -8.9675 1.4489 3.1046, -8.8611 1.5469 3.1467, -8.6075 -0.7972 4.0794, -8.619 -0.9346 4.0027, -8.6304 -1.0639 3.9142, -8.6418 -1.1848 3.8143, -8.6455 -1.2218 3.7797, -8.6569 -1.3302 3.6653, -8.6683 -1.4279 3.5413, -8.6797 -1.514 3.4092, -8.6911 -1.5878 3.2695, -8.7025 -1.6486 3.1233, -8.714 -1.696 2.9719, -8.7253 -1.7294 2.8173, -8.7366 -1.7488 2.6601, -8.748 -1.7538 2.5015, -8.7593 -1.7444 2.3429, -8.7706 -1.7207 2.186, -8.7819 -1.6831 2.0317, -8.7933 -1.6314 1.8806, -8.8046 -1.566 1.7346, -8.8159 -1.4883 1.5961, -8.8271 -1.3984 1.4647, -8.8462 -1.2199 1.2618, -8.8574 -1.1008 1.1556, -8.8686 -0.9724 1.0603, -8.8799 -0.8359 0.9766, -8.8911 -0.6921 0.9055, -8.9023 -0.5425 0.8475, -8.9135 -0.3881 0.8031, -8.9247 -0.2306 0.7726, -8.9358 -0.0709 0.7561, -8.947 0.0901 0.7541, -8.9582 0.2508 0.7664, -8.9693 0.4095 0.7929, -8.9804 0.5654 0.8334, -8.9916 0.7178 0.8878, -9.0027 0.865 0.9557, -9.0138 1.0048 1.036, -9.0249 1.1372 1.1283, -9.036 1.261 1.2321, -9.047 1.3754 1.3467, -9.0581 1.479 1.4707, -9.0691 1.5716 1.6036, -9.0802 1.6524 1.7446, -9.0912 1.7206 1.8925, -9.1023 1.7753 2.0455, -9.1133 1.8164 2.2029, -9.1242 1.8435 2.3626, -9.1352 1.8566 2.5244, -9.1372 1.8575 2.554, -9.1482 1.8536 2.7172, -9.1592 1.8355 2.8796, -9.0959 1.5178 2.8327, -9.1069 1.4909 2.965, -9.1178 1.4526 3.0946, -9.1288 1.4028 3.221, -8.9785 1.3983 3.2306, -8.9555 1.3513 3.3629, -8.9895 1.3367 3.3519, -8.8609 1.5256 3.297, -8.857 1.5605 3.313, -8.8719 1.4576 3.4292, -8.5777 -0.8102 4.1002, -8.5892 -0.9494 4.0222, -8.6006 -1.0804 3.9324, -8.612 -1.2029 3.8308, -8.6157 -1.2403 3.7957, -8.6271 -1.3502 3.6796, -8.6386 -1.4491 3.5537, -8.65 -1.5362 3.4195, -8.6614 -1.6108 3.2778, -8.6728 -1.6724 3.1295, -8.6842 -1.7202 2.9759, -8.6955 -1.7539 2.8191, -8.7069 -1.7733 2.6597, -8.7182 -1.7782 2.4989, -8.7296 -1.7684 2.3381, -8.7409 -1.7443 2.1791, -8.7522 -1.7059 2.0226, -8.7635 -1.6533 1.8695, -8.7748 -1.5868 1.7216, -8.7861 -1.5079 1.5812, -8.7973 -1.4166 1.4482, -8.8164 -1.2354 1.2427, -8.8276 -1.1145 1.1352, -8.8388 -0.9842 1.0387, -8.8501 -0.8457 0.9542, -8.8613 -0.6999 0.8822, -8.8725 -0.5482 0.8236, -8.8837 -0.3916 0.7788, -8.8949 -0.232 0.7481, -8.9061 -0.07 0.7316, -8.9172 0.0931 0.7297, -8.9284 0.256 0.7425, -8.9395 0.4168 0.7695, -8.9506 0.5748 0.8107, -8.9618 0.7292 0.866, -8.973 0.8782 0.9351, -8.984 1.0198 1.0166, -8.9951 1.1538 1.1103, -9.0062 1.2792 1.2156, -9.0173 1.395 1.3319, -9.0283 1.4998 1.4577, -9.0393 1.5934 1.5924, -9.0504 1.6752 1.7354, -9.0615 1.7441 1.8853, -9.0725 1.7993 2.0404, -9.0835 1.8407 2.2, -9.0944 1.868 2.3618, -9.1054 1.8811 2.5257, -9.1074 1.8819 2.5558, -9.1184 1.8778 2.7211, -9.1294 1.8593 2.8856, -9.1404 1.8265 3.0475, -9.1513 1.7797 3.2061, -9.0004 1.265 3.4669, -8.9773 1.1961 3.5888, -9.0113 1.1836 3.5755, -8.8898 1.3189 3.697, -8.8937 1.2893 3.6725, -8.8789 1.4104 3.5762, -8.868 1.491 3.4482, -8.5438 -0.8206 4.1153, -8.5552 -0.9611 4.0363, -8.5666 -1.0933 3.9453, -8.5781 -1.217 3.8425, -8.5817 -1.2547 3.807, -8.5932 -1.3655 3.6895, -8.6046 -1.4653 3.5622, -8.616 -1.5531 3.4265, -8.6274 -1.6283 3.2832, -8.6388 -1.6903 3.1333, -8.6502 -1.7384 2.9781, -8.6615 -1.7722 2.8196, -8.6729 -1.7916 2.6585, -8.6842 -1.7963 2.4961, -8.6956 -1.7862 2.3336, -8.7069 -1.7616 2.1731, -8.7182 -1.7226 2.0151, -8.7295 -1.6692 1.8605, -8.7409 -1.6019 1.7112, -8.7521 -1.5219 1.5695, -8.7634 -1.4295 1.4353, -8.7824 -1.2462 1.2279, -8.7937 -1.1239 1.1195, -8.8049 -0.9923 1.0223, -8.8161 -0.8522 0.9371, -8.8273 -0.7049 0.8646, -8.8385 -0.5516 0.8056, -8.8497 -0.3934 0.7606, -8.8609 -0.2321 0.7298, -8.8721 -0.0685 0.7134, -8.8832 0.0962 0.7117, -8.8944 0.2607 0.7248, -8.9055 0.423 0.7523, -8.9167 0.5825 0.7941, -8.9278 0.7384 0.8502, -8.939 0.8888 0.9201, -8.9501 1.0316 1.0026, -8.9611 1.1668 1.0975, -8.9722 1.2933 1.204, -8.9833 1.41 1.3215, -8.9943 1.5158 1.4487, -9.0054 1.6101 1.5848, -9.0164 1.6924 1.7293, -9.0275 1.7618 1.8808, -9.0385 1.8173 2.0374, -9.0495 1.859 2.1986, -9.0605 1.8863 2.3621, -9.0714 1.8993 2.5276, -9.0734 1.9001 2.5579, -9.0844 1.8958 2.7248, -9.0954 1.8768 2.8909, -9.1064 1.8435 3.0543, -9.1173 1.7961 3.2144, -9.1283 1.7345 3.3703, -9.1393 1.6593 3.5205, -9.0222 1.0929 3.6766, -8.9991 1.0036 3.7849, -9.0331 0.9935 3.7696, -8.9049 1.2612 3.6486, -8.9267 1.0574 3.855, -8.9484 0.8208 4.0232, -8.8831 1.4258 3.4105, -8.5189 -0.7634 3.7177, -8.5303 -0.8674 3.646, -8.5417 -0.9648 3.565, -8.5454 -0.9945 3.537, -8.5568 -1.0818 3.4444, -8.5683 -1.1605 3.3439, -8.5796 -1.2297 3.2368, -8.591 -1.289 3.1237, -8.6025 -1.3378 3.0052, -8.6139 -1.3758 2.8826, -8.6252 -1.4024 2.7573, -8.6366 -1.4177 2.6299, -8.6479 -1.4213 2.5014, -8.6592 -1.4133 2.3728, -8.6705 -1.3937 2.2457, -8.6819 -1.3627 2.1205, -8.6932 -1.3204 1.9981, -8.7045 -1.2669 1.8797, -8.7158 -1.2034 1.7673, -8.727 -1.13 1.6609, -8.7461 -0.9843 1.4963, -8.7573 -0.8871 1.4103, -8.7685 -0.7824 1.333, -8.7798 -0.671 1.2653, -8.791 -0.5538 1.2078, -8.8022 -0.4317 1.1609, -8.8134 -0.3057 1.1251, -8.8246 -0.1772 1.1007, -8.8357 -0.0469 1.0877, -8.8469 0.0844 1.0865, -8.8581 0.2156 1.097, -8.8692 0.3451 1.1191, -8.8803 0.4724 1.1525, -8.8915 0.5968 1.1974, -8.9027 0.7169 1.2534, -8.9137 0.831 1.3194, -8.9248 0.939 1.3953, -8.9359 1.0401 1.4806, -8.9469 1.1334 1.5747, -8.958 1.218 1.6765, -8.969 1.2934 1.7856, -8.9801 1.3593 1.9014, -8.9911 1.4147 2.0229, -9.0022 1.4592 2.1485, -9.0132 1.4924 2.2777, -9.0241 1.5143 2.4089, -9.0351 1.5246 2.5417, -9.0371 1.5252 2.5661, -9.0481 1.5216 2.7001, -9.0591 1.5062 2.8335, -9.07 1.4794 2.9647, -9.081 1.4411 3.0934, -9.092 1.3915 3.2188, -9.103 1.3309 3.3395, -9.1139 1.2604 3.4541, -9.1248 1.1801 3.5623, -9.1357 1.0906 3.6631, -9.1466 0.9924 3.7559, -9.1574 0.8866 3.8398, -9.1949 0.7782 3.918, -9.044 0.8866 3.8535, -9.0209 0.7799 3.9448, -9.0548 0.7726 3.928, -8.5069 -0.8279 4.124, -8.5184 -0.9693 4.0443, -8.5298 -1.1022 3.9526, -8.5412 -1.2264 3.849, -8.5449 -1.2644 3.8132, -8.5563 -1.3757 3.6948, -8.5677 -1.4759 3.5665, -8.5791 -1.5641 3.4299, -8.5905 -1.6395 3.2855, -8.6019 -1.7016 3.1346, -8.6133 -1.7498 2.9783, -8.6247 -1.7836 2.8188, -8.636 -1.8029 2.6567, -8.6474 -1.8074 2.4933, -8.6587 -1.797 2.3298, -8.67 -1.772 2.1683, -8.6813 -1.7325 2.0094, -8.6927 -1.6786 1.854, -8.704 -1.6106 1.7038, -8.7153 -1.53 1.5614, -8.7265 -1.4368 1.4264, -8.7456 -1.2521 1.2181, -8.7568 -1.1289 1.1092, -8.768 -0.9963 1.0116, -8.7793 -0.8553 0.926, -8.7905 -0.7069 0.8533, -8.8017 -0.5526 0.7942, -8.8129 -0.3934 0.7491, -8.8241 -0.2311 0.7184, -8.8352 -0.0665 0.7021, -8.8464 0.0992 0.7007, -8.8576 0.2647 0.714, -8.8687 0.4279 0.742, -8.8798 0.5883 0.7842, -8.891 0.745 0.8409, -8.9021 0.8963 0.9115, -8.9132 1.0398 0.9946, -8.9243 1.1757 1.0902, -8.9354 1.3028 1.1976, -8.9464 1.4201 1.316, -8.9575 1.5262 1.444, -8.9685 1.6209 1.5811, -8.9796 1.7036 1.7266, -8.9906 1.7731 1.8791, -9.0016 1.8287 2.0367, -9.0127 1.8704 2.1989, -9.0236 1.8977 2.3634, -9.0346 1.9105 2.5298, -9.0366 1.9113 2.5603, -9.0476 1.9067 2.7282, -9.0586 1.8874 2.8952, -9.0695 1.8537 3.0595, -9.0805 1.8058 3.2205, -9.0915 1.7436 3.3773, -9.1024 1.6678 3.5282, -9.1133 1.5796 3.6713, -9.1243 1.4791 3.8065, -9.1352 1.3673 3.9324, -9.1461 1.2447 4.0482, -8.4806 -0.7636 3.713, -8.492 -0.8672 3.6413, -8.5034 -0.9642 3.5604, -8.5071 -0.9938 3.5324, -8.5185 -1.0807 3.4398, -8.5299 -1.1589 3.3395, -8.5413 -1.2277 3.2326, -8.5527 -1.2866 3.1196, -8.5641 -1.3351 3.0014, -8.5756 -1.3727 2.879, -8.5869 -1.3991 2.754, -8.5983 -1.414 2.6269, -8.6096 -1.4174 2.4988, -8.6209 -1.4091 2.3705, -8.6322 -1.3894 2.2438, -8.6435 -1.3583 2.119, -8.6549 -1.3158 1.997, -8.6662 -1.2623 1.8791, -8.6775 -1.1987 1.7671, -8.6887 -1.1253 1.661, -8.7078 -0.9797 1.4972, -8.719 -0.8826 1.4116, -8.7302 -0.778 1.3347, -8.7415 -0.6668 1.2674, -8.7527 -0.5497 1.2102, -8.7639 -0.4279 1.1637, -8.7751 -0.3022 1.1283, -8.7863 -0.174 1.1041, -8.7974 -0.044 1.0914, -8.8086 0.087 1.0904, -8.8198 0.2178 1.1012, -8.8309 0.3469 1.1234, -8.842 0.4738 1.157, -8.8532 0.5978 1.202, -8.8643 0.7175 1.258, -8.8754 0.8312 1.3241, -8.8865 0.9388 1.4, -8.8976 1.0395 1.4852, -8.9086 1.1324 1.5793, -8.9197 1.2165 1.681, -8.9307 1.2916 1.79, -8.9418 1.3571 1.9056, -8.9528 1.4122 2.0268, -8.9639 1.4563 2.1522, -8.9749 1.4893 2.2812, -8.9858 1.5108 2.412, -8.9968 1.5208 2.5445, -8.9988 1.5214 2.5688, -9.0098 1.5176 2.7025, -9.0208 1.502 2.8355, -9.0317 1.475 2.9664, -9.0427 1.4366 3.0947, -9.0537 1.3869 3.2197, -9.0647 1.3263 3.34, -9.0756 1.2557 3.4541, -9.0865 1.1754 3.5619, -9.0974 1.0859 3.6624, -9.1083 0.9878 3.7548, -9.1191 0.8822 3.8383, -9.13 0.7696 3.9125, -9.1409 0.6503 3.977, -9.0657 0.652 3.9927, -9.0427 0.5302 4.0646, -9.0766 0.526 4.0468, -8.9372 0.839 4.0553, -8.9481 0.7071 4.1253, -8.9702 0.5569 4.1489, -8.4686 -0.832 4.1261, -8.4801 -0.9736 4.046, -8.4915 -1.1066 3.9539, -8.5029 -1.231 3.8499, -8.5066 -1.2689 3.814, -8.518 -1.3803 3.6951, -8.5294 -1.4806 3.5664, -8.5408 -1.5686 3.4294, -8.5522 -1.6441 3.2847, -8.5636 -1.7061 3.1333, -8.575 -1.7541 2.9766, -8.5864 -1.7877 2.8168, -8.5977 -1.8068 2.6543, -8.6091 -1.8111 2.4905, -8.6204 -1.8004 2.3267, -8.6317 -1.7751 2.1649, -8.643 -1.7353 2.0057, -8.6544 -1.681 1.8501, -8.6657 -1.6127 1.6997, -8.6769 -1.5317 1.5571, -8.6882 -1.4381 1.422, -8.7073 -1.2527 1.2135, -8.7185 -1.1291 1.1046, -8.7297 -0.9961 1.007, -8.7409 -0.8547 0.9214, -8.7522 -0.7059 0.8488, -8.7634 -0.5512 0.7898, -8.7746 -0.3916 0.7449, -8.7857 -0.2289 0.7143, -8.7969 -0.064 0.6982, -8.8081 0.1021 0.697, -8.8193 0.2678 0.7107, -8.8304 0.4314 0.7389, -8.8415 0.5921 0.7815, -8.8527 0.749 0.8385, -8.8638 0.9004 0.9094, -8.8749 1.0441 0.993, -8.886 1.1802 1.0889, -8.897 1.3073 1.1967, -8.9081 1.4246 1.3155, -8.9192 1.5308 1.444, -8.9302 1.6255 1.5815, -8.9413 1.7081 1.7273, -8.9523 1.7776 1.8802, -8.9633 1.8331 2.0382, -8.9744 1.8746 2.2008, -8.9853 1.9017 2.3656, -8.9963 1.9143 2.5324, -8.9983 1.9151 2.563, -9.0093 1.9102 2.7312, -9.0203 1.8906 2.8985, -9.0312 1.8566 3.0631, -9.0422 1.8084 3.2243, -9.0531 1.7459 3.3813, -9.0641 1.6697 3.5324, -9.075 1.5811 3.6757, -9.0859 1.4803 3.8109, -9.0968 1.3681 3.937, -9.1077 1.2451 4.0528, -9.1186 1.1127 4.1574, -9.1295 0.9715 4.2504, -9.1404 0.8222 4.3312, -9.0875 0.3961 4.0895, -9.0983 0.2629 4.1209, -8.4423 -0.7679 3.7147, -8.4537 -0.8717 3.6426, -8.4651 -0.9687 3.5613, -8.4688 -0.9983 3.5332, -8.4802 -1.0852 3.4402, -8.4916 -1.1635 3.3394, -8.503 -1.2323 3.2321, -8.5144 -1.2912 3.1187, -8.5258 -1.3395 3.0001, -8.5372 -1.377 2.8773, -8.5486 -1.4032 2.7519, -8.5599 -1.418 2.6245, -8.5713 -1.4211 2.496, -8.5826 -1.4126 2.3674, -8.5939 -1.3925 2.2404, -8.6052 -1.3611 2.1154, -8.6166 -1.3182 1.9931, -8.6279 -1.2643 1.8749, -8.6392 -1.2004 1.7628, -8.6504 -1.1266 1.6566, -8.6695 -0.9804 1.4926, -8.6807 -0.8828 1.4069, -8.6919 -0.7778 1.3301, -8.7031 -0.6662 1.2628, -8.7144 -0.5487 1.2057, -8.7256 -0.4265 1.1593, -8.7368 -0.3004 1.124, -8.748 -0.1719 1.1, -8.7591 -0.0415 1.0876, -8.7703 0.0898 1.0868, -8.7815 0.221 1.0978, -8.7926 0.3504 1.1203, -8.8037 0.4775 1.1543, -8.8149 0.6017 1.1996, -8.826 0.7217 1.256, -8.8371 0.8355 1.3224, -8.8482 0.9433 1.3987, -8.8593 1.044 1.4843, -8.8703 1.137 1.5788, -8.8814 1.2211 1.6809, -8.8924 1.2962 1.7903, -8.9035 1.3616 1.9063, -8.9145 1.4167 2.0279, -8.9255 1.4606 2.1537, -8.9366 1.4935 2.2831, -8.9475 1.5148 2.4143, -8.9585 1.5246 2.5471, -8.9605 1.5252 2.5715, -8.9715 1.5211 2.7055, -8.9825 1.5053 2.8388, -8.9934 1.478 2.97, -9.0044 1.4393 3.0985, -9.0154 1.3892 3.2237, -9.0263 1.3282 3.3442, -9.0372 1.2573 3.4585, -9.0482 1.1766 3.5664, -9.0591 1.0867 3.6669, -9.07 0.9882 3.7594, -9.0808 0.8822 3.8429, -9.0917 0.7692 3.9171, -9.1026 0.6495 3.9816, -9.1135 0.5244 4.0354, -9.1243 0.3956 4.078, -9.1352 0.2633 4.1095, -9.1092 0.1274 4.1408, -9.0346 0.2665 4.1636, -9.0129 0.5369 4.0882, -8.9911 0.7906 3.9669, -8.9693 1.0179 3.8047, -8.9475 1.2137 3.6059, -8.9257 1.3716 3.3767, -8.9038 1.4877 3.1229, -8.8819 1.5572 2.8544, -8.8599 1.579 2.5778, -8.8579 1.5786 2.5526, -8.836 1.5475 2.2791, -8.8139 1.4692 2.0145, -8.7918 1.3455 1.7679, -8.7697 1.1816 1.548, -8.7476 0.9818 1.3606, -8.7254 0.7529 1.2117, -8.7031 0.5004 1.1051, -8.6809 0.2348 1.0454, -8.6585 -0.0371 1.0335, -8.6362 -0.3057 1.0701, -8.6138 -0.5635 1.1536, -8.5913 -0.8017 1.2815, -8.5689 -1.0125 1.449, -8.5498 -1.165 1.6183, -8.5273 -1.3089 1.8441, -8.5046 -1.4105 2.0931, -8.482 -1.4652 2.3544, -8.4593 -1.4721 2.6211, -8.4366 -1.4308 2.8837, -8.4138 -1.3429 3.1348, -8.391 -1.2115 3.3646, -8.3682 -1.041 3.5666, -8.3645 -1.0103 3.596, -9.0101 0.2705 4.1932, -8.9884 0.546 4.1166, -8.9666 0.8044 3.9933, -8.9449 1.0361 3.8284, -8.9231 1.2357 3.6261, -8.9013 1.3968 3.3927, -8.8793 1.5152 3.1343, -8.8574 1.5863 2.8609, -8.8354 1.6088 2.5791, -8.8334 1.6084 2.5534, -8.8115 1.577 2.2747, -8.7895 1.4975 2.005, -8.7673 1.3717 1.7535, -8.7453 1.2049 1.5294, -8.7231 1.0014 1.3381, -8.701 0.7683 1.1861, -8.6786 0.511 1.0772, -8.6564 0.2403 1.0161, -8.6341 -0.0369 1.0037, -8.6117 -0.3108 1.0406, -8.5893 -0.5738 1.1255, -8.5669 -0.8167 1.2557, -8.5444 -1.0319 1.4263, -8.5253 -1.1876 1.5989, -8.5028 -1.3347 1.829, -8.4802 -1.4385 2.0829, -8.4576 -1.4946 2.3494, -8.4349 -1.5019 2.6215, -8.4122 -1.4601 2.8894, -8.3894 -1.3707 3.1457, -8.3666 -1.2369 3.3804, -8.3437 -1.063 3.5867, -8.34 -1.0318 3.6167, -8.3172 -0.8199 3.7807, -8.2943 -0.5813 3.9039, -8.2713 -0.3247 3.9812, -8.2482 -0.0594 4.0103, -8.2327 0.12 4.0022, -8.2097 0.3802 3.9499, -8.1864 0.6273 3.8503, -8.1631 0.8512 3.707, -8.1398 1.0443 3.5254, -8.1166 1.1994 3.3125, -8.0967 1.2983 3.1119, -8.0734 1.372 2.8603, -8.0499 1.3979 2.5999, -8.0265 1.3748 2.3398, -8.0122 1.3372 2.1857, -7.9887 1.2387 1.9459, -7.9654 1.0989 1.731, -7.9421 0.9227 1.5466, -7.9187 0.716 1.3985, -7.8952 0.4847 1.291, -7.8753 0.2764 1.2354, -7.8518 0.0252 1.2131, -7.8284 -0.2245 1.238, -7.8049 -0.4638 1.3084, -7.7909 -0.5986 1.3711, -7.7677 -0.8032 1.5064, -7.7442 -0.981 1.679, -7.7207 -1.1222 1.88, -7.6972 -1.2234 2.1035, -7.6738 -1.2804 2.3389, -7.6538 -1.2939 2.5454, -7.6304 -1.2677 2.7843, -7.607 -1.198 3.0137, -7.5835 -1.087 3.2254, -7.5601 -0.9398 3.4112, -7.5369 -0.7628 3.5647, -7.5135 -0.5604 3.683, -7.49 -0.3391 3.7616, -7.4666 -0.1099 3.7972, -7.443 0.1227 3.7895, -7.4217 0.3283 3.7452, -7.3981 0.5412 3.6572, -7.3748 0.7314 3.5328, -7.3512 0.8958 3.3747, -7.3278 1.026 3.1911, -7.3045 1.1196 2.9875, -7.2811 1.1734 2.7712, -7.2576 1.1861 2.5485, -7.2341 1.1573 2.3295, -7.2109 1.0894 2.1222, -7.1874 0.9838 1.9305, -7.164 0.8452 1.7626, -7.1405 0.6782 1.624, -7.117 0.4894 1.5195, -7.0935 0.2852 1.4525, -7.0701 0.0745 1.4248, -7.0465 -0.1379 1.437, -7.0397 -0.1984 1.448, -7.0162 -0.3996 1.51, -6.9927 -0.5848 1.6081, -6.9693 -0.7472 1.7378, -6.946 -0.8807 1.8932, -6.9226 -0.9834 2.0708, -6.8991 -1.0512 2.2647, -6.8787 -1.0796 2.4391, -6.8551 -1.0767 2.6423, -6.8318 -1.0366 2.8386, -6.8082 -0.9603 3.0247, -6.7848 -0.8524 3.1907, -6.7612 -0.7149 3.3342, -6.7378 -0.555 3.4481, -6.7142 -0.3768 3.5302, -6.6908 -0.1888 3.5769, -6.6672 0.0046 3.5879, -6.6438 0.1945 3.5627, -6.6203 0.3758 3.503, -6.5968 0.5415 3.411, -6.5733 0.6865 3.2905, -6.5498 0.8057 3.1457, -6.5264 0.8951 2.9829, -6.505 0.9484 2.8233, -6.4816 0.9747 2.6422, -6.458 0.9668 2.4588, -6.4346 0.9254 2.2829, -6.411 0.8517 2.1172, -6.3876 0.75 1.9707, -6.3643 0.6242 1.8467, -6.3409 0.478 1.7486, -6.3173 0.3156 1.6792, -6.2939 0.1458 1.642, -6.2703 -0.0283 1.637, -6.2468 -0.198 1.6644, -6.2232 -0.3594 1.7229, -6.1997 -0.5052 1.8094, -8.9915 0.1342 4.2842, -8.9807 0.282 4.2632, -8.9699 0.4275 4.2296, -8.959 0.5693 4.1836, -8.9116 1.1058 3.9127, -8.9225 0.986 4.0058, -8.9334 0.8585 4.0883, -8.9443 0.7236 4.1599, -8.9552 0.5828 4.2196, -8.966 0.4378 4.2666, -8.9769 0.289 4.3009, -7.8892 0.7918 1.2717, -7.9009 0.9099 1.3484, -7.9126 1.0206 1.436, -7.9242 1.1228 1.5335, -7.9359 1.2155 1.6404, -7.9475 1.2983 1.7557, -7.9592 1.3701 1.8785, -7.9709 1.4308 2.0085, -7.9827 1.4789 2.144, -7.997 1.5203 2.3144, -8.0087 1.5397 2.4575, -8.0204 1.5456 2.602, -8.0321 1.5379 2.7464, -8.0438 1.5168 2.8898, -8.0555 1.4825 3.0306, -8.0672 1.4351 3.1678, -8.087 1.3256 3.3892, -8.0987 1.2454 3.5105, -8.1103 1.1542 3.6241, -8.122 1.0524 3.7291, -8.1336 0.941 3.8243, -8.1453 0.8212 3.9089, -8.1569 0.6938 3.9822, -8.1685 0.5602 4.0433, -8.1802 0.4212 4.0918, -8.1917 0.2793 4.1271, -8.2032 0.1344 4.1493, -8.2187 -0.0632 4.158, -8.2302 -0.2099 4.1485, -8.2417 -0.3554 4.1256, -8.2532 -0.4985 4.0895, -8.2647 -0.6379 4.0403, -8.2762 -0.7722 3.9785, -8.2877 -0.9005 3.9045, -8.2991 -1.0209 3.8196, -8.3105 -1.1334 3.7239, -8.3142 -1.1678 3.691, -8.3256 -1.2683 3.5819, -8.337 -1.3587 3.4638, -8.3484 -1.438 3.3382, -8.3598 -1.5057 3.2058, -8.3712 -1.5611 3.0673, -8.3827 -1.6037 2.9241, -8.394 -1.6332 2.778, -8.4053 -1.6494 2.6297, -8.4167 -1.6521 2.4802, -8.428 -1.6412 2.3308, -8.4393 -1.6169 2.1833, -8.4506 -1.5794 2.0384, -8.462 -1.5287 1.8967, -8.4733 -1.4652 1.7599, -8.4846 -1.3902 1.6302, -8.4958 -1.3038 1.5075, -8.5149 -1.1329 1.3184, -8.5261 -1.0191 1.2198, -8.5373 -0.8968 1.1316, -8.5486 -0.767 1.0544, -8.5598 -0.6305 0.9891, -8.571 -0.4886 0.9363, -8.5822 -0.3423 0.8963, -8.5934 -0.1933 0.8695, -8.6045 -0.0423 0.856, -8.6157 0.1096 0.8561, -8.6269 0.2612 0.8698, -8.638 0.4106 0.8968, -8.6491 0.5574 0.937, -8.6603 0.7006 0.9902, -8.6714 0.8387 1.0563, -8.6825 0.9697 1.1338, -8.6936 1.0936 1.2227, -8.7047 1.2094 1.3223, -8.7157 1.316 1.4319, -8.7268 1.4123 1.5504, -8.7378 1.4981 1.6771, -8.7489 1.5728 1.8113, -8.7599 1.6354 1.9519, -8.771 1.6851 2.0972, -8.782 1.7221 2.2465, -8.7929 1.7457 2.3978, -8.8039 1.7561 2.5509, -8.8059 1.7566 2.579, -8.8169 1.751 2.7332, -8.8279 1.7318 2.8866, -8.8388 1.6995 3.0373, -8.8498 1.654 3.1849, -8.8608 1.5956 3.3286, -8.8717 1.5246 3.4667, -8.8827 1.4423 3.5976, -8.8936 1.3488 3.7211, -8.9045 1.2449 3.836, -8.9154 1.1311 3.9416, -8.9262 1.0087 4.0368, -8.9371 0.8784 4.1212, -8.948 0.7406 4.1944, -8.9589 0.5967 4.2554, -8.9697 0.4486 4.3034, -8.9806 0.2966 4.3386, -8.9914 0.1422 4.3605, -7.7494 -0.9184 1.362, -7.761 -0.8055 1.2798, -7.7726 -0.6853 1.2081, -7.7866 -0.5317 1.1366, -7.7983 -0.3976 1.0904, -7.81 -0.2594 1.0567, -7.8217 -0.1181 1.0359, -7.8334 0.0247 1.0284, -7.8451 0.1679 1.0344, -7.8569 0.3103 1.0538, -7.8768 0.5469 1.1171, -7.8886 0.681 1.172, -7.9004 0.8096 1.2393, -7.912 0.9307 1.3179, -7.9237 1.0441 1.4075, -7.9353 1.1488 1.5073, -7.947 1.2439 1.6167, -7.9587 1.3287 1.7348, -7.9703 1.4024 1.8604, -7.9821 1.4646 1.9936, -7.9938 1.514 2.1323, -8.0081 1.5565 2.3068, -8.0198 1.5764 2.4533, -8.0316 1.5826 2.6012, -8.0433 1.5748 2.7491, -8.055 1.5532 2.8959, -8.0666 1.5182 3.04, -8.0783 1.4698 3.1805, -8.0982 1.3579 3.4073, -8.1098 1.2758 3.5315, -8.1214 1.1825 3.6478, -8.1331 1.0784 3.7553, -8.1448 0.9645 3.8528, -8.1564 0.8419 3.9395, -8.168 0.7116 4.0146, -8.1797 0.5749 4.0772, -8.1913 0.4327 4.1269, -8.2028 0.2875 4.1631, -8.2143 0.1393 4.1859, -8.2298 -0.0629 4.1949, -8.2414 -0.213 4.1854, -8.2529 -0.3618 4.162, -8.2644 -0.5082 4.1252, -8.2759 -0.6509 4.0749, -8.2873 -0.7882 4.0118, -8.2988 -0.9195 3.9362, -8.3102 -1.0428 3.8494, -8.3216 -1.1579 3.7516, -8.3253 -1.193 3.7179, -8.3367 -1.296 3.6064, -8.3482 -1.3885 3.4858, -8.3596 -1.4696 3.3574, -8.371 -1.5389 3.222, -8.3824 -1.5956 3.0804, -8.3938 -1.6393 2.934, -8.4051 -1.6695 2.7847, -8.4165 -1.6862 2.633, -8.4278 -1.689 2.4802, -8.4392 -1.678 2.3275, -8.4505 -1.6532 2.1767, -8.4618 -1.615 2.0285, -8.4731 -1.5633 1.8836, -8.4845 -1.4985 1.7438, -8.4957 -1.4219 1.6112, -8.5069 -1.3336 1.4857, -8.526 -1.1591 1.2924, -8.5372 -1.0429 1.1915, -8.5485 -0.918 1.1012, -8.5597 -0.7853 1.0223, -8.5709 -0.6458 0.9555, -8.5821 -0.5009 0.9015, -8.5933 -0.3514 0.8605, -8.6045 -0.1992 0.8331, -8.6157 -0.045 0.8192, -8.6268 0.1102 0.8192, -8.638 0.2651 0.8331, -8.6491 0.4178 0.8606, -8.6603 0.5677 0.9015, -8.6714 0.7141 0.9558, -8.6826 0.8552 1.0232, -8.6936 0.9891 1.1023, -8.7047 1.1157 1.193, -8.7158 1.2339 1.2946, -8.7269 1.3429 1.4066, -8.7379 1.4414 1.5275, -8.7489 1.529 1.6568, -8.76 1.6054 1.7939, -8.7711 1.6694 1.9374, -8.7821 1.7203 2.0857, -8.7931 1.7581 2.2382, -8.8041 1.7823 2.3927, -8.815 1.793 2.549, -8.817 1.7935 2.5776, -8.828 1.7879 2.7351, -8.839 1.7684 2.8917, -8.85 1.7355 3.0456, -8.8609 1.6892 3.1963, -8.8719 1.6296 3.343, -8.8829 1.5572 3.4841, -8.8938 1.4733 3.6178, -8.9047 1.3779 3.7439, -8.9156 1.2719 3.8612, -8.9265 1.1558 3.969, -8.9374 1.031 4.0663, -8.9482 0.8981 4.1525, -8.9591 0.7575 4.2273, -8.97 0.6106 4.2896, -8.9809 0.4595 4.3387, -8.9917 0.3044 4.3747, -9.0025 0.1469 4.3972, -9.0206 0.1518 4.4309, -9.0098 0.3122 4.4079, -8.999 0.4701 4.3711, -8.9881 0.624 4.321, -8.9772 0.7735 4.2574, -8.9663 0.9166 4.1811, -8.9555 1.052 4.0931, -8.9446 1.179 3.994, -8.9337 1.2972 3.8841, -8.9228 1.4051 3.7644, -8.9119 1.5021 3.6359, -8.901 1.5876 3.4996, -8.89 1.6612 3.3558, -8.879 1.7218 3.2063, -8.8681 1.7688 3.0527, -8.8571 1.8022 2.8959, -8.8461 1.8219 2.7363, -8.8351 1.8275 2.5758, -8.8331 1.827 2.5467, -8.8222 1.816 2.3874, -8.8112 1.7911 2.23, -8.8002 1.7525 2.0747, -8.7892 1.7005 1.9236, -8.7781 1.6351 1.7773, -8.767 1.5572 1.6377, -8.756 1.4678 1.506, -8.745 1.3673 1.3828, -8.7339 1.2561 1.2688, -8.7228 1.1355 1.1653, -8.7117 1.0064 1.073, -8.7007 0.8699 0.9924, -8.6895 0.726 0.9239, -8.6784 0.5767 0.8686, -8.6672 0.4238 0.827, -8.6561 0.2681 0.7991, -8.6449 0.1103 0.7851, -8.6338 -0.048 0.7852, -8.6226 -0.2053 0.7995, -8.6114 -0.3604 0.8276, -8.6002 -0.5128 0.8695, -8.589 -0.6605 0.9247, -8.5778 -0.8027 0.993, -8.5666 -0.9379 1.0736, -8.5553 -1.0652 1.1658, -8.5441 -1.1836 1.2687, -8.525 -1.3614 1.4661, -8.5138 -1.4514 1.5941, -8.5026 -1.5294 1.7294, -8.4912 -1.5954 1.8721, -8.4799 -1.648 2.0199, -8.4686 -1.6868 2.1711, -8.4573 -1.7119 2.325, -8.4459 -1.7231 2.4808, -8.4346 -1.7201 2.6367, -8.4232 -1.703 2.7914, -8.4119 -1.672 2.9437, -8.4005 -1.6273 3.093, -8.3891 -1.5693 3.2374, -8.3777 -1.4985 3.3755, -8.3663 -1.4156 3.5065, -8.3548 -1.321 3.6295, -8.3434 -1.2159 3.7432, -8.3397 -1.18 3.7776, -8.3283 -1.0625 3.8772, -8.3169 -0.9366 3.9657, -8.3054 -0.8025 4.0427, -8.294 -0.6623 4.1071, -8.2825 -0.5166 4.1582, -8.271 -0.3672 4.1957, -8.2595 -0.2152 4.2194, -8.2479 -0.062 4.229, -8.2324 0.1444 4.2196, -8.2209 0.2957 4.1962, -8.2094 0.4439 4.1591, -8.1978 0.589 4.1082, -8.1861 0.7285 4.0442, -8.1745 0.8614 3.9674, -8.1629 0.9865 3.8788, -8.1512 1.1028 3.7791, -8.1395 1.209 3.6693, -8.1279 1.3042 3.5504, -8.1163 1.3879 3.4234, -8.0964 1.5019 3.1918, -8.0847 1.5512 3.0482, -8.0731 1.5869 2.901, -8.0614 1.6088 2.751, -8.0497 1.6166 2.6, -8.0379 1.6102 2.4488, -8.0262 1.5897 2.2992, -8.0119 1.5461 2.121, -8.0002 1.4955 1.9793, -7.9884 1.4319 1.8433, -7.9768 1.3565 1.715, -7.9651 1.2697 1.5944, -7.9534 1.1724 1.4827, -7.9418 1.0654 1.3808, -7.9301 0.9493 1.2894, -7.9185 0.8256 1.2092, -7.9067 0.6941 1.1405, -7.8949 0.5569 1.0845, -7.875 0.315 1.0201, -7.8632 0.1695 1.0004, -7.8515 0.0231 0.9944, -7.8398 -0.1229 1.0022, -7.8281 -0.2673 1.0235, -7.8164 -0.4085 1.0581, -7.8047 -0.5457 1.1055, -7.7907 -0.7026 1.1787, -7.7791 -0.8254 1.2521, -7.7675 -0.9408 1.3364, -7.7557 -1.0493 1.4322, -7.7439 -1.148 1.5377, -7.7322 -1.2358 1.6512, -7.7205 -1.3125 1.7722, -7.7087 -1.3778 1.9, -7.6969 -1.4305 2.0331, -7.6852 -1.4702 2.1692, -7.6736 -1.497 2.3082, -7.6535 -1.5126 2.5496, -7.6418 -1.5037 2.6901, -7.6301 -1.4819 2.8289, -7.6184 -1.4472 2.9652, -7.6067 -1.4001 3.0974, -7.595 -1.3408 3.2245, -7.5832 -1.2699 3.3452, -7.5715 -1.1886 3.4582, -7.5598 -1.0974 3.5629, -9.0342 0.3196 4.4369, -9.0234 0.4799 4.3993, -9.0125 0.6362 4.3482, -9.0016 0.7881 4.2835, -8.9907 0.9334 4.2058, -8.9798 1.0709 4.1163, -8.969 1.1998 4.0155, -8.9581 1.3198 3.9037, -8.9472 1.4293 3.782, -8.9363 1.5278 3.6512, -8.9254 1.6145 3.5127, -8.9144 1.6891 3.3665, -8.9034 1.7505 3.2145, -8.8924 1.7982 3.0584, -8.8815 1.832 2.899, -8.8705 1.8518 2.7367, -8.8595 1.8574 2.5737, -8.8575 1.8568 2.544, -8.8465 1.8454 2.3822, -8.8356 1.82 2.2222, -8.8246 1.7806 2.0644, -8.8135 1.7276 1.9108, -8.8025 1.661 1.7623, -8.7914 1.5817 1.6204, -8.7804 1.4906 1.4866, -8.7693 1.3883 1.3615, -8.7583 1.2752 1.2457, -8.7472 1.1525 1.1407, -8.7361 1.0211 1.0469, -8.7251 0.8822 0.9652, -8.7139 0.7358 0.8957, -8.7027 0.584 0.8396, -8.6916 0.4286 0.7975, -8.6805 0.2702 0.7693, -8.6693 0.1097 0.7552, -8.6581 -0.0512 0.7555, -8.647 -0.2111 0.7702, -8.6358 -0.3689 0.799, -8.6246 -0.5238 0.8417, -8.6134 -0.674 0.898, -8.6022 -0.8184 0.9676, -8.5909 -0.9559 1.0497, -8.5797 -1.0852 1.1436, -8.5685 -1.2055 1.2484, -8.5494 -1.3862 1.4493, -8.5382 -1.4775 1.5796, -8.5269 -1.5568 1.7173, -8.5156 -1.6237 1.8625, -8.5043 -1.6771 2.013, -8.4929 -1.7164 2.1669, -8.4816 -1.7418 2.3234, -8.4703 -1.753 2.4819, -8.459 -1.7498 2.6405, -8.4476 -1.7322 2.7978, -8.4363 -1.7005 2.9527, -8.4249 -1.6549 3.1046, -8.4134 -1.5957 3.2515, -8.4021 -1.5235 3.392, -8.3907 -1.439 3.5251, -8.3792 -1.3426 3.6502, -8.3678 -1.2355 3.7657, -8.3641 -1.199 3.8007, -8.3527 -1.0792 3.902, -8.3413 -0.951 3.9919, -8.3298 -0.8145 4.0701, -8.3183 -0.6717 4.1354, -8.3068 -0.5235 4.1873, -8.2953 -0.3713 4.2253, -8.2838 -0.2166 4.2492, -8.2723 -0.0607 4.2589, -8.2568 0.1495 4.2491, -8.2453 0.3034 4.2251, -8.2338 0.4542 4.1872, -8.2221 0.6019 4.1352, -8.2105 0.7438 4.0698, -8.1989 0.8791 3.9915, -8.1872 1.0064 3.9012, -8.1756 1.1246 3.7996, -8.1639 1.2327 3.6876, -8.1523 1.3294 3.5665, -8.1406 1.4145 3.4371, -8.1208 1.5304 3.2011, -8.1091 1.5804 3.0549, -8.0974 1.6166 2.9049, -8.0857 1.6387 2.7521, -8.074 1.6465 2.5983, -8.0623 1.6398 2.4443, -8.0506 1.6187 2.292, -8.0363 1.5741 2.1105, -8.0245 1.5224 1.9662, -8.0128 1.4574 1.8278, -8.0011 1.3805 1.6972, -7.9895 1.292 1.5744, -7.9778 1.1927 1.4608, -7.9662 1.0836 1.357, -7.9545 0.9652 1.264, -7.9428 0.839 1.1825, -7.9311 0.7049 1.1126, -7.9193 0.5652 1.0558, -7.8994 0.3186 0.9904, -7.8876 0.1703 0.9705, -7.8759 0.0211 0.9645, -7.8642 -0.1277 0.9726, -7.8524 -0.2748 0.9946, -7.8407 -0.4187 1.03, -7.829 -0.5585 1.0785, -7.815 -0.7183 1.1533, -7.8034 -0.8434 1.2282, -7.7918 -0.9609 1.3143, -7.7801 -1.0714 1.4121, -7.7683 -1.1719 1.5197, -7.7566 -1.2613 1.6355, -7.7448 -1.3394 1.759, -7.7331 -1.4057 1.8894, -7.7213 -1.4594 2.0252, -7.7096 -1.4996 2.164, -7.6979 -1.5268 2.3057, -7.6779 -1.5424 2.5519, -7.6662 -1.5332 2.6952, -7.6545 -1.5107 2.8367, -7.6428 -1.4752 2.9756, -7.6311 -1.427 3.1104, -7.6193 -1.3664 3.2399, -7.6076 -1.294 3.363, -7.5959 -1.2109 3.4782, -7.5842 -1.1177 3.5849, -9.0639 0.3263 4.4605, -9.0531 0.4887 4.4223, -9.0422 0.6469 4.3704, -9.0313 0.8007 4.3046, -9.0204 0.9478 4.2258, -9.0096 1.0869 4.135, -8.9987 1.2175 4.0327, -8.9878 1.3388 3.9192, -8.9769 1.4496 3.7958, -8.966 1.5492 3.6633, -8.9551 1.6369 3.5229, -8.9441 1.7123 3.3746, -8.9331 1.7744 3.2206, -8.9222 1.8224 3.0624, -8.9112 1.8565 2.9008, -8.9002 1.8764 2.7364, -8.8892 1.8819 2.5712, -8.8872 1.8813 2.5412, -8.8763 1.8695 2.3772, -8.8653 1.8436 2.2151, -8.8543 1.8034 2.0553, -8.8433 1.7495 1.8998, -8.8322 1.6819 1.7493, -8.8211 1.6013 1.6057, -8.8101 1.5089 1.4702, -8.7991 1.4051 1.3435, -8.788 1.2903 1.2263, -8.7769 1.1658 1.12, -8.7659 1.0326 1.0252, -8.7548 0.8918 0.9425, -8.7436 0.7433 0.8722, -8.7325 0.5894 0.8156, -8.7213 0.4318 0.7731, -8.7102 0.2713 0.7447, -8.699 0.1085 0.7306, -8.6879 -0.0546 0.7311, -8.6767 -0.2166 0.7462, -8.6655 -0.3765 0.7756, -8.6543 -0.5334 0.8191, -8.6431 -0.6856 0.8763, -8.6319 -0.832 0.947, -8.6207 -0.9712 1.0304, -8.6094 -1.1022 1.1258, -8.5982 -1.2241 1.2322, -8.5791 -1.407 1.4361, -8.5679 -1.4994 1.5683, -8.5567 -1.5795 1.708, -8.5453 -1.6472 1.8553, -8.534 -1.7012 2.0079, -8.5227 -1.7409 2.164, -8.5114 -1.7664 2.3227, -8.5 -1.7776 2.4835, -8.4887 -1.7741 2.6443, -8.4773 -1.756 2.8038, -8.466 -1.7237 2.9609, -8.4546 -1.6773 3.1148, -8.4432 -1.617 3.2637, -8.4318 -1.5436 3.406, -8.4204 -1.4578 3.5409, -8.4089 -1.3599 3.6677, -8.3975 -1.2512 3.7848, -8.3938 -1.214 3.8201, -8.3824 -1.0925 3.9227, -8.371 -0.9623 4.0137, -8.3596 -0.8238 4.0929, -8.3481 -0.6789 4.159, -8.3366 -0.5284 4.2114, -8.3251 -0.374 4.2498, -8.3136 -0.2171 4.2738, -8.3021 -0.0588 4.2834, -8.2865 0.1543 4.2732, -8.275 0.3104 4.2486, -8.2635 0.4634 4.21, -8.2519 0.6131 4.1571, -8.2402 0.757 4.0906, -8.2286 0.8942 4.011, -8.217 1.0232 3.9192, -8.2053 1.143 3.8159, -8.1936 1.2525 3.7022, -8.182 1.3506 3.5791, -8.1704 1.4367 3.4477, -8.1505 1.554 3.2081, -8.1389 1.6046 3.0596, -8.1272 1.6411 2.9074, -8.1155 1.6633 2.7523, -8.1038 1.671 2.5962, -8.092 1.664 2.44, -8.0803 1.6424 2.2854, -8.066 1.5969 2.1012, -8.0543 1.5442 1.9549, -8.0425 1.4781 1.8145, -8.0309 1.3998 1.682, -8.0192 1.3098 1.5575, -8.0075 1.2089 1.4422, -7.9959 1.098 1.3371, -7.9842 0.9777 1.2428, -7.9726 0.8495 1.1602, -7.9608 0.7133 1.0895, -7.949 0.5713 1.0319, -7.9291 0.3208 0.9659, -7.9173 0.1703 0.9459, -7.9056 0.0188 0.94, -7.8939 -0.1323 0.9485, -7.8822 -0.2817 0.971, -7.8705 -0.4278 1.0071, -7.8588 -0.5696 1.0565, -7.8448 -0.7318 1.1327, -7.8332 -0.8588 1.209, -7.8216 -0.978 1.2965, -7.8098 -1.09 1.396, -7.798 -1.192 1.5054, -7.7863 -1.2826 1.6233, -7.7746 -1.3618 1.7487, -7.7628 -1.429 1.8813, -7.751 -1.4833 2.0193, -7.7393 -1.524 2.1604, -7.7277 -1.5514 2.3043, -7.7076 -1.5669 2.5544, -7.6959 -1.5573 2.7, -7.6842 -1.5343 2.8438, -7.6725 -1.498 2.9849, -7.6608 -1.4489 3.1217, -7.6491 -1.387 3.2533, -7.6373 -1.3133 3.3782, -7.6256 -1.2288 3.4951, -7.6139 -1.1339 3.6034, -9.0978 0.3321 4.478, -9.087 0.496 4.4392, -9.0762 0.6557 4.3866, -9.0653 0.8108 4.32, -9.0543 0.9592 4.2402, -9.0435 1.0995 4.1483, -9.0326 1.2312 4.0449, -9.0217 1.3536 3.9302, -9.0108 1.4653 3.8055, -8.9999 1.5657 3.6716, -8.989 1.654 3.5297, -8.978 1.73 3.3799, -8.967 1.7924 3.2243, -8.9561 1.8407 3.0645, -8.9451 1.8749 2.9013, -8.9341 1.8948 2.7354, -8.9231 1.9001 2.5685, -8.9211 1.8994 2.5382, -8.9102 1.8874 2.3727, -8.8992 1.8609 2.2091, -8.8882 1.8202 2.0477, -8.8772 1.7656 1.8907, -8.8661 1.6971 1.7389, -8.8551 1.6155 1.594, -8.844 1.522 1.4573, -8.833 1.417 1.3295, -8.8219 1.301 1.2113, -8.8109 1.1751 1.1041, -8.7998 1.0404 1.0085, -8.7887 0.8981 0.9252, -8.7775 0.7481 0.8544, -8.7664 0.5926 0.7975, -8.7553 0.4333 0.7548, -8.7441 0.2712 0.7263, -8.733 0.1068 0.7123, -8.7218 -0.0579 0.713, -8.7106 -0.2216 0.7285, -8.6995 -0.383 0.7583, -8.6882 -0.5414 0.8025, -8.677 -0.6951 0.8605, -8.6658 -0.8428 0.9322, -8.6546 -0.9833 1.0166, -8.6434 -1.1155 1.113, -8.6321 -1.2384 1.2207, -8.6131 -1.4229 1.427, -8.6018 -1.5161 1.5606, -8.5906 -1.5969 1.7019, -8.5792 -1.6651 1.8508, -8.5679 -1.7193 2.005, -8.5566 -1.7592 2.1627, -8.5453 -1.7848 2.3231, -8.5339 -1.7959 2.4855, -8.5226 -1.7921 2.6479, -8.5113 -1.7737 2.8091, -8.4999 -1.7408 2.9677, -8.4885 -1.6936 3.1232, -8.4771 -1.6326 3.2735, -8.4657 -1.5582 3.4172, -8.4543 -1.4713 3.5534, -8.4429 -1.3723 3.6813, -8.4314 -1.2622 3.7995, -8.4278 -1.2246 3.8352, -8.4164 -1.1017 3.9387, -8.405 -0.97 4.0304, -8.3935 -0.8299 4.1103, -8.382 -0.6834 4.1768, -8.3705 -0.5313 4.2296, -8.359 -0.3752 4.2681, -8.3475 -0.2166 4.2922, -8.336 -0.0567 4.3017, -8.3204 0.1587 4.2911, -8.3089 0.3165 4.266, -8.2974 0.471 4.2267, -8.2858 0.6223 4.1731, -8.2742 0.7676 4.1057, -8.2625 0.9061 4.025, -8.2509 1.0363 3.932, -8.2392 1.1573 3.8275, -8.2276 1.2678 3.7123, -8.2159 1.3668 3.5878, -8.2043 1.4536 3.4549, -8.1845 1.5718 3.2125, -8.1728 1.6227 3.0624, -8.1611 1.6594 2.9084, -8.1494 1.6817 2.7517, -8.1377 1.6893 2.5938, -8.1259 1.6819 2.4359, -8.1142 1.6599 2.2796, -8.0999 1.6136 2.0935, -8.0882 1.5602 1.9457, -8.0764 1.4931 1.8038, -8.0648 1.4138 1.6699, -8.0531 1.3226 1.5442, -8.0415 1.2204 1.4278, -8.0298 1.108 1.3217, -8.0181 0.9863 1.2265, -8.0065 0.8565 1.1432, -7.9947 0.7187 1.0719, -7.983 0.5751 1.0139, -7.963 0.3217 0.9475, -7.9513 0.1694 0.9275, -7.9395 0.0162 0.9218, -7.9278 -0.1366 0.9306, -7.9161 -0.2876 0.9535, -7.9044 -0.4353 0.9903, -7.8927 -0.5786 1.0405, -7.8787 -0.7426 1.1178, -7.8671 -0.8709 1.1952, -7.8555 -0.9913 1.2839, -7.8437 -1.1045 1.3847, -7.8319 -1.2074 1.4955, -7.8202 -1.2989 1.6148, -7.8085 -1.3788 1.7418, -7.7967 -1.4466 1.876, -7.7849 -1.5013 2.0157, -7.7733 -1.5423 2.1585, -7.7616 -1.5698 2.3041, -7.7415 -1.5851 2.5572, -7.7299 -1.5752 2.7044, -7.7182 -1.5517 2.8498, -7.7064 -1.5148 2.9925, -7.6947 -1.4648 3.1309, -7.683 -1.402 3.2639, -7.6712 -1.3273 3.3902, -7.6595 -1.2415 3.5083, -7.6478 -1.1454 3.6178, -9.1455 0.1694 4.5134, -9.1347 0.3368 4.4885, -9.1238 0.5016 4.4493, -9.113 0.6621 4.3962, -9.1021 0.818 4.329, -9.0912 0.9673 4.2485, -9.0803 1.1082 4.1559, -9.0694 1.2405 4.0517, -9.0585 1.3635 3.9362, -9.0476 1.4756 3.8106, -9.0367 1.5764 3.6758, -9.0258 1.6651 3.5329, -9.0148 1.7413 3.3822, -9.0039 1.8039 3.2256, -8.9929 1.8523 3.0648, -8.982 1.8864 2.9006, -8.971 1.9062 2.7336, -8.96 1.9113 2.5658, -8.958 1.9106 2.5352, -8.947 1.8982 2.3687, -8.9361 1.8714 2.2042, -8.925 1.8302 2.0419, -8.914 1.775 1.8841, -8.9029 1.7059 1.7315, -8.8919 1.6237 1.5858, -8.8808 1.5294 1.4484, -8.8698 1.4236 1.32, -8.8587 1.3067 1.2013, -8.8477 1.1799 1.0936, -8.8366 1.0443 0.9976, -8.8255 0.901 0.9141, -8.8144 0.75 0.8431, -8.8032 0.5935 0.786, -8.7921 0.4332 0.7432, -8.781 0.27 0.7148, -8.7698 0.1046 0.701, -8.7586 -0.0611 0.7019, -8.7474 -0.2257 0.7177, -8.7363 -0.3881 0.748, -8.7251 -0.5474 0.7926, -8.7139 -0.7019 0.8512, -8.7026 -0.8505 0.9235, -8.6914 -0.9917 1.0087, -8.6802 -1.1246 1.1059, -8.669 -1.2481 1.2144, -8.6499 -1.4334 1.4222, -8.6386 -1.527 1.5568, -8.6274 -1.6081 1.6991, -8.6161 -1.6765 1.849, -8.6047 -1.7308 2.0042, -8.5934 -1.7708 2.163, -8.5821 -1.7963 2.3244, -8.5708 -1.8072 2.4879, -8.5594 -1.8032 2.6513, -8.5481 -1.7844 2.8135, -8.5367 -1.7511 2.973, -8.5253 -1.7034 3.1294, -8.5139 -1.6417 3.2806, -8.5025 -1.5667 3.4251, -8.4911 -1.479 3.562, -8.4797 -1.3791 3.6906, -8.4683 -1.2682 3.8093, -8.4646 -1.2303 3.8452, -8.4532 -1.1064 3.9492, -8.4418 -0.9738 4.0413, -8.4303 -0.8327 4.1215, -8.4188 -0.6851 4.1882, -8.4073 -0.532 4.2411, -8.3958 -0.3748 4.2797, -8.3843 -0.2151 4.3037, -8.3728 -0.0542 4.313, -8.3573 0.1626 4.3019, -8.3457 0.3213 4.2765, -8.3342 0.4768 4.2367, -8.3226 0.6289 4.1825, -8.311 0.7751 4.1144, -8.2993 0.9144 4.033, -8.2877 1.0454 3.9392, -8.276 1.167 3.8339, -8.2644 1.278 3.7178, -8.2527 1.3774 3.5923, -8.2411 1.4646 3.4584, -8.2213 1.5832 3.2142, -8.2096 1.6343 3.063, -8.1979 1.671 2.908, -8.1862 1.6931 2.7501, -8.1745 1.7005 2.5912, -8.1628 1.6929 2.4322, -8.151 1.6705 2.275, -8.1367 1.6236 2.0877, -8.125 1.5695 1.9389, -8.1133 1.5018 1.7962, -8.1016 1.4217 1.6616, -8.0899 1.3297 1.5352, -8.0783 1.2267 1.4182, -8.0666 1.1134 1.3115, -8.055 0.9907 1.2159, -8.0433 0.8599 1.1322, -8.0315 0.721 1.0606, -8.0198 0.5763 1.0025, -7.9998 0.3211 0.936, -7.9881 0.1677 0.9161, -7.9764 0.0135 0.9106, -7.9646 -0.1404 0.9197, -7.9529 -0.2924 0.943, -7.9412 -0.441 0.9803, -7.9295 -0.5853 1.0311, -7.9155 -0.7502 1.1091, -7.9039 -0.8793 1.1873, -7.8923 -1.0004 1.2768, -7.8805 -1.1142 1.3784, -7.8688 -1.2177 1.4902, -7.857 -1.3097 1.6105, -7.8453 -1.3899 1.7386, -7.8335 -1.4579 1.8738, -7.8218 -1.5128 2.0145, -7.8101 -1.5538 2.1584, -7.7984 -1.5813 2.3051, -7.7784 -1.5963 2.56, -7.7667 -1.5861 2.7083, -7.755 -1.5622 2.8547, -7.7433 -1.5247 2.9983, -7.7315 -1.4742 3.1376, -7.7198 -1.4108 3.2715, -7.7081 -1.3352 3.3985, -7.6964 -1.2487 3.5174, -7.6847 -1.1517 3.6275, 8.7972 0.1567 -1.9685, 9.1122 0.1567 -1.9685, 8.7972 -0.1583 -1.9685, 9.1122 -0.1583 -1.9685, 8.7972 -0.1583 0.0, 9.1122 -0.1583 0.0, 9.1122 0.1567 0.0, 8.7972 0.1567 0.0, 9.1122 0.254 3.9162, 9.1122 -0.0008 3.9497, 9.1122 -0.2555 2.0147, 9.1122 -0.2555 3.9162, 9.1122 -0.4929 3.8178, 9.1122 -0.6968 3.6614, 9.1122 -0.8532 3.4576, 9.1122 -0.1583 1.9939, 9.1122 0.9835 2.9654, 9.1122 0.9499 3.2202, 9.1122 0.8516 3.4576, 9.1122 0.8516 2.4733, 9.1122 0.254 2.0147, 9.1122 0.6952 2.2695, 9.1122 0.4913 2.1131, 9.1122 -0.1583 0.3937, 9.1122 0.1567 0.3937, 9.1122 0.1567 1.9939, 9.1122 0.9499 2.7107, 9.1122 0.6952 3.6614, 9.1122 0.4913 3.8178, 9.1122 -0.9515 3.2202, 9.1122 -0.985 2.9654, 9.1122 -0.9515 2.7107, 9.1122 -0.8532 2.4733, 9.1122 -0.6968 2.2695, 9.1122 -0.4929 2.1131, 8.7972 -0.1583 0.3937, 8.7972 -0.1583 1.9939, 8.7972 0.1567 0.3937, 8.7972 -0.0008 1.9812, 8.7972 0.1567 1.9939, -8.8012 -0.1583 -1.9685, -8.8012 0.1567 -1.9685, -8.8012 -0.1583 0.0, -8.8012 0.1567 0.0, -9.1161 -0.1583 -1.9685, -9.1161 -0.1583 0.0, -9.1161 0.1567 -1.9685, -9.1161 0.1567 0.0, 8.6004 0.2182 2.0059, 8.6004 0.2528 2.018, 8.6004 -0.2198 3.925, 8.6004 -0.2544 3.9129, 8.6004 -0.4278 3.8522, 8.6004 -0.49 3.8132, 8.6004 -0.6145 3.735, 8.6004 -0.6924 3.657, 8.6004 -0.7703 3.5791, 8.6004 -0.8485 3.4546, 8.6004 -0.8876 3.3925, 8.6004 -0.9483 3.219, 8.6004 -0.9604 3.1845, 8.6004 -0.985 2.9654, 8.6004 -0.9604 2.7464, 8.6004 -0.9483 2.7118, 8.6004 -0.8876 2.5384, 8.6004 -0.8485 2.4762, 8.6004 -0.7703 2.3518, 8.6004 -0.6924 2.2738, 8.6004 -0.6145 2.1959, 8.6004 -0.49 2.1177, 8.6004 -0.4278 2.0787, 8.6004 -0.2544 2.018, 8.6004 -0.2198 2.0059, 8.6004 -0.0008 1.9812, 8.6004 0.4263 2.0787, 8.6004 0.4884 2.1177, 8.6004 0.6129 2.1959, 8.6004 0.6908 2.2738, 8.6004 0.7687 2.3518, 8.6004 0.8469 2.4762, 8.6004 0.886 2.5384, 8.6004 0.9467 2.7118, 8.6004 0.9588 2.7464, 8.6004 0.9835 2.9654, 8.6004 0.9588 3.1845, 8.6004 0.9467 3.219, 8.6004 0.886 3.3925, 8.6004 0.8469 3.4546, 8.6004 0.7687 3.5791, 8.6004 0.6908 3.657, 8.6004 0.6129 3.735, 8.6004 0.4884 3.8132, 8.6004 0.4263 3.8522, 8.6004 0.2528 3.9129, 8.6004 0.2182 3.925, 8.6004 -0.0008 3.9497, 8.4823 -0.7871 3.2209, 8.4823 -0.7812 3.3412, 8.4823 -0.6989 3.4084, 8.4823 -0.678 3.5055, 8.4823 -0.5668 3.5681, 8.4823 -0.5408 3.6426, 8.4823 -0.3991 3.6899, 8.4823 -0.3766 3.7458, 8.4823 -0.2064 3.7662, 8.4823 -0.1935 3.8099, 8.4823 -0.0008 3.7922, 8.4823 -0.0008 3.8316, 8.4823 0.2048 3.7662, 8.4823 0.1919 3.8099, 8.4823 0.3975 3.6899, 8.4823 0.375 3.7458, 8.4823 0.5652 3.5681, 8.4823 0.5392 3.6426, 8.4823 0.6973 3.4084, 8.4823 0.6764 3.5055, 8.4823 0.7796 3.3412, 8.4823 0.7855 3.2209, 8.4823 0.8436 3.1582, 8.4823 0.8244 3.0174, 8.4823 0.8654 2.9654, 8.4823 0.8113 2.8105, 8.4823 0.8436 2.7727, 8.4823 0.7473 2.6134, 8.4823 0.7796 2.5896, 8.4823 0.6362 2.4384, 8.4823 0.6764 2.4254, 8.4823 0.4852 2.2966, 8.4823 0.5392 2.2883, 8.4823 0.3036 2.1967, 8.4823 0.375 2.1851, 8.4823 0.1028 2.1452, 8.4823 0.1919 2.121, 8.4823 -0.0008 2.0993, 8.4823 -0.1044 2.1452, 8.4823 -0.1935 2.121, 8.4823 -0.3051 2.1967, 8.4823 -0.3766 2.1851, 8.4823 -0.4868 2.2966, 8.4823 -0.5408 2.2883, 8.4823 -0.6378 2.4384, 8.4823 -0.678 2.4254, 8.4823 -0.7489 2.6134, 8.4823 -0.7812 2.5896, 8.4823 -0.8129 2.8105, 8.4823 -0.8452 2.7727, 8.4823 -0.8259 3.0174, 8.4823 -0.8669 2.9654, 8.4823 -0.8452 3.1582, 8.7185 -0.2961 3.4769, 8.7185 -0.1536 3.5359, 8.7185 -0.0008 2.9654, 8.7185 -0.0008 3.556, 8.7185 0.1521 3.5359, 8.7185 -0.5712 3.1183, 8.7185 -0.5122 3.2607, 8.7185 -0.4184 3.383, 8.7185 -0.5122 2.6702, 8.7185 -0.5712 2.8126, 8.7185 -0.5913 2.9654, 8.7185 -0.1536 2.395, 8.7185 -0.2961 2.454, 8.7185 -0.4184 2.5479, 8.7185 0.2945 2.454, 8.7185 0.1521 2.395, 8.7185 -0.0008 2.3749, 8.7185 0.5696 2.8126, 8.7185 0.5106 2.6702, 8.7185 0.4168 2.5479, 8.7185 0.5106 3.2607, 8.7185 0.5696 3.1183, 8.7185 0.5898 2.9654, 8.7185 0.2945 3.4769, 8.7185 0.4168 3.383, 8.5698 -0.4887 3.485, 8.5698 -0.3441 3.59, 8.6004 -0.3541 3.5778, 8.6004 -0.4859 3.482, 8.6004 -0.5 3.465, 8.5698 -0.6025 3.3473, 8.6004 -0.5991 3.3452, 8.6004 -0.6117 3.3184, 8.5698 -0.6786 3.1857, 8.6004 -0.6748 3.1844, 8.6004 -0.6817 3.1482, 8.5698 -0.7121 3.0102, 8.6004 -0.7081 3.0099, 8.6004 -0.7053 2.9657, 8.5698 -0.7009 2.8319, 8.6004 -0.6969 2.8327, 8.6004 -0.6809 2.7835, 8.5698 -0.6456 2.662, 8.6004 -0.642 2.6637, 8.6004 -0.6103 2.6138, 8.5698 -0.5499 2.5112, 8.6004 -0.5468 2.5137, 8.6004 -0.4983 2.4682, 8.5698 -0.4197 2.3889, 8.6004 -0.4173 2.3921, 8.6004 -0.3525 2.3565, 8.5698 -0.2631 2.3028, 8.6004 -0.2617 2.3065, 8.6004 -0.1828 2.2863, 8.5698 -0.0901 2.2584, 8.6004 -0.0896 2.2624, 8.5698 0.0885 2.2584, 8.6004 -0.0008 2.2624, 8.6004 0.088 2.2624, 8.5698 0.2616 2.3028, 8.6004 0.1812 2.2863, 8.6004 0.2601 2.3065, 8.5698 0.4181 2.3889, 8.6004 0.3509 2.3565, 8.6004 0.4158 2.3921, 8.5698 0.5483 2.5112, 8.6004 0.4967 2.4682, 8.6004 0.5452 2.5137, 8.5698 0.6441 2.662, 8.6004 0.6087 2.6138, 8.6004 0.6404 2.6637, 8.5698 0.6993 2.8319, 8.6004 0.6793 2.7835, 8.6004 0.6953 2.8327, 8.5698 0.7105 3.0102, 8.6004 0.7037 2.9657, 8.6004 0.7065 3.0099, 8.5698 0.677 3.1857, 8.6004 0.6801 3.1482, 8.6004 0.6732 3.1844, 8.5698 0.601 3.3473, 8.6004 0.6101 3.3184, 8.6004 0.5976 3.3452, 8.5698 0.4871 3.485, 8.6004 0.4984 3.465, 8.6004 0.4843 3.482, 8.6004 0.3525 3.5778, 8.5698 0.3425 3.59, 8.6004 0.3406 3.5864, 8.6004 0.1823 3.6491, 8.5698 0.1764 3.6557, 8.6004 0.1754 3.6518, 8.6004 -0.0008 3.6741, 8.5698 -0.0008 3.6781, 8.6004 -0.177 3.6518, 8.5698 -0.178 3.6557, 8.6004 -0.1839 3.6491, 8.6004 -0.3422 3.5864, 8.5413 0.1794 3.6672, 8.5413 0.3482 3.6003, 8.5413 0.4952 3.4936, 8.5413 0.6109 3.3536, 8.5413 0.6882 3.1893, 8.5413 0.7223 3.0109, 8.5413 0.7109 2.8297, 8.5413 0.6547 2.657, 8.5413 0.5574 2.5036, 8.5413 0.4251 2.3793, 8.5413 0.2659 2.2918, 8.5413 0.09 2.2467, 8.5413 -0.0916 2.2467, 8.5413 -0.2675 2.2918, 8.5413 -0.4266 2.3793, 8.5413 -0.559 2.5036, 8.5413 -0.6563 2.657, 8.5413 -0.7124 2.8297, 8.5413 -0.7238 3.0109, 8.5413 -0.6898 3.1893, 8.5413 -0.6125 3.3536, 8.5413 -0.4967 3.4936, 8.5413 -0.3498 3.6003, 8.5413 -0.181 3.6672, 8.5413 -0.0008 3.6899, 8.5169 0.1841 3.6853, 8.5169 0.3573 3.6168, 8.5169 0.508 3.5072, 8.5169 0.6268 3.3637, 8.5169 0.7061 3.1951, 8.5169 0.741 3.0121, 8.5169 0.7293 2.8262, 8.5169 0.6717 2.649, 8.5169 0.5719 2.4917, 8.5169 0.4361 2.3641, 8.5169 0.2728 2.2744, 8.5169 0.0924 2.228, 8.5169 -0.0939 2.228, 8.5169 -0.2744 2.2744, 8.5169 -0.4377 2.3641, 8.5169 -0.5735 2.4917, 8.5169 -0.6733 2.649, 8.5169 -0.7309 2.8262, 8.5169 -0.7426 3.0121, 8.5169 -0.7077 3.1951, 8.5169 -0.6283 3.3637, 8.5169 -0.5096 3.5072, 8.5169 -0.3589 3.6168, 8.5169 -0.1856 3.6853, 8.5169 -0.0008 3.7087, 8.4981 0.1901 3.709, 8.4981 0.3691 3.6382, 8.4981 0.5247 3.5251, 8.4981 0.6474 3.3768, 8.4981 0.7294 3.2027, 8.4981 0.7654 3.0136, 8.4981 0.7533 2.8216, 8.4981 0.6939 2.6386, 8.4981 0.5907 2.4761, 8.4981 0.4505 2.3443, 8.4981 0.2818 2.2516, 8.4981 0.0954 2.2038, 8.4981 -0.097 2.2038, 8.4981 -0.2834 2.2516, 8.4981 -0.452 2.3443, 8.4981 -0.5923 2.4761, 8.4981 -0.6954 2.6386, 8.4981 -0.7549 2.8216, 8.4981 -0.767 3.0136, 8.4981 -0.7309 3.2027, 8.4981 -0.649 3.3768, 8.4981 -0.5263 3.5251, 8.4981 -0.3706 3.6382, 8.4981 -0.1917 3.709, 8.4981 -0.0008 3.7332, 8.4863 0.1972 3.7366, 8.4863 0.3828 3.6632, 8.4863 0.5442 3.5458, 8.4863 0.6715 3.3921, 8.4863 0.7564 3.2115, 8.4863 0.7938 3.0154, 8.4863 0.7813 2.8162, 8.4863 0.7196 2.6264, 8.4863 0.6127 2.4579, 8.4863 0.4672 2.3213, 8.4863 0.2923 2.2251, 8.4863 0.099 2.1755, 8.4863 -0.1006 2.1755, 8.4863 -0.2939 2.2251, 8.4863 -0.4688 2.3213, 8.4863 -0.6143 2.4579, 8.4863 -0.7212 2.6264, 8.4863 -0.7829 2.8162, 8.4863 -0.7954 3.0154, 8.4863 -0.758 3.2115, 8.4863 -0.673 3.3921, 8.4863 -0.5458 3.5458, 8.4863 -0.3844 3.6632, 8.4863 -0.1988 3.7366, 8.4863 -0.0008 3.7616, 8.631 0.1816 3.6461, 8.631 0.6798 3.1478, 8.631 0.7038 2.9654, 8.631 0.6798 2.7831, 8.631 0.6094 2.6131, 8.631 0.4975 2.4672, 8.631 0.3515 2.3552, 8.631 0.1816 2.2848, 8.631 -0.0008 2.2608, 8.631 -0.1832 2.2848, 8.631 -0.3531 2.3552, 8.631 -0.499 2.4672, 8.631 -0.611 2.6131, 8.631 -0.6814 2.7831, 8.631 -0.7054 2.9654, 8.631 -0.6814 3.1478, 8.631 -0.611 3.3178, 8.631 -0.499 3.4637, 8.631 -0.3531 3.5757, 8.631 -0.1832 3.6461, 8.631 -0.0008 3.6701, 8.7145 -0.1615 2.3655, 8.7145 -0.0008 2.3443, 8.7027 -0.0008 2.3158, 8.7145 0.5371 2.6549, 8.6839 0.1737 2.3143, 8.7027 0.1673 2.338, 8.7145 0.16 2.3655, 8.6594 0.3456 2.3654, 8.6839 0.3362 2.3817, 8.7027 0.324 2.4029, 8.7145 0.3098 2.4275, 8.6594 0.4891 2.4755, 8.6839 0.4758 2.4888, 8.7027 0.4586 2.5061, 8.7145 0.4384 2.5262, 8.631 0.4975 3.4637, 8.631 0.6094 3.3178, 8.6594 0.5992 3.3119, 8.6594 -0.0008 3.6583, 8.6594 0.1785 3.6347, 8.6839 0.1737 3.6165, 8.6839 0.3362 3.5492, 8.7027 0.324 3.528, 8.7027 0.4586 3.4248, 8.7145 0.4384 3.4046, 8.7145 0.5371 3.276, 8.6594 -0.1801 3.6347, 8.6839 -0.0008 3.6395, 8.7027 0.1673 3.5929, 8.7145 0.3098 3.5033, 8.6594 -0.3472 3.5655, 8.6839 -0.1753 3.6165, 8.7027 -0.0008 3.615, 8.7145 0.16 3.5654, 8.6594 -0.4907 3.4554, 8.6839 -0.3378 3.5492, 8.7027 -0.1689 3.5929, 8.7145 -0.0008 3.5866, 8.6594 -0.6008 3.3119, 8.6839 -0.4774 3.4421, 8.7027 -0.3256 3.528, 8.7145 -0.1615 3.5654, 8.6594 -0.67 3.1448, 8.6839 -0.5845 3.3025, 8.7027 -0.4601 3.4248, 8.7145 -0.3114 3.5033, 8.6594 -0.6936 2.9654, 8.6839 -0.6519 3.1399, 8.7027 -0.5634 3.2902, 8.7145 -0.44 3.4046, 8.6594 -0.67 2.7861, 8.6839 -0.6749 2.9654, 8.7027 -0.6283 3.1336, 8.7145 -0.5387 3.276, 8.6594 -0.6008 2.619, 8.6839 -0.6519 2.791, 8.7027 -0.6504 2.9654, 8.7145 -0.6007 3.1262, 8.6594 -0.4907 2.4755, 8.6839 -0.5845 2.6284, 8.7027 -0.6283 2.7973, 8.7145 -0.6219 2.9654, 8.6594 -0.3472 2.3654, 8.6839 -0.4774 2.4888, 8.7027 -0.5634 2.6406, 8.7145 -0.6007 2.8047, 8.6594 -0.1801 2.2962, 8.6839 -0.3378 2.3817, 8.7027 -0.4601 2.5061, 8.7145 -0.5387 2.6549, 8.6594 -0.0008 2.2726, 8.6839 -0.1753 2.3143, 8.7027 -0.3256 2.4029, 8.7145 -0.44 2.5262, 8.6594 0.1785 2.2962, 8.6839 -0.0008 2.2914, 8.7027 -0.1689 2.338, 8.7145 -0.3114 2.4275, 8.7027 0.5618 2.6406, 8.6839 0.583 2.6284, 8.6594 0.5992 2.619, 8.7145 0.5992 2.8047, 8.7027 0.6267 2.7973, 8.6839 0.6503 2.791, 8.6594 0.6684 2.7861, 8.7027 0.6488 2.9654, 8.6839 0.6733 2.9654, 8.6594 0.692 2.9654, 8.6839 0.6503 3.1399, 8.6594 0.6684 3.1448, 8.631 0.3515 3.5757, 8.6594 0.4891 3.4554, 8.6839 0.583 3.3025, 8.7027 0.6267 3.1336, 8.7145 0.6203 2.9654, 8.6594 0.3456 3.5655, 8.6839 0.4758 3.4421, 8.7027 0.5618 3.2902, 8.7145 0.5992 3.1262, 8.5698 0.4245 3.8486, 8.5698 0.6104 3.7318, 8.5698 0.8824 2.5401, 8.5698 0.7656 2.3543, 8.5698 -0.4261 2.0823, 8.5698 -0.612 2.1991, 8.5698 -0.8839 3.3907, 8.5698 -0.7672 3.5766, 8.4863 -0.2003 3.8397, 8.4863 -0.3899 3.7733, 8.4981 -0.2067 3.8674, 8.4981 -0.4022 3.799, 8.5169 -0.2121 3.8913, 8.5169 -0.4128 3.8211, 8.5413 -0.2163 3.9096, 8.5413 -0.421 3.838, 8.5698 -0.2189 3.9211, 8.5698 -0.4261 3.8486, 8.4863 -0.875 2.7659, 8.4863 -0.8087 2.5764, 8.4981 -0.9028 2.7596, 8.4981 -0.8344 2.564, 8.5169 -0.9266 2.7541, 8.5169 -0.8564 2.5534, 8.5413 -0.9449 2.7499, 8.5413 -0.8733 2.5453, 8.5698 -0.9564 2.7473, 8.5698 -0.8839 2.5401, 8.4863 0.1987 2.0912, 8.4863 0.3883 2.1575, 8.4981 0.2051 2.0634, 8.4981 0.4006 2.1319, 8.5169 0.2105 2.0396, 8.5169 0.4113 2.1098, 8.5413 0.2147 2.0213, 8.5413 0.4194 2.0929, 8.5698 0.2173 2.0098, 8.5698 0.4245 2.0823, 8.4863 0.8734 3.165, 8.4863 0.8071 3.3545, 8.4981 0.9012 3.1713, 8.4981 0.8328 3.3669, 8.5169 0.9251 3.1768, 8.5169 0.8548 3.3775, 8.5413 0.9434 3.1809, 8.5413 0.8717 3.3856, 8.5698 0.9549 3.1836, 8.5698 0.8824 3.3907, 8.4863 -0.0008 3.8622, 8.4981 -0.0008 3.8906, 8.5169 -0.0008 3.9151, 8.5413 -0.0008 3.9339, 8.5698 -0.0008 3.9457, 8.5698 -0.612 3.7318, 8.5413 -0.6046 3.7226, 8.5169 -0.5929 3.7079, 8.4981 -0.5776 3.6888, 8.4863 -0.5599 3.6665, 8.5413 -0.7579 3.5692, 8.5169 -0.7433 3.5575, 8.4981 -0.7241 3.5423, 8.4863 -0.7019 3.5245, 8.5413 -0.8733 3.3856, 8.5169 -0.8564 3.3775, 8.4981 -0.8344 3.3669, 8.4863 -0.8087 3.3545, 8.5698 -0.9564 3.1836, 8.5413 -0.9449 3.1809, 8.5169 -0.9266 3.1768, 8.4981 -0.9028 3.1713, 8.4863 -0.875 3.165, 8.4863 -0.8975 2.9654, 8.4981 -0.926 2.9654, 8.5169 -0.9504 2.9654, 8.5413 -0.9692 2.9654, 8.5698 -0.981 2.9654, 8.5698 -0.7672 2.3543, 8.5413 -0.7579 2.3616, 8.5169 -0.7433 2.3733, 8.4981 -0.7241 2.3886, 8.4863 -0.7019 2.4064, 8.5413 -0.6046 2.2083, 8.5169 -0.5929 2.223, 8.4981 -0.5776 2.2421, 8.4863 -0.5599 2.2644, 8.5413 -0.421 2.0929, 8.5169 -0.4128 2.1098, 8.4981 -0.4022 2.1319, 8.4863 -0.3899 2.1575, 8.5698 -0.2189 2.0098, 8.5413 -0.2163 2.0213, 8.5169 -0.2121 2.0396, 8.4981 -0.2067 2.0634, 8.4863 -0.2003 2.0912, 8.4863 -0.0008 2.0687, 8.4981 -0.0008 2.0402, 8.5169 -0.0008 2.0158, 8.5413 -0.0008 1.997, 8.5698 -0.0008 1.9852, 8.5698 0.6104 2.1991, 8.5413 0.603 2.2083, 8.5169 0.5913 2.223, 8.4981 0.5761 2.2421, 8.4863 0.5583 2.2644, 8.5413 0.7564 2.3616, 8.5169 0.7417 2.3733, 8.4981 0.7226 2.3886, 8.4863 0.7003 2.4064, 8.5413 0.8717 2.5453, 8.5169 0.8548 2.5534, 8.4981 0.8328 2.564, 8.4863 0.8071 2.5764, 8.5698 0.9549 2.7473, 8.5413 0.9434 2.7499, 8.5169 0.9251 2.7541, 8.4981 0.9012 2.7596, 8.4863 0.8734 2.7659, 8.4863 0.8959 2.9654, 8.4981 0.9244 2.9654, 8.5169 0.9489 2.9654, 8.5413 0.9676 2.9654, 8.5698 0.9794 2.9654, 8.5698 0.7656 3.5766, 8.5413 0.7564 3.5692, 8.5169 0.7417 3.5575, 8.4981 0.7226 3.5423, 8.4863 0.7003 3.5245, 8.5413 0.603 3.7226, 8.5169 0.5913 3.7079, 8.4981 0.5761 3.6888, 8.4863 0.5583 3.6665, 8.5413 0.4194 3.838, 8.5169 0.4113 3.8211, 8.4981 0.4006 3.799, 8.4863 0.3883 3.7733, 8.5698 0.2173 3.9211, 8.5413 0.2147 3.9096, 8.5169 0.2105 3.8913, 8.4981 0.2051 3.8674, 8.4863 0.1987 3.8397
            ]
        }
        coordIndex [
            0,1,2,-1,3,2,4,-1,4,2,5,-1,3,6,2,-1,2,6,7,-1,2,7,0,-1,8,9,10,-1,11,12,13,-1,13,12,14,-1,13,14,15,-1,15,16,13,-1,13,16,17,-1,13,17,18,-1,18,19,13,-1,13,19,20,-1,13,20,21,-1,21,22,13,-1,13,22,23,-1,13,23,2,-1,2,23,24,-1,2,24,5,-1,25,11,10,-1,10,11,13,-1,10,13,8,-1,8,13,26,-1,27,28,29,-1,29,28,30,-1,29,30,31,-1,32,33,29,-1,29,33,34,-1,29,34,27,-1,35,36,29,-1,29,36,37,-1,29,37,32,-1,38,39,29,-1,29,39,40,-1,29,40,35,-1,41,42,29,-1,29,42,43,-1,29,43,38,-1,44,45,29,-1,29,45,46,-1,29,46,41,-1,47,48,29,-1,29,48,49,-1,29,49,44,-1,50,51,29,-1,29,51,52,-1,29,52,47,-1,53,54,29,-1,29,54,55,-1,29,55,50,-1,56,57,29,-1,29,57,58,-1,29,58,53,-1,59,60,29,-1,29,60,61,-1,29,61,56,-1,62,63,29,-1,29,63,64,-1,29,64,59,-1,65,66,29,-1,29,66,67,-1,29,67,62,-1,68,69,29,-1,29,69,70,-1,29,70,65,-1,71,72,29,-1,29,72,73,-1,29,73,68,-1,31,74,29,-1,29,74,75,-1,29,75,71,-1,15,14,76,-1,25,10,77,-1,78,79,80,-1,81,82,83,-1,84,85,86,-1,87,88,89,-1,90,91,92,-1,93,94,95,-1,96,97,98,-1,99,100,101,-1,102,103,104,-1,105,106,107,-1,108,109,110,-1,111,112,113,-1,114,115,116,-1,117,118,119,-1,118,120,121,-1,122,123,124,-1,125,126,127,-1,128,129,130,-1,131,132,133,-1,134,135,136,-1,137,138,139,-1,140,141,142,-1,143,144,145,-1,146,147,148,-1,149,150,151,-1,152,153,154,-1,155,156,157,-1,158,159,160,-1,161,162,163,-1,164,165,166,-1,167,168,169,-1,170,171,172,-1,173,174,175,-1,176,177,178,-1,179,180,181,-1,182,183,184,-1,185,186,187,-1,188,189,190,-1,191,192,193,-1,194,195,196,-1,197,198,199,-1,197,200,201,-1,202,203,204,-1,205,206,207,-1,208,209,210,-1,211,212,213,-1,214,215,216,-1,217,218,219,-1,220,221,222,-1,223,224,225,-1,226,227,228,-1,31,30,229,-1,68,73,230,-1,231,66,65,-1,232,67,66,-1,56,61,233,-1,58,57,234,-1,50,55,235,-1,52,51,236,-1,237,42,41,-1,238,43,42,-1,43,238,38,-1,40,39,239,-1,240,37,36,-1,37,240,32,-1,34,33,241,-1,6,3,242,-1,4,5,243,-1,24,23,244,-1,19,18,245,-1,26,13,246,-1,247,248,249,-1,80,79,250,-1,251,252,253,-1,92,91,254,-1,255,256,257,-1,258,259,260,-1,261,262,263,-1,264,265,133,-1,266,267,268,-1,269,270,271,-1,272,273,274,-1,275,276,277,-1,278,279,280,-1,281,282,283,-1,284,285,286,-1,287,288,289,-1,290,291,292,-1,292,291,1,-1,292,1,0,-1,290,292,293,-1,293,292,294,-1,293,294,295,-1,295,294,296,-1,295,296,297,-1,298,299,296,-1,296,299,300,-1,296,300,297,-1,301,302,303,-1,303,302,304,-1,303,304,305,-1,305,304,306,-1,306,304,307,-1,306,307,308,-1,308,307,309,-1,309,307,310,-1,309,310,311,-1,312,313,314,-1,314,313,315,-1,316,317,315,-1,315,317,318,-1,315,318,314,-1,319,320,316,-1,316,320,321,-1,316,321,317,-1,322,323,319,-1,319,323,324,-1,319,324,320,-1,325,326,327,-1,327,326,328,-1,327,328,329,-1,330,331,325,-1,325,331,332,-1,325,332,326,-1,333,334,335,-1,335,334,336,-1,337,338,339,-1,339,338,340,-1,339,340,336,-1,336,340,341,-1,336,341,335,-1,342,343,344,-1,344,343,345,-1,346,347,345,-1,345,347,348,-1,345,348,344,-1,349,350,351,-1,350,349,352,-1,352,349,353,-1,352,353,354,-1,355,356,357,-1,356,358,357,-1,357,358,359,-1,357,359,360,-1,360,361,357,-1,357,361,362,-1,357,362,363,-1,355,357,364,-1,364,357,365,-1,364,365,366,-1,367,368,366,-1,366,368,369,-1,366,369,364,-1,370,371,372,-1,372,371,373,-1,372,373,374,-1,374,375,372,-1,372,375,376,-1,372,376,377,-1,366,378,367,-1,367,378,372,-1,367,372,379,-1,379,372,377,-1,380,381,382,-1,383,384,385,-1,289,288,386,-1,387,388,389,-1,389,388,390,-1,389,391,392,-1,393,394,395,-1,395,394,396,-1,395,396,397,-1,397,396,398,-1,397,398,392,-1,392,398,399,-1,392,399,389,-1,389,399,400,-1,389,400,387,-1,395,401,393,-1,393,401,402,-1,393,402,403,-1,403,402,404,-1,405,406,407,-1,407,406,408,-1,407,408,409,-1,409,408,410,-1,409,410,411,-1,411,410,412,-1,413,414,415,-1,415,414,416,-1,415,416,417,-1,418,419,420,-1,420,419,421,-1,420,421,413,-1,413,421,422,-1,413,422,414,-1,423,424,425,-1,426,427,428,-1,429,430,431,-1,431,430,432,-1,431,432,433,-1,434,435,436,-1,437,438,439,-1,440,441,442,-1,443,444,445,-1,446,447,448,-1,449,450,451,-1,451,450,452,-1,451,452,453,-1,453,452,454,-1,453,454,455,-1,455,454,456,-1,455,456,457,-1,458,170,459,-1,458,459,460,-1,460,459,461,-1,460,461,462,-1,462,461,463,-1,462,463,464,-1,464,463,465,-1,464,465,466,-1,466,465,467,-1,466,467,468,-1,468,467,469,-1,468,469,470,-1,471,472,473,-1,474,475,476,-1,477,478,479,-1,480,481,482,-1,483,484,485,-1,156,486,157,-1,157,486,487,-1,157,487,488,-1,488,487,489,-1,488,489,490,-1,490,489,491,-1,490,491,492,-1,492,491,493,-1,492,493,494,-1,494,493,495,-1,494,495,496,-1,496,495,497,-1,496,497,498,-1,499,500,501,-1,502,503,504,-1,505,506,507,-1,508,509,510,-1,511,512,513,-1,511,513,514,-1,514,513,515,-1,514,515,516,-1,516,515,517,-1,516,517,518,-1,518,517,519,-1,518,519,520,-1,520,519,521,-1,520,521,522,-1,522,521,523,-1,522,523,524,-1,525,526,527,-1,527,526,528,-1,527,528,529,-1,529,528,530,-1,529,530,531,-1,531,530,532,-1,531,532,533,-1,534,535,536,-1,536,535,537,-1,536,537,538,-1,538,537,539,-1,538,539,540,-1,540,539,541,-1,540,541,542,-1,542,541,543,-1,542,543,544,-1,544,543,545,-1,544,545,546,-1,547,548,549,-1,549,548,550,-1,549,550,551,-1,551,550,552,-1,551,552,553,-1,553,552,554,-1,553,554,555,-1,555,554,556,-1,555,556,557,-1,557,556,558,-1,557,558,559,-1,559,558,560,-1,559,560,561,-1,561,560,562,-1,561,562,563,-1,564,140,565,-1,564,565,566,-1,566,565,567,-1,566,567,568,-1,568,567,569,-1,568,569,570,-1,570,569,571,-1,570,571,572,-1,572,571,573,-1,572,573,574,-1,574,573,575,-1,574,575,576,-1,577,578,579,-1,579,578,580,-1,579,580,581,-1,581,580,582,-1,581,582,583,-1,583,582,584,-1,583,584,585,-1,585,584,586,-1,585,586,587,-1,587,586,588,-1,587,588,589,-1,589,588,590,-1,589,590,591,-1,591,590,592,-1,591,592,593,-1,594,595,596,-1,596,595,597,-1,596,597,598,-1,598,597,599,-1,598,599,600,-1,600,599,601,-1,600,601,602,-1,603,125,604,-1,603,604,605,-1,605,604,606,-1,605,606,607,-1,607,606,608,-1,607,608,609,-1,609,608,610,-1,609,610,611,-1,611,610,612,-1,611,612,613,-1,613,612,614,-1,613,614,615,-1,616,114,617,-1,618,619,620,-1,621,111,622,-1,621,622,623,-1,623,622,624,-1,623,624,625,-1,625,624,626,-1,625,626,627,-1,627,626,628,-1,627,628,629,-1,629,628,630,-1,629,630,631,-1,631,630,632,-1,631,632,633,-1,634,93,635,-1,634,635,636,-1,636,635,637,-1,636,637,638,-1,638,637,639,-1,638,639,640,-1,640,639,641,-1,640,641,642,-1,642,641,643,-1,642,643,644,-1,644,643,645,-1,644,645,646,-1,647,648,649,-1,26,246,8,-1,34,228,27,-1,27,228,227,-1,27,227,28,-1,40,650,35,-1,35,650,651,-1,35,651,36,-1,46,45,652,-1,652,45,44,-1,652,44,653,-1,44,49,653,-1,653,49,48,-1,653,48,654,-1,224,59,64,-1,224,64,225,-1,225,64,63,-1,225,63,62,-1,31,229,74,-1,40,239,650,-1,650,239,655,-1,650,655,651,-1,651,655,656,-1,651,656,657,-1,658,652,659,-1,659,652,653,-1,659,653,660,-1,660,653,654,-1,660,654,661,-1,60,59,662,-1,662,59,224,-1,662,224,663,-1,663,224,223,-1,664,665,666,-1,73,72,230,-1,230,72,664,-1,230,664,667,-1,667,664,666,-1,30,28,229,-1,229,28,227,-1,229,227,668,-1,668,227,226,-1,668,226,669,-1,285,284,670,-1,670,284,671,-1,670,671,672,-1,672,671,673,-1,672,673,674,-1,674,673,237,-1,674,237,675,-1,675,237,41,-1,675,41,46,-1,48,47,654,-1,654,47,676,-1,654,676,661,-1,661,676,677,-1,661,677,678,-1,678,677,679,-1,678,679,680,-1,681,663,682,-1,682,663,223,-1,682,223,683,-1,683,223,225,-1,683,225,232,-1,232,225,62,-1,232,62,67,-1,66,231,232,-1,232,231,684,-1,232,684,683,-1,683,684,685,-1,683,685,682,-1,682,685,686,-1,682,686,681,-1,75,74,687,-1,687,74,229,-1,687,229,688,-1,688,229,668,-1,688,668,689,-1,689,668,669,-1,689,669,690,-1,218,217,691,-1,691,217,692,-1,691,692,693,-1,693,692,694,-1,693,694,695,-1,695,694,696,-1,695,696,221,-1,47,52,676,-1,676,52,236,-1,676,236,677,-1,677,236,697,-1,677,697,679,-1,679,697,698,-1,679,698,699,-1,699,698,700,-1,699,700,701,-1,702,681,703,-1,703,681,686,-1,703,686,704,-1,704,686,685,-1,704,685,705,-1,705,685,684,-1,705,684,706,-1,706,684,231,-1,706,231,707,-1,707,231,65,-1,707,65,70,-1,213,212,708,-1,212,709,708,-1,708,709,710,-1,708,710,665,-1,665,710,711,-1,665,711,666,-1,72,71,664,-1,664,71,712,-1,664,712,665,-1,665,712,713,-1,665,713,708,-1,708,713,714,-1,708,714,213,-1,213,714,715,-1,71,75,712,-1,712,75,687,-1,712,687,713,-1,713,687,688,-1,713,688,714,-1,714,688,689,-1,714,689,715,-1,715,689,690,-1,215,214,716,-1,716,214,717,-1,716,717,718,-1,718,717,719,-1,718,719,720,-1,720,719,721,-1,720,721,722,-1,722,721,220,-1,722,220,723,-1,723,220,222,-1,723,222,724,-1,725,726,727,-1,727,726,728,-1,727,728,729,-1,729,728,730,-1,729,730,731,-1,732,725,733,-1,733,725,727,-1,733,727,734,-1,734,727,729,-1,734,729,735,-1,735,729,731,-1,735,731,736,-1,737,732,738,-1,738,732,733,-1,738,733,739,-1,739,733,734,-1,739,734,740,-1,740,734,735,-1,740,735,741,-1,741,735,736,-1,741,736,742,-1,743,737,744,-1,744,737,738,-1,744,738,745,-1,745,738,739,-1,745,739,746,-1,746,739,740,-1,746,740,747,-1,747,740,741,-1,747,741,748,-1,748,741,742,-1,748,742,749,-1,750,743,751,-1,751,743,744,-1,751,744,752,-1,752,744,745,-1,752,745,753,-1,753,745,746,-1,753,746,754,-1,754,746,747,-1,754,747,755,-1,755,747,748,-1,755,748,756,-1,756,748,749,-1,756,749,757,-1,69,68,757,-1,757,68,230,-1,757,230,756,-1,756,230,667,-1,756,667,755,-1,755,667,666,-1,755,666,754,-1,754,666,711,-1,754,711,753,-1,753,711,710,-1,753,710,752,-1,752,710,709,-1,752,709,751,-1,751,709,212,-1,751,212,750,-1,750,212,211,-1,690,210,715,-1,715,210,209,-1,715,209,213,-1,213,209,758,-1,213,758,211,-1,211,758,759,-1,211,759,750,-1,750,759,760,-1,750,760,743,-1,743,760,761,-1,743,761,737,-1,737,761,762,-1,737,762,732,-1,732,762,763,-1,732,763,725,-1,725,763,764,-1,725,764,726,-1,726,764,765,-1,726,765,728,-1,728,765,702,-1,728,702,730,-1,730,702,703,-1,730,703,731,-1,731,703,704,-1,731,704,736,-1,736,704,705,-1,736,705,742,-1,742,705,706,-1,742,706,749,-1,749,706,707,-1,749,707,757,-1,757,707,70,-1,757,70,69,-1,766,767,768,-1,768,767,769,-1,768,769,770,-1,770,769,771,-1,770,771,772,-1,772,771,773,-1,772,773,774,-1,774,773,775,-1,774,775,776,-1,776,775,777,-1,776,777,778,-1,778,777,779,-1,778,779,780,-1,781,782,783,-1,783,782,784,-1,783,784,785,-1,785,784,786,-1,785,786,787,-1,787,786,788,-1,787,788,789,-1,789,788,790,-1,789,790,791,-1,791,790,792,-1,791,792,793,-1,793,792,794,-1,793,794,795,-1,796,797,798,-1,799,797,800,-1,800,797,796,-1,800,796,801,-1,802,803,804,-1,804,803,805,-1,804,805,424,-1,424,423,804,-1,804,423,806,-1,804,806,802,-1,807,808,809,-1,809,808,810,-1,809,810,811,-1,811,810,812,-1,811,812,813,-1,813,812,814,-1,813,814,815,-1,815,814,816,-1,815,816,817,-1,817,816,818,-1,817,818,819,-1,819,818,241,-1,819,241,240,-1,240,241,33,-1,240,33,32,-1,820,821,822,-1,822,821,823,-1,822,823,824,-1,824,823,825,-1,824,825,826,-1,826,825,827,-1,826,827,828,-1,828,827,829,-1,828,829,830,-1,830,829,831,-1,830,831,832,-1,832,831,833,-1,832,833,834,-1,834,833,835,-1,836,837,838,-1,838,837,839,-1,838,839,840,-1,840,839,841,-1,837,842,839,-1,839,842,798,-1,839,798,841,-1,841,798,797,-1,841,797,843,-1,843,797,799,-1,843,799,844,-1,845,802,846,-1,846,802,806,-1,846,806,847,-1,847,806,423,-1,847,423,848,-1,848,423,425,-1,848,425,427,-1,427,426,848,-1,848,426,849,-1,848,849,847,-1,847,849,850,-1,847,850,846,-1,846,850,851,-1,846,851,845,-1,852,835,853,-1,853,835,833,-1,853,833,854,-1,854,833,831,-1,854,831,855,-1,855,831,829,-1,855,829,856,-1,856,829,827,-1,856,827,857,-1,857,827,825,-1,857,825,858,-1,858,825,823,-1,858,823,859,-1,859,823,821,-1,859,821,860,-1,860,821,820,-1,860,820,861,-1,862,863,864,-1,864,863,865,-1,864,865,866,-1,866,865,867,-1,866,867,868,-1,868,867,869,-1,868,869,870,-1,870,869,871,-1,870,871,872,-1,872,871,873,-1,872,873,874,-1,874,873,875,-1,874,875,876,-1,877,878,879,-1,879,878,880,-1,879,880,881,-1,881,880,882,-1,881,882,883,-1,883,882,884,-1,883,884,885,-1,885,884,886,-1,878,836,880,-1,880,836,838,-1,880,838,882,-1,882,838,840,-1,882,840,884,-1,884,840,841,-1,884,841,886,-1,886,841,843,-1,886,843,887,-1,887,843,844,-1,887,844,888,-1,889,845,890,-1,890,845,851,-1,890,851,891,-1,891,851,850,-1,891,850,892,-1,892,850,849,-1,892,849,893,-1,893,849,426,-1,893,426,894,-1,894,426,428,-1,894,428,895,-1,896,897,898,-1,898,897,899,-1,898,899,900,-1,900,899,901,-1,900,901,902,-1,902,901,903,-1,902,903,904,-1,904,903,905,-1,904,905,906,-1,906,905,907,-1,906,907,908,-1,908,907,909,-1,910,896,911,-1,911,896,898,-1,911,898,912,-1,912,898,900,-1,912,900,913,-1,913,900,902,-1,913,902,914,-1,914,902,904,-1,914,904,915,-1,915,904,906,-1,915,906,916,-1,916,906,908,-1,283,917,278,-1,36,651,240,-1,240,651,657,-1,240,657,819,-1,819,657,918,-1,819,918,817,-1,817,918,919,-1,817,919,815,-1,815,919,920,-1,815,920,813,-1,813,920,921,-1,813,921,811,-1,811,921,922,-1,811,922,809,-1,809,922,923,-1,809,923,807,-1,807,923,924,-1,807,924,925,-1,281,808,282,-1,282,808,807,-1,282,807,926,-1,926,807,925,-1,927,924,928,-1,928,924,923,-1,928,923,929,-1,929,923,922,-1,929,922,930,-1,930,922,921,-1,930,921,931,-1,931,921,920,-1,931,920,932,-1,932,920,919,-1,932,919,933,-1,933,919,918,-1,933,918,934,-1,934,918,657,-1,934,657,935,-1,935,657,656,-1,935,656,936,-1,936,656,655,-1,936,655,937,-1,937,655,239,-1,937,239,238,-1,238,239,39,-1,238,39,38,-1,680,679,852,-1,852,679,699,-1,852,699,835,-1,835,699,701,-1,835,701,834,-1,834,701,876,-1,834,876,832,-1,832,876,875,-1,832,875,830,-1,830,875,873,-1,830,873,828,-1,828,873,871,-1,828,871,826,-1,826,871,869,-1,826,869,824,-1,824,869,867,-1,824,867,822,-1,822,867,865,-1,822,865,820,-1,820,865,863,-1,820,863,861,-1,861,863,862,-1,861,862,938,-1,939,940,206,-1,206,940,941,-1,206,941,207,-1,207,941,942,-1,207,942,943,-1,943,942,944,-1,943,944,945,-1,945,944,946,-1,945,946,947,-1,947,946,948,-1,947,948,949,-1,949,948,950,-1,940,877,941,-1,941,877,879,-1,941,879,942,-1,942,879,881,-1,942,881,944,-1,944,881,883,-1,944,883,946,-1,946,883,885,-1,946,885,948,-1,948,885,886,-1,948,886,950,-1,950,886,887,-1,950,887,951,-1,951,887,888,-1,951,888,952,-1,910,953,896,-1,896,953,889,-1,896,889,897,-1,897,889,890,-1,897,890,899,-1,899,890,891,-1,899,891,901,-1,901,891,892,-1,901,892,903,-1,903,892,893,-1,903,893,905,-1,905,893,894,-1,905,894,907,-1,907,894,895,-1,907,895,909,-1,954,955,956,-1,956,955,957,-1,956,957,958,-1,958,957,959,-1,958,959,960,-1,960,959,961,-1,960,961,962,-1,962,961,963,-1,962,963,964,-1,964,963,965,-1,964,965,205,-1,205,207,964,-1,964,207,943,-1,964,943,962,-1,962,943,945,-1,962,945,960,-1,960,945,947,-1,960,947,958,-1,958,947,949,-1,958,949,956,-1,956,949,950,-1,956,950,954,-1,954,950,951,-1,954,951,966,-1,966,951,952,-1,966,952,967,-1,968,953,969,-1,969,953,910,-1,969,910,970,-1,970,910,911,-1,970,911,971,-1,971,911,912,-1,971,912,972,-1,972,912,913,-1,972,913,973,-1,973,913,914,-1,973,914,974,-1,974,914,915,-1,974,915,975,-1,975,915,916,-1,975,916,208,-1,208,916,908,-1,208,908,209,-1,209,908,909,-1,209,909,758,-1,758,909,895,-1,758,895,759,-1,759,895,428,-1,759,428,760,-1,760,428,427,-1,760,427,761,-1,761,427,425,-1,761,425,762,-1,762,425,424,-1,762,424,763,-1,763,424,805,-1,763,805,764,-1,764,805,803,-1,764,803,765,-1,976,977,978,-1,979,980,927,-1,927,980,981,-1,927,981,924,-1,924,981,982,-1,924,982,925,-1,983,984,985,-1,986,984,987,-1,987,984,983,-1,987,983,988,-1,989,986,990,-1,990,986,987,-1,990,987,991,-1,991,987,988,-1,991,988,992,-1,993,989,994,-1,994,989,990,-1,994,990,938,-1,938,990,991,-1,938,991,861,-1,861,991,992,-1,861,992,860,-1,995,996,997,-1,997,996,998,-1,997,998,999,-1,999,998,1000,-1,999,1000,1001,-1,1001,1000,1002,-1,1001,1002,1003,-1,1003,1002,1004,-1,1003,1004,1005,-1,1005,1004,1006,-1,1005,1006,1007,-1,939,206,1008,-1,1008,206,205,-1,1008,205,1007,-1,1007,205,965,-1,1007,965,1005,-1,1005,965,963,-1,1005,963,1003,-1,1003,963,961,-1,1003,961,1001,-1,1001,961,959,-1,1001,959,999,-1,999,959,957,-1,999,957,997,-1,997,957,955,-1,997,955,995,-1,995,955,954,-1,995,954,1009,-1,1009,954,966,-1,1009,966,1010,-1,1010,966,967,-1,1010,967,1011,-1,978,977,1012,-1,1012,977,1013,-1,1012,1013,1014,-1,280,279,1015,-1,1015,279,1016,-1,1015,1016,1017,-1,1017,1016,1018,-1,1017,1018,1019,-1,1019,1018,1020,-1,1019,1020,1021,-1,1021,1020,1022,-1,1021,1022,1023,-1,1023,1022,1024,-1,1023,1024,1025,-1,1025,1024,1026,-1,1025,1026,1027,-1,278,917,279,-1,279,917,1028,-1,279,1028,1016,-1,1016,1028,1029,-1,1016,1029,1018,-1,1018,1029,1030,-1,1018,1030,1020,-1,1020,1030,1031,-1,1020,1031,1022,-1,1022,1031,1032,-1,1022,1032,1024,-1,1024,1032,1033,-1,1024,1033,1026,-1,221,220,695,-1,695,220,721,-1,695,721,693,-1,693,721,719,-1,693,719,691,-1,691,719,717,-1,691,717,218,-1,218,717,214,-1,218,214,219,-1,219,214,216,-1,219,216,1034,-1,1034,216,1035,-1,1034,1035,1036,-1,1036,1035,1037,-1,1036,1037,1038,-1,1038,1037,1039,-1,1038,1039,1040,-1,1040,1039,1041,-1,1040,1041,1042,-1,1042,1041,1043,-1,1042,1043,1044,-1,1044,1043,1045,-1,1044,1045,1046,-1,1046,1045,1047,-1,1046,1047,1048,-1,724,766,723,-1,723,766,768,-1,723,768,722,-1,722,768,770,-1,722,770,720,-1,720,770,772,-1,720,772,718,-1,718,772,774,-1,718,774,716,-1,716,774,776,-1,716,776,215,-1,215,776,778,-1,215,778,216,-1,216,778,780,-1,216,780,1035,-1,1035,780,1049,-1,1035,1049,1037,-1,1037,1049,1050,-1,1037,1050,1039,-1,1039,1050,1051,-1,1039,1051,1041,-1,1041,1051,1052,-1,1041,1052,1043,-1,1043,1052,1053,-1,1043,1053,1045,-1,1045,1053,1054,-1,1045,1054,1047,-1,767,781,769,-1,769,781,783,-1,769,783,771,-1,771,783,785,-1,771,785,773,-1,773,785,787,-1,773,787,775,-1,775,787,789,-1,775,789,777,-1,777,789,791,-1,777,791,779,-1,779,791,793,-1,779,793,780,-1,780,793,795,-1,780,795,1049,-1,1049,795,1055,-1,1049,1055,1050,-1,1050,1055,1056,-1,1050,1056,1051,-1,1051,1056,1057,-1,1051,1057,1052,-1,1052,1057,1058,-1,1052,1058,1053,-1,1053,1058,1059,-1,1053,1059,1054,-1,696,658,221,-1,221,658,659,-1,221,659,222,-1,222,659,660,-1,222,660,724,-1,724,660,661,-1,724,661,766,-1,766,661,678,-1,766,678,767,-1,767,678,680,-1,767,680,781,-1,781,680,852,-1,781,852,782,-1,782,852,853,-1,782,853,784,-1,784,853,854,-1,784,854,786,-1,786,854,855,-1,786,855,788,-1,788,855,856,-1,788,856,790,-1,790,856,857,-1,790,857,792,-1,792,857,858,-1,792,858,794,-1,794,858,859,-1,794,859,795,-1,795,859,860,-1,795,860,1055,-1,1055,860,992,-1,1055,992,1056,-1,1056,992,988,-1,1056,988,1057,-1,1057,988,983,-1,1057,983,1058,-1,1058,983,985,-1,1058,985,1059,-1,700,801,701,-1,701,801,796,-1,701,796,876,-1,876,796,798,-1,876,798,874,-1,874,798,842,-1,874,842,872,-1,872,842,837,-1,872,837,870,-1,870,837,836,-1,870,836,868,-1,868,836,878,-1,868,878,866,-1,866,878,877,-1,866,877,864,-1,864,877,940,-1,864,940,862,-1,862,940,939,-1,862,939,938,-1,938,939,1008,-1,938,1008,994,-1,994,1008,1007,-1,994,1007,993,-1,993,1007,1006,-1,993,1006,1060,-1,1060,1006,1004,-1,1060,1004,1061,-1,1061,1004,1002,-1,1061,1002,1062,-1,1062,1002,1000,-1,1062,1000,1063,-1,1063,1000,998,-1,1063,998,1064,-1,1064,998,996,-1,1064,996,1065,-1,1065,996,995,-1,1065,995,1066,-1,1066,995,1009,-1,1066,1009,1067,-1,1067,1009,1010,-1,1067,1010,1068,-1,1068,1010,1011,-1,1068,1011,1069,-1,1013,1070,1014,-1,1014,1070,1071,-1,1014,1071,1072,-1,1072,1071,1073,-1,1074,1073,1075,-1,1075,1073,1071,-1,1075,1071,1076,-1,1076,1071,1070,-1,1076,1070,1077,-1,1077,1070,1013,-1,1077,1013,1078,-1,1078,1013,977,-1,1078,977,1079,-1,1079,977,976,-1,1079,976,1080,-1,1027,1074,1025,-1,1025,1074,1075,-1,1025,1075,1023,-1,1023,1075,1076,-1,1023,1076,1021,-1,1021,1076,1077,-1,1021,1077,1019,-1,1019,1077,1078,-1,1019,1078,1017,-1,1017,1078,1079,-1,1017,1079,1015,-1,1015,1079,1080,-1,1015,1080,280,-1,283,282,917,-1,917,282,926,-1,917,926,1028,-1,1028,926,925,-1,1028,925,1029,-1,1029,925,982,-1,1029,982,1030,-1,1030,982,981,-1,1030,981,1031,-1,1031,981,980,-1,1031,980,1032,-1,1032,980,979,-1,1032,979,1033,-1,1033,979,1081,-1,1033,1081,1026,-1,1026,1081,1082,-1,1026,1082,1027,-1,42,237,238,-1,238,237,673,-1,238,673,937,-1,937,673,671,-1,937,671,936,-1,936,671,284,-1,936,284,935,-1,935,284,286,-1,935,286,934,-1,934,286,1083,-1,934,1083,933,-1,933,1083,1084,-1,933,1084,932,-1,932,1084,1085,-1,932,1085,931,-1,931,1085,1086,-1,931,1086,930,-1,930,1086,1087,-1,930,1087,929,-1,929,1087,1088,-1,929,1088,928,-1,928,1088,1089,-1,928,1089,927,-1,927,1089,1090,-1,927,1090,979,-1,979,1090,1091,-1,979,1091,1081,-1,1081,1091,1092,-1,1081,1092,1082,-1,46,652,675,-1,675,652,658,-1,675,658,674,-1,674,658,696,-1,674,696,672,-1,672,696,694,-1,672,694,670,-1,670,694,692,-1,670,692,285,-1,285,692,217,-1,285,217,286,-1,286,217,219,-1,286,219,1083,-1,1083,219,1034,-1,1083,1034,1084,-1,1084,1034,1036,-1,1084,1036,1085,-1,1085,1036,1038,-1,1085,1038,1086,-1,1086,1038,1040,-1,1086,1040,1087,-1,1087,1040,1042,-1,1087,1042,1088,-1,1088,1042,1044,-1,1088,1044,1089,-1,1089,1044,1046,-1,1089,1046,1090,-1,1090,1046,1048,-1,1090,1048,1091,-1,1091,1048,1093,-1,1091,1093,1092,-1,1094,203,1095,-1,1095,203,202,-1,1095,202,1096,-1,200,197,1097,-1,1097,197,199,-1,1097,199,1098,-1,1099,1100,1101,-1,1101,1102,1103,-1,1103,1102,1104,-1,1103,1104,1105,-1,1106,432,1107,-1,1107,432,430,-1,1107,430,1108,-1,1108,430,429,-1,1108,429,1109,-1,1110,1094,1111,-1,1111,1094,1095,-1,1111,1095,1112,-1,1112,1095,1096,-1,1112,1096,1113,-1,192,191,1114,-1,1114,191,1115,-1,1114,1115,1116,-1,1116,1115,1117,-1,1116,1117,1118,-1,1118,1117,1119,-1,1118,1119,195,-1,1120,1121,1122,-1,1101,1103,1099,-1,1099,1103,1105,-1,1099,1105,1123,-1,436,435,1124,-1,1125,1110,1126,-1,1126,1110,1111,-1,1126,1111,1127,-1,1127,1111,1112,-1,1127,1112,1128,-1,1128,1112,1113,-1,1128,1113,1129,-1,189,188,1130,-1,1130,188,1131,-1,1130,1131,1132,-1,1132,1131,1133,-1,1132,1133,1134,-1,1134,1133,1135,-1,1134,1135,1136,-1,1136,1135,194,-1,1136,194,1137,-1,1137,194,196,-1,1137,196,1138,-1,1139,276,1140,-1,1140,276,275,-1,1140,275,1141,-1,1141,1142,1140,-1,1140,1142,1143,-1,1140,1143,1139,-1,1139,1143,1144,-1,1141,1122,1142,-1,1142,1122,1121,-1,1142,1121,1143,-1,1143,1121,1145,-1,1143,1145,1144,-1,1104,1124,1105,-1,1105,1124,435,-1,1105,435,1123,-1,1123,435,434,-1,1123,434,1146,-1,439,438,1147,-1,433,1148,1149,-1,1149,1148,1150,-1,1149,1150,1151,-1,1151,1150,1152,-1,1151,1152,1153,-1,1154,1155,1156,-1,433,432,1148,-1,1148,432,1106,-1,1148,1106,1150,-1,1150,1106,1154,-1,1150,1154,1152,-1,1152,1154,1156,-1,1152,1156,1153,-1,1157,1158,1159,-1,1159,1158,1160,-1,1159,1160,1161,-1,1161,1160,1162,-1,1161,1162,1163,-1,1163,1162,1164,-1,1163,1164,1165,-1,1165,1164,1166,-1,1165,1166,1167,-1,1167,1166,1168,-1,1167,1168,1169,-1,1169,1168,1170,-1,1169,1170,1171,-1,1172,277,1173,-1,1173,277,276,-1,1173,276,1174,-1,1174,276,1139,-1,1174,1139,1175,-1,1175,1139,1144,-1,1175,1144,1176,-1,1176,1144,1145,-1,1176,1145,1177,-1,436,1147,434,-1,434,1147,438,-1,434,438,1146,-1,1146,438,437,-1,1146,437,1178,-1,442,441,1179,-1,1180,1125,1181,-1,1181,1125,1126,-1,1181,1126,1182,-1,1182,1126,1127,-1,1182,1127,1183,-1,1183,1127,1128,-1,1183,1128,1184,-1,1184,1128,1129,-1,1184,1129,1185,-1,186,185,1186,-1,1186,185,1187,-1,1186,1187,183,-1,439,1179,437,-1,437,1179,441,-1,437,441,1178,-1,1178,441,440,-1,1178,440,1188,-1,445,444,1189,-1,1190,1191,1192,-1,1192,1191,1193,-1,1192,1193,1194,-1,1194,1193,1195,-1,1194,1195,1196,-1,1197,1198,1199,-1,1200,1196,1199,-1,1199,1196,1195,-1,1199,1195,1197,-1,1197,1195,1193,-1,1197,1193,1155,-1,1155,1193,1191,-1,1155,1191,1156,-1,1156,1191,1190,-1,1156,1190,1153,-1,1201,1180,1202,-1,1202,1180,1181,-1,1202,1181,1203,-1,1203,1181,1182,-1,1203,1182,1204,-1,1204,1182,1183,-1,1204,1183,1205,-1,1205,1183,1184,-1,1205,1184,1206,-1,1206,1184,1185,-1,1206,1185,1207,-1,177,176,1208,-1,1208,176,1209,-1,1208,1209,1210,-1,1210,1209,182,-1,1210,182,1211,-1,1211,182,184,-1,1211,184,180,-1,1212,1213,1214,-1,1214,1213,1215,-1,1214,1215,1216,-1,442,1189,440,-1,440,1189,444,-1,440,444,1188,-1,1188,444,443,-1,1188,443,1217,-1,448,447,1218,-1,1219,1201,1220,-1,1220,1201,1202,-1,1220,1202,1221,-1,1221,1202,1203,-1,1221,1203,1222,-1,1222,1203,1204,-1,1222,1204,1223,-1,1223,1204,1205,-1,1223,1205,1224,-1,1224,1205,1206,-1,1224,1206,1225,-1,1225,1206,1207,-1,1225,1207,1226,-1,174,173,1227,-1,1227,173,1228,-1,1227,1228,1229,-1,1229,1228,1230,-1,1229,1230,1231,-1,1231,1230,1232,-1,1231,1232,1233,-1,1233,1232,179,-1,1233,179,1234,-1,1234,179,181,-1,1234,181,1235,-1,1236,1216,1237,-1,1237,1216,1215,-1,1237,1215,1238,-1,1238,1215,1213,-1,1238,1213,1239,-1,445,1218,443,-1,443,1218,447,-1,443,447,1217,-1,1217,447,446,-1,1217,446,1240,-1,1241,1242,1243,-1,1243,1242,1244,-1,1243,1244,1245,-1,1200,1246,1247,-1,1247,1246,1248,-1,1247,1248,1249,-1,1249,1248,1250,-1,1249,1250,1251,-1,1252,1253,1254,-1,1200,1199,1246,-1,1246,1199,1198,-1,1246,1198,1248,-1,1248,1198,1252,-1,1248,1252,1250,-1,1250,1252,1254,-1,1250,1254,1251,-1,1107,1219,1106,-1,1106,1219,1220,-1,1106,1220,1154,-1,1154,1220,1221,-1,1154,1221,1155,-1,1155,1221,1222,-1,1155,1222,1197,-1,1197,1222,1223,-1,1197,1223,1198,-1,1198,1223,1224,-1,1198,1224,1252,-1,1252,1224,1225,-1,1252,1225,1253,-1,1253,1225,1226,-1,1253,1226,1255,-1,1256,1257,1258,-1,1258,1257,1259,-1,1258,1259,1260,-1,1260,1259,1261,-1,1260,1261,1262,-1,1262,1261,1263,-1,1262,1263,1264,-1,1264,1263,1265,-1,1264,1265,1266,-1,1266,1265,1267,-1,1266,1267,1268,-1,1268,1267,1269,-1,1268,1269,1270,-1,448,1245,446,-1,446,1245,1244,-1,446,1244,1240,-1,1240,1244,1242,-1,1240,1242,1271,-1,1272,1273,1274,-1,1274,1273,1275,-1,1274,1275,1276,-1,1276,1275,1277,-1,1276,1277,1278,-1,1278,1277,1279,-1,1278,1279,1280,-1,1280,1279,1281,-1,1280,1281,1282,-1,1242,1283,1271,-1,1271,1283,1284,-1,1271,1284,1285,-1,1286,1287,1288,-1,1288,1287,1289,-1,1288,1289,1290,-1,1290,1289,1291,-1,1290,1291,1292,-1,198,197,204,-1,204,197,201,-1,204,201,202,-1,202,201,1293,-1,202,1293,1096,-1,1096,1293,1294,-1,1096,1294,1113,-1,1113,1294,1295,-1,1113,1295,1129,-1,1129,1295,1296,-1,1129,1296,1185,-1,1185,1296,1297,-1,1185,1297,1207,-1,1207,1297,1298,-1,1207,1298,1226,-1,1226,1298,1299,-1,1226,1299,1255,-1,1255,1299,1300,-1,1255,1300,1301,-1,1302,1292,1301,-1,1301,1292,1291,-1,1301,1291,1255,-1,1255,1291,1289,-1,1255,1289,1253,-1,1253,1289,1287,-1,1253,1287,1254,-1,1254,1287,1286,-1,1254,1286,1251,-1,1303,1300,1304,-1,1304,1300,1299,-1,1304,1299,1305,-1,1305,1299,1298,-1,1305,1298,1306,-1,1306,1298,1297,-1,1306,1297,1307,-1,1307,1297,1296,-1,1307,1296,1308,-1,1308,1296,1295,-1,1308,1295,1309,-1,1309,1295,1294,-1,1309,1294,1310,-1,1310,1294,1293,-1,1310,1293,193,-1,193,1293,201,-1,193,201,191,-1,191,201,200,-1,191,200,1115,-1,1115,200,1097,-1,1115,1097,1117,-1,1117,1097,1098,-1,1117,1098,1119,-1,1311,1272,1312,-1,1312,1272,1274,-1,1312,1274,1313,-1,1313,1274,1276,-1,1313,1276,1314,-1,1314,1276,1278,-1,1314,1278,1315,-1,1315,1278,1280,-1,1315,1280,1316,-1,1316,1280,1282,-1,1316,1282,1317,-1,1317,1318,1316,-1,1316,1318,1319,-1,1316,1319,1315,-1,1315,1319,1320,-1,1315,1320,1314,-1,1314,1320,1321,-1,1314,1321,1313,-1,1313,1321,1322,-1,1313,1322,1312,-1,1312,1322,1323,-1,1312,1323,1311,-1,1318,1324,1319,-1,1319,1324,1325,-1,1319,1325,1320,-1,1320,1325,1326,-1,1320,1326,1321,-1,1321,1326,1327,-1,1321,1327,1322,-1,1322,1327,1328,-1,1322,1328,1323,-1,1329,1330,1331,-1,1331,1330,1332,-1,1331,1332,1333,-1,1284,1334,1285,-1,1285,1334,1335,-1,1285,1335,1336,-1,1337,1338,1339,-1,1339,1338,1340,-1,1339,1340,1341,-1,1328,1337,1323,-1,1323,1337,1339,-1,1323,1339,1311,-1,1311,1339,1341,-1,1311,1341,1272,-1,1272,1341,1342,-1,1272,1342,1273,-1,1273,1342,1343,-1,1273,1343,1275,-1,1275,1343,1344,-1,1275,1344,1277,-1,1277,1344,1345,-1,1277,1345,1279,-1,1279,1345,1346,-1,1279,1346,1281,-1,450,1347,452,-1,452,1347,1348,-1,452,1348,454,-1,454,1348,1349,-1,454,1349,456,-1,1347,1329,1348,-1,1348,1329,1331,-1,1348,1331,1349,-1,1349,1331,1333,-1,1349,1333,456,-1,456,1333,1350,-1,456,1350,457,-1,1335,1351,1336,-1,1336,1351,1352,-1,1336,1352,1353,-1,1302,1354,1355,-1,1355,1354,1356,-1,1355,1356,1357,-1,1357,1356,1358,-1,1357,1358,1359,-1,195,194,1118,-1,1118,194,1135,-1,1118,1135,1116,-1,1116,1135,1133,-1,1116,1133,1114,-1,1114,1133,1131,-1,1114,1131,192,-1,192,1131,188,-1,192,188,193,-1,193,188,190,-1,193,190,1310,-1,1310,190,1360,-1,1310,1360,1309,-1,1309,1360,1361,-1,1309,1361,1308,-1,1308,1361,1362,-1,1308,1362,1307,-1,1307,1362,1363,-1,1307,1363,1306,-1,1306,1363,1364,-1,1306,1364,1305,-1,1305,1364,1365,-1,1305,1365,1304,-1,1304,1365,1366,-1,1304,1366,1303,-1,1303,1366,1367,-1,1303,1367,1368,-1,1302,1301,1354,-1,1354,1301,1300,-1,1354,1300,1356,-1,1356,1300,1303,-1,1356,1303,1358,-1,1358,1303,1368,-1,1358,1368,1359,-1,1369,1367,1370,-1,1370,1367,1366,-1,1370,1366,1371,-1,1371,1366,1365,-1,1371,1365,1372,-1,1372,1365,1364,-1,1372,1364,1373,-1,1373,1364,1363,-1,1373,1363,1374,-1,1374,1363,1362,-1,1374,1362,1375,-1,1375,1362,1361,-1,1375,1361,1376,-1,1376,1361,1360,-1,1376,1360,1171,-1,1171,1360,190,-1,1171,190,1169,-1,1169,190,189,-1,1169,189,1167,-1,1167,189,1130,-1,1167,1130,1165,-1,1165,1130,1132,-1,1165,1132,1163,-1,1163,1132,1134,-1,1163,1134,1161,-1,1161,1134,1136,-1,1161,1136,1159,-1,1159,1136,1137,-1,1159,1137,1157,-1,1157,1137,1138,-1,1346,1236,1281,-1,1281,1236,1237,-1,1281,1237,1282,-1,1282,1237,1238,-1,1282,1238,1317,-1,1317,1238,1239,-1,1317,1239,1318,-1,1318,1239,1377,-1,1318,1377,1324,-1,1324,1377,1378,-1,1324,1378,1325,-1,1325,1378,1379,-1,1325,1379,1326,-1,1326,1379,1380,-1,1326,1380,1327,-1,1327,1380,1381,-1,1327,1381,1328,-1,1328,1381,1382,-1,1328,1382,1337,-1,1337,1382,1383,-1,1337,1383,1338,-1,1338,1383,1384,-1,1338,1384,1340,-1,1340,1384,1385,-1,1386,449,1387,-1,1387,449,451,-1,1387,451,1388,-1,1388,451,453,-1,1388,453,1389,-1,1389,453,455,-1,1389,455,1390,-1,1390,455,457,-1,1390,457,1391,-1,1391,457,1350,-1,1391,1350,1392,-1,1352,1393,1353,-1,1353,1393,1394,-1,1353,1394,1395,-1,1396,1397,1398,-1,1399,1397,1400,-1,1400,1397,1396,-1,1400,1396,1401,-1,1402,1399,1403,-1,1403,1399,1400,-1,1403,1400,1404,-1,1404,1400,1401,-1,1404,1401,1405,-1,1406,1402,1385,-1,1385,1402,1403,-1,1385,1403,1340,-1,1340,1403,1404,-1,1340,1404,1341,-1,1341,1404,1405,-1,1341,1405,1342,-1,170,172,459,-1,459,172,1407,-1,459,1407,461,-1,461,1407,1408,-1,461,1408,463,-1,463,1408,1409,-1,463,1409,465,-1,465,1409,1410,-1,465,1410,467,-1,467,1410,1411,-1,467,1411,469,-1,171,1386,172,-1,172,1386,1387,-1,172,1387,1407,-1,1407,1387,1388,-1,1407,1388,1408,-1,1408,1388,1389,-1,1408,1389,1409,-1,1409,1389,1390,-1,1409,1390,1410,-1,1410,1390,1391,-1,1410,1391,1411,-1,1411,1391,1392,-1,1411,1392,469,-1,469,1392,1412,-1,469,1412,470,-1,1394,1413,1395,-1,1395,1413,1414,-1,1395,1414,1415,-1,1416,1417,1418,-1,1418,1417,1419,-1,1418,1419,1420,-1,1420,1419,1421,-1,1420,1421,1422,-1,1423,1422,1424,-1,1424,1422,1421,-1,1424,1421,1369,-1,1369,1421,1419,-1,1369,1419,1367,-1,1367,1419,1417,-1,1367,1417,1368,-1,1368,1417,1416,-1,1368,1416,1359,-1,183,182,1186,-1,1186,182,1209,-1,1186,1209,186,-1,186,1209,176,-1,186,176,187,-1,187,176,178,-1,187,178,1425,-1,1425,178,1426,-1,1425,1426,1427,-1,1427,1426,1428,-1,1427,1428,1429,-1,1429,1428,1430,-1,1429,1430,1431,-1,1431,1430,1432,-1,1431,1432,1433,-1,1433,1432,1434,-1,1433,1434,1435,-1,1435,1434,1436,-1,1435,1436,1437,-1,1437,1436,1438,-1,1437,1438,1439,-1,180,179,1211,-1,1211,179,1232,-1,1211,1232,1210,-1,1210,1232,1230,-1,1210,1230,1208,-1,1208,1230,1228,-1,1208,1228,177,-1,177,1228,173,-1,177,173,178,-1,178,173,175,-1,178,175,1426,-1,1426,175,1440,-1,1426,1440,1428,-1,1428,1440,1441,-1,1428,1441,1430,-1,1430,1441,1442,-1,1430,1442,1432,-1,1432,1442,1443,-1,1432,1443,1434,-1,1434,1443,1444,-1,1434,1444,1436,-1,1436,1444,1445,-1,1436,1445,1438,-1,1235,1256,1234,-1,1234,1256,1258,-1,1234,1258,1233,-1,1233,1258,1260,-1,1233,1260,1231,-1,1231,1260,1262,-1,1231,1262,1229,-1,1229,1262,1264,-1,1229,1264,1227,-1,1227,1264,1266,-1,1227,1266,174,-1,174,1266,1268,-1,174,1268,175,-1,175,1268,1270,-1,175,1270,1440,-1,1440,1270,1446,-1,1440,1446,1441,-1,1441,1446,1447,-1,1441,1447,1442,-1,1442,1447,1448,-1,1442,1448,1443,-1,1443,1448,1449,-1,1443,1449,1444,-1,1444,1449,1450,-1,1444,1450,1445,-1,1187,1172,183,-1,183,1172,1173,-1,183,1173,184,-1,184,1173,1174,-1,184,1174,180,-1,180,1174,1175,-1,180,1175,181,-1,181,1175,1176,-1,181,1176,1235,-1,1235,1176,1177,-1,1235,1177,1256,-1,1256,1177,1212,-1,1256,1212,1257,-1,1257,1212,1214,-1,1257,1214,1259,-1,1259,1214,1216,-1,1259,1216,1261,-1,1261,1216,1236,-1,1261,1236,1263,-1,1263,1236,1346,-1,1263,1346,1265,-1,1265,1346,1345,-1,1265,1345,1267,-1,1267,1345,1344,-1,1267,1344,1269,-1,1269,1344,1343,-1,1269,1343,1270,-1,1270,1343,1342,-1,1270,1342,1446,-1,1446,1342,1405,-1,1446,1405,1447,-1,1447,1405,1401,-1,1447,1401,1448,-1,1448,1401,1396,-1,1448,1396,1449,-1,1449,1396,1398,-1,1449,1398,1450,-1,1377,1332,1378,-1,1378,1332,1330,-1,1378,1330,1379,-1,1379,1330,1329,-1,1379,1329,1380,-1,1380,1329,1347,-1,1380,1347,1381,-1,1381,1347,450,-1,1381,450,1382,-1,1382,450,449,-1,1382,449,1383,-1,1383,449,1386,-1,1383,1386,1384,-1,1384,1386,171,-1,1384,171,1385,-1,1385,171,170,-1,1385,170,1406,-1,1406,170,458,-1,1406,458,1451,-1,1451,458,460,-1,1451,460,1452,-1,1452,460,462,-1,1452,462,1453,-1,1453,462,464,-1,1453,464,1454,-1,1454,464,466,-1,1454,466,1455,-1,1455,466,468,-1,1455,468,1456,-1,1456,468,470,-1,1456,470,1457,-1,1457,470,1412,-1,1457,1412,1458,-1,1414,1459,1415,-1,1415,1459,1460,-1,1415,1460,1461,-1,1102,1462,1104,-1,1104,1462,1463,-1,1104,1463,1124,-1,1124,1463,1464,-1,1124,1464,436,-1,436,1464,1465,-1,436,1465,1147,-1,1147,1465,1466,-1,1147,1466,439,-1,439,1466,1467,-1,439,1467,1179,-1,1179,1467,1468,-1,1179,1468,442,-1,442,1468,1469,-1,442,1469,1189,-1,1189,1469,1470,-1,1189,1470,445,-1,445,1470,1471,-1,445,1471,1218,-1,1218,1471,1472,-1,1218,1472,448,-1,448,1472,1473,-1,448,1473,1245,-1,1245,1473,1474,-1,1245,1474,1243,-1,1243,1474,1475,-1,1243,1475,1241,-1,1241,1475,1476,-1,1241,1476,1477,-1,1477,1476,1478,-1,1477,1478,1479,-1,1479,1478,1480,-1,1479,1480,1481,-1,1481,1480,1482,-1,1481,1482,1483,-1,1483,1482,1484,-1,1483,1484,1485,-1,1485,1484,1486,-1,1485,1486,1487,-1,1487,1486,1488,-1,1487,1488,1489,-1,1489,1488,1490,-1,1489,1490,1491,-1,1491,1490,1492,-1,1491,1492,1493,-1,1493,1492,1494,-1,1493,1494,1495,-1,1495,1494,1496,-1,1495,1496,1497,-1,1497,1496,1498,-1,1497,1498,1499,-1,1499,1498,1500,-1,1499,1500,1501,-1,1501,1500,1502,-1,1462,1503,1463,-1,1463,1503,1504,-1,1463,1504,1464,-1,1464,1504,1505,-1,1464,1505,1465,-1,1465,1505,1506,-1,1465,1506,1466,-1,1466,1506,1507,-1,1466,1507,1467,-1,1467,1507,1508,-1,1467,1508,1468,-1,1468,1508,1509,-1,1468,1509,1469,-1,1469,1509,1510,-1,1469,1510,1470,-1,1470,1510,1511,-1,1470,1511,1471,-1,1471,1511,1512,-1,1471,1512,1472,-1,1472,1512,1513,-1,1472,1513,1473,-1,1473,1513,1514,-1,1473,1514,1474,-1,1474,1514,1515,-1,1474,1515,1475,-1,1475,1515,1516,-1,1475,1516,1476,-1,1476,1516,1517,-1,1476,1517,1478,-1,1478,1517,1518,-1,1478,1518,1480,-1,1480,1518,1519,-1,1480,1519,1482,-1,1482,1519,1520,-1,1482,1520,1484,-1,1484,1520,1521,-1,1484,1521,1486,-1,1486,1521,1522,-1,1486,1522,1488,-1,1488,1522,1523,-1,1488,1523,1490,-1,1490,1523,1524,-1,1490,1524,1492,-1,1492,1524,1525,-1,1492,1525,1494,-1,1494,1525,1526,-1,1494,1526,1496,-1,1496,1526,1527,-1,1496,1527,1498,-1,1498,1527,1528,-1,1498,1528,1500,-1,1500,1528,1529,-1,1500,1529,1502,-1,1502,1529,1530,-1,1503,1531,1504,-1,1504,1531,1532,-1,1504,1532,1505,-1,1505,1532,1533,-1,1505,1533,1506,-1,1506,1533,1534,-1,1506,1534,1507,-1,1507,1534,1535,-1,1507,1535,1508,-1,1508,1535,1536,-1,1508,1536,1509,-1,1509,1536,1537,-1,1509,1537,1510,-1,1510,1537,1538,-1,1510,1538,1511,-1,1511,1538,1539,-1,1511,1539,1512,-1,1512,1539,1540,-1,1512,1540,1513,-1,1513,1540,1541,-1,1513,1541,1514,-1,1514,1541,1542,-1,1514,1542,1515,-1,1515,1542,1543,-1,1515,1543,1516,-1,1516,1543,1544,-1,1516,1544,1517,-1,1517,1544,1545,-1,1517,1545,1518,-1,1518,1545,1546,-1,1518,1546,1519,-1,1519,1546,1547,-1,1519,1547,1520,-1,1520,1547,1548,-1,1520,1548,1521,-1,1521,1548,1549,-1,1521,1549,1522,-1,1522,1549,1550,-1,1522,1550,1523,-1,1523,1550,1551,-1,1523,1551,1524,-1,1524,1551,1552,-1,1524,1552,1525,-1,1525,1552,1553,-1,1525,1553,1526,-1,1526,1553,1554,-1,1526,1554,1527,-1,1527,1554,1555,-1,1527,1555,1528,-1,1528,1555,1556,-1,1528,1556,1529,-1,1529,1556,1557,-1,1529,1557,1530,-1,1530,1557,1558,-1,1531,1109,1532,-1,1532,1109,429,-1,1532,429,1533,-1,1533,429,431,-1,1533,431,1534,-1,1534,431,433,-1,1534,433,1535,-1,1535,433,1149,-1,1535,1149,1536,-1,1536,1149,1151,-1,1536,1151,1537,-1,1537,1151,1153,-1,1537,1153,1538,-1,1538,1153,1190,-1,1538,1190,1539,-1,1539,1190,1192,-1,1539,1192,1540,-1,1540,1192,1194,-1,1540,1194,1541,-1,1541,1194,1196,-1,1541,1196,1542,-1,1542,1196,1200,-1,1542,1200,1543,-1,1543,1200,1247,-1,1543,1247,1544,-1,1544,1247,1249,-1,1544,1249,1545,-1,1545,1249,1251,-1,1545,1251,1546,-1,1546,1251,1286,-1,1546,1286,1547,-1,1547,1286,1288,-1,1547,1288,1548,-1,1548,1288,1290,-1,1548,1290,1549,-1,1549,1290,1292,-1,1549,1292,1550,-1,1550,1292,1302,-1,1550,1302,1551,-1,1551,1302,1355,-1,1551,1355,1552,-1,1552,1355,1357,-1,1552,1357,1553,-1,1553,1357,1359,-1,1553,1359,1554,-1,1554,1359,1416,-1,1554,1416,1555,-1,1555,1416,1418,-1,1555,1418,1556,-1,1556,1418,1420,-1,1556,1420,1557,-1,1557,1420,1422,-1,1557,1422,1558,-1,1558,1422,1423,-1,34,241,228,-1,228,241,818,-1,228,818,226,-1,226,818,816,-1,226,816,669,-1,669,816,814,-1,669,814,690,-1,690,814,812,-1,690,812,210,-1,210,812,810,-1,210,810,208,-1,208,810,808,-1,208,808,975,-1,975,808,281,-1,975,281,974,-1,974,281,283,-1,974,283,973,-1,973,283,278,-1,973,278,972,-1,972,278,280,-1,972,280,971,-1,971,280,1080,-1,971,1080,970,-1,970,1080,976,-1,970,976,969,-1,969,976,978,-1,969,978,968,-1,968,978,1012,-1,968,1012,1559,-1,1559,1012,1014,-1,1559,1014,1100,-1,1100,1014,1072,-1,1100,1072,1101,-1,1101,1072,1073,-1,1101,1073,1102,-1,1102,1073,1074,-1,1102,1074,1462,-1,1462,1074,1027,-1,1462,1027,1503,-1,1503,1027,1082,-1,1503,1082,1531,-1,1531,1082,1092,-1,1531,1092,1109,-1,1109,1092,1093,-1,1109,1093,1108,-1,1108,1093,1048,-1,1108,1048,1107,-1,1107,1048,1047,-1,1107,1047,1219,-1,1219,1047,1054,-1,1219,1054,1201,-1,1201,1054,1059,-1,1201,1059,1180,-1,1180,1059,985,-1,1180,985,1125,-1,1125,985,984,-1,1125,984,1110,-1,1110,984,986,-1,1110,986,1094,-1,1094,986,989,-1,1094,989,203,-1,203,989,993,-1,203,993,204,-1,204,993,1060,-1,204,1060,198,-1,198,1060,1061,-1,198,1061,199,-1,199,1061,1062,-1,199,1062,1098,-1,1098,1062,1063,-1,1098,1063,1119,-1,1119,1063,1064,-1,1119,1064,195,-1,195,1064,1065,-1,195,1065,196,-1,196,1065,1066,-1,196,1066,1138,-1,1138,1066,1067,-1,1138,1067,1157,-1,1157,1067,1120,-1,1157,1120,1158,-1,1158,1120,1122,-1,1158,1122,1160,-1,1160,1122,1141,-1,1160,1141,1162,-1,1162,1141,275,-1,1162,275,1164,-1,1164,275,277,-1,1164,277,1166,-1,1166,277,1172,-1,1166,1172,1168,-1,1168,1172,1187,-1,1168,1187,1170,-1,1170,1187,185,-1,1170,185,1171,-1,1171,185,187,-1,1171,187,1376,-1,1376,187,1425,-1,1376,1425,1375,-1,1375,1425,1427,-1,1375,1427,1374,-1,1374,1427,1429,-1,1374,1429,1373,-1,1373,1429,1431,-1,1373,1431,1372,-1,1372,1431,1433,-1,1372,1433,1371,-1,1371,1433,1435,-1,1371,1435,1370,-1,1370,1435,1437,-1,1370,1437,1369,-1,1369,1437,1439,-1,1369,1439,1424,-1,1424,1439,1560,-1,1424,1560,1423,-1,1561,1562,1563,-1,1563,1562,1564,-1,1563,1564,1565,-1,1565,1564,1566,-1,1565,1566,1567,-1,1567,1566,1568,-1,1567,1568,1569,-1,1569,1568,1570,-1,1569,1570,1571,-1,1571,1570,1572,-1,1571,1572,1573,-1,1574,1575,1576,-1,1576,1575,1577,-1,1576,1577,1578,-1,1578,1577,1579,-1,1578,1579,1580,-1,1580,1579,1581,-1,1580,1581,1582,-1,1582,1581,1583,-1,1582,1583,1584,-1,1585,1586,1587,-1,1585,1587,1588,-1,1589,1590,1591,-1,1591,1590,1573,-1,1591,1573,1458,-1,1458,1573,1572,-1,1458,1572,1457,-1,1457,1572,1570,-1,1457,1570,1456,-1,1456,1570,1568,-1,1456,1568,1455,-1,1455,1568,1566,-1,1455,1566,1454,-1,1454,1566,1564,-1,1454,1564,1453,-1,1453,1564,1562,-1,1453,1562,1452,-1,1452,1562,1561,-1,1452,1561,1451,-1,1451,1561,1592,-1,1451,1592,1406,-1,1406,1592,1593,-1,1406,1593,1402,-1,1402,1593,1594,-1,1402,1594,1399,-1,1399,1594,1595,-1,1399,1595,1397,-1,1397,1595,1596,-1,1397,1596,1398,-1,1398,1596,1597,-1,1398,1597,1450,-1,1450,1597,1598,-1,1450,1598,1445,-1,1445,1598,1599,-1,1445,1599,1438,-1,1438,1599,1600,-1,1438,1600,1439,-1,1439,1600,1574,-1,1439,1574,1560,-1,1560,1574,1576,-1,1560,1576,1423,-1,1423,1576,1578,-1,1423,1578,1558,-1,1558,1578,1580,-1,1558,1580,1530,-1,1530,1580,1582,-1,1530,1582,1502,-1,1502,1582,1584,-1,1502,1584,1501,-1,1601,1602,1603,-1,1603,1602,1604,-1,1603,1604,1605,-1,1605,1604,1606,-1,1605,1606,1607,-1,1607,1606,1608,-1,1607,1608,1609,-1,1609,1608,1610,-1,1609,1610,1611,-1,1611,1610,1612,-1,1611,1612,1613,-1,1613,1612,1614,-1,1613,1614,1615,-1,1460,1616,1461,-1,1461,1616,1617,-1,1461,1617,1618,-1,1618,1617,1615,-1,1618,1615,1619,-1,1619,1615,1614,-1,1619,1614,1620,-1,1620,1614,1612,-1,1620,1612,1621,-1,1621,1612,1610,-1,1621,1610,1622,-1,1622,1610,1608,-1,1622,1608,1623,-1,1623,1608,1606,-1,1623,1606,1624,-1,1624,1606,1604,-1,1624,1604,1625,-1,1625,1604,1602,-1,1625,1602,1626,-1,1626,1602,1601,-1,1626,1601,1627,-1,1587,1628,1588,-1,1588,1628,1629,-1,1588,1629,1630,-1,1631,1632,1589,-1,1589,1632,1633,-1,1589,1633,1590,-1,1629,1634,1630,-1,1630,1634,1635,-1,1630,1635,1636,-1,1637,1638,1631,-1,1631,1638,1639,-1,1631,1639,1632,-1,1640,1641,1642,-1,1642,1641,1643,-1,1642,1643,472,-1,472,471,1642,-1,1642,471,1644,-1,1642,1644,1640,-1,1635,1645,1636,-1,1636,1645,1646,-1,1636,1646,1647,-1,1648,1649,1637,-1,1637,1649,1650,-1,1637,1650,1638,-1,1651,1640,1652,-1,1652,1640,1644,-1,1652,1644,1653,-1,1653,1644,471,-1,1653,471,1654,-1,1654,471,473,-1,1654,473,475,-1,475,474,1654,-1,1654,474,1655,-1,1654,1655,1653,-1,1653,1655,1656,-1,1653,1656,1652,-1,1652,1656,1657,-1,1652,1657,1651,-1,1646,1658,1647,-1,1647,1658,1659,-1,1647,1659,1660,-1,1661,1662,1648,-1,1648,1662,1663,-1,1648,1663,1649,-1,1664,1651,1665,-1,1665,1651,1657,-1,1665,1657,1666,-1,1666,1657,1656,-1,1666,1656,1667,-1,1667,1656,1655,-1,1667,1655,1668,-1,1668,1655,474,-1,1668,474,1669,-1,1669,474,476,-1,1669,476,1670,-1,1671,1672,1673,-1,1673,1672,1674,-1,1673,1674,1675,-1,1675,1674,1676,-1,1675,1676,1677,-1,1677,1676,1678,-1,1677,1678,1679,-1,1679,1678,1680,-1,1679,1680,1681,-1,1681,1680,1682,-1,1681,1682,1683,-1,1683,1682,1684,-1,1685,1671,1686,-1,1686,1671,1673,-1,1686,1673,1687,-1,1687,1673,1675,-1,1687,1675,1688,-1,1688,1675,1677,-1,1688,1677,1689,-1,1689,1677,1679,-1,1689,1679,1690,-1,1690,1679,1681,-1,1690,1681,1691,-1,1691,1681,1683,-1,1692,1693,1694,-1,1695,1696,1697,-1,1697,1696,1692,-1,1697,1692,1698,-1,1698,1692,1694,-1,1659,1699,1660,-1,1660,1699,1700,-1,1660,1700,1701,-1,1702,1703,1661,-1,1661,1703,1704,-1,1661,1704,1662,-1,1685,1705,1671,-1,1671,1705,1664,-1,1671,1664,1672,-1,1672,1664,1665,-1,1672,1665,1674,-1,1674,1665,1666,-1,1674,1666,1676,-1,1676,1666,1667,-1,1676,1667,1678,-1,1678,1667,1668,-1,1678,1668,1680,-1,1680,1668,1669,-1,1680,1669,1682,-1,1682,1669,1670,-1,1682,1670,1684,-1,1700,1706,1701,-1,1701,1706,1707,-1,1701,1707,1708,-1,1709,1710,1702,-1,1702,1710,1711,-1,1702,1711,1703,-1,1712,1705,1713,-1,1713,1705,1685,-1,1713,1685,1714,-1,1714,1685,1686,-1,1714,1686,1715,-1,1715,1686,1687,-1,1715,1687,1716,-1,1716,1687,1688,-1,1716,1688,1717,-1,1717,1688,1689,-1,1717,1689,1718,-1,1718,1689,1690,-1,1718,1690,1719,-1,1719,1690,1691,-1,1719,1691,1720,-1,1720,1691,1683,-1,1720,1683,1627,-1,1627,1683,1684,-1,1627,1684,1626,-1,1626,1684,1670,-1,1626,1670,1625,-1,1625,1670,476,-1,1625,476,1624,-1,1624,476,475,-1,1624,475,1623,-1,1623,475,473,-1,1623,473,1622,-1,1622,473,472,-1,1622,472,1621,-1,1621,472,1643,-1,1621,1643,1620,-1,1620,1643,1641,-1,1620,1641,1619,-1,169,168,1721,-1,168,1722,1721,-1,1721,1722,1723,-1,1721,1723,1693,-1,1693,1723,1724,-1,1693,1724,1694,-1,1707,1725,1708,-1,1708,1725,1726,-1,1708,1726,1727,-1,1728,1729,1709,-1,1709,1729,1730,-1,1709,1730,1710,-1,1731,1732,1733,-1,1733,1732,1734,-1,1733,1734,1735,-1,1735,1734,1736,-1,1735,1736,1737,-1,1738,1731,1739,-1,1739,1731,1733,-1,1739,1733,1740,-1,1740,1733,1735,-1,1740,1735,1741,-1,1741,1735,1737,-1,1741,1737,1742,-1,1743,1738,1744,-1,1744,1738,1739,-1,1744,1739,1745,-1,1745,1739,1740,-1,1745,1740,1746,-1,1746,1740,1741,-1,1746,1741,1747,-1,1747,1741,1742,-1,1747,1742,1748,-1,1749,1743,1750,-1,1750,1743,1744,-1,1750,1744,1751,-1,1751,1744,1745,-1,1751,1745,1752,-1,1752,1745,1746,-1,1752,1746,1753,-1,1753,1746,1747,-1,1753,1747,1754,-1,1754,1747,1748,-1,1754,1748,1755,-1,1756,1749,1757,-1,1757,1749,1750,-1,1757,1750,1758,-1,1758,1750,1751,-1,1758,1751,1759,-1,1759,1751,1752,-1,1759,1752,1760,-1,1760,1752,1753,-1,1760,1753,1761,-1,1761,1753,1754,-1,1761,1754,1762,-1,1762,1754,1755,-1,1762,1755,1763,-1,167,1756,168,-1,168,1756,1757,-1,168,1757,1722,-1,1722,1757,1758,-1,1722,1758,1723,-1,1723,1758,1759,-1,1723,1759,1724,-1,1724,1759,1760,-1,1724,1760,1694,-1,1694,1760,1761,-1,1694,1761,1698,-1,1698,1761,1762,-1,1698,1762,1697,-1,1697,1762,1763,-1,1697,1763,1695,-1,1720,1696,1719,-1,1719,1696,1695,-1,1719,1695,1718,-1,1718,1695,1763,-1,1718,1763,1717,-1,1717,1763,1755,-1,1717,1755,1716,-1,1716,1755,1748,-1,1716,1748,1715,-1,1715,1748,1742,-1,1715,1742,1714,-1,1714,1742,1737,-1,1714,1737,1713,-1,1713,1737,1736,-1,1713,1736,1712,-1,1712,1736,1734,-1,1712,1734,1764,-1,1764,1734,1732,-1,1764,1732,1765,-1,1765,1732,1731,-1,1765,1731,1766,-1,1766,1731,1738,-1,1766,1738,1767,-1,1767,1738,1743,-1,1767,1743,1768,-1,1768,1743,1749,-1,1768,1749,1769,-1,1769,1749,1756,-1,1769,1756,1770,-1,1770,1756,167,-1,1770,167,1771,-1,1771,167,169,-1,1771,169,1772,-1,1726,1773,1727,-1,1727,1773,1774,-1,1727,1774,1775,-1,1776,1777,1728,-1,1728,1777,1778,-1,1728,1778,1729,-1,1774,1779,1775,-1,1775,1779,1780,-1,1775,1780,1781,-1,1782,1783,1776,-1,1776,1783,1784,-1,1776,1784,1777,-1,1785,1786,1787,-1,1787,1786,1788,-1,1787,1788,478,-1,478,477,1787,-1,1787,477,1789,-1,1787,1789,1785,-1,1780,1790,1781,-1,1781,1790,1791,-1,1781,1791,1792,-1,1793,1794,1782,-1,1782,1794,1795,-1,1782,1795,1783,-1,1796,1785,1797,-1,1797,1785,1789,-1,1797,1789,1798,-1,1798,1789,477,-1,1798,477,1799,-1,1799,477,479,-1,1799,479,481,-1,481,480,1799,-1,1799,480,1800,-1,1799,1800,1798,-1,1798,1800,1801,-1,1798,1801,1797,-1,1797,1801,1802,-1,1797,1802,1796,-1,1803,1804,1805,-1,1805,1804,1806,-1,1805,1806,1807,-1,1808,1807,1809,-1,1809,1807,1806,-1,1809,1806,1810,-1,1810,1806,1804,-1,1810,1804,1811,-1,1791,1812,1792,-1,1792,1812,1813,-1,1792,1813,1814,-1,1815,1816,1793,-1,1793,1816,1817,-1,1793,1817,1794,-1,1818,1796,1819,-1,1819,1796,1802,-1,1819,1802,1820,-1,1820,1802,1801,-1,1820,1801,1821,-1,1821,1801,1800,-1,1821,1800,1822,-1,1822,1800,480,-1,1822,480,1823,-1,1823,480,482,-1,1823,482,1824,-1,1825,1826,1827,-1,1827,1826,1828,-1,1827,1828,1829,-1,1829,1828,1830,-1,1829,1830,1831,-1,1831,1830,1832,-1,1831,1832,1833,-1,1833,1832,1834,-1,1833,1834,1835,-1,1835,1834,1836,-1,1835,1836,1837,-1,1837,1836,1838,-1,1839,1825,1840,-1,1840,1825,1827,-1,1840,1827,1841,-1,1841,1827,1829,-1,1841,1829,1842,-1,1842,1829,1831,-1,1842,1831,1843,-1,1843,1831,1833,-1,1843,1833,1844,-1,1844,1833,1835,-1,1844,1835,1845,-1,1845,1835,1837,-1,1811,1846,1810,-1,1810,1846,1847,-1,1810,1847,1809,-1,1809,1847,1848,-1,1809,1848,1808,-1,1808,1848,1849,-1,1850,1849,1851,-1,1851,1849,1848,-1,1851,1848,1852,-1,1852,1848,1847,-1,1852,1847,1853,-1,1853,1847,1846,-1,1853,1846,1854,-1,1854,1846,1811,-1,1854,1811,1855,-1,1813,1856,1814,-1,1814,1856,1857,-1,1814,1857,1858,-1,1859,1860,1861,-1,1861,1860,1862,-1,1861,1862,1863,-1,1863,1862,1864,-1,1863,1864,1865,-1,1865,1864,1866,-1,1865,1866,1867,-1,1867,1866,1868,-1,1867,1868,1869,-1,1869,1868,1870,-1,1869,1870,1871,-1,1871,1870,1872,-1,1871,1872,1873,-1,1873,1872,1874,-1,1873,1874,1875,-1,1875,1874,1876,-1,1875,1876,1877,-1,1877,1876,1878,-1,1877,1878,1879,-1,1879,1878,1880,-1,1879,1880,1881,-1,1881,1880,1882,-1,1881,1882,1883,-1,1883,1882,1884,-1,1883,1884,1885,-1,1885,1884,1886,-1,1885,1886,1887,-1,1887,1886,1888,-1,1887,1888,1889,-1,1889,1888,1890,-1,1889,1890,1891,-1,1891,1890,1892,-1,1891,1892,1893,-1,1893,1892,1894,-1,1893,1894,1895,-1,1895,1894,1896,-1,1895,1896,1897,-1,1897,1896,1898,-1,1897,1898,1899,-1,1899,1898,1900,-1,1899,1900,1901,-1,1901,1900,1902,-1,1901,1902,1903,-1,1903,1902,1904,-1,1903,1904,1905,-1,1905,1904,1906,-1,1905,1906,1907,-1,1907,1906,1908,-1,1907,1908,1909,-1,1909,1908,1910,-1,1909,1910,1911,-1,1911,1910,1912,-1,1911,1912,1913,-1,1914,1915,1815,-1,1815,1915,1916,-1,1815,1916,1816,-1,1839,1917,1825,-1,1825,1917,1818,-1,1825,1818,1826,-1,1826,1818,1819,-1,1826,1819,1828,-1,1828,1819,1820,-1,1828,1820,1830,-1,1830,1820,1821,-1,1830,1821,1832,-1,1832,1821,1822,-1,1832,1822,1834,-1,1834,1822,1823,-1,1834,1823,1836,-1,1836,1823,1824,-1,1836,1824,1838,-1,1855,1918,1854,-1,1854,1918,1919,-1,1854,1919,1853,-1,1853,1919,1920,-1,1853,1920,1852,-1,1852,1920,1921,-1,1852,1921,1851,-1,1851,1921,1922,-1,1851,1922,1850,-1,1850,1922,1923,-1,1924,1923,1925,-1,1925,1923,1922,-1,1925,1922,1926,-1,1926,1922,1921,-1,1926,1921,1927,-1,1927,1921,1920,-1,1927,1920,1928,-1,1928,1920,1919,-1,1928,1919,1929,-1,1929,1919,1918,-1,1929,1918,1930,-1,1930,1918,1855,-1,1930,1855,1931,-1,1857,1932,1858,-1,1858,1932,1933,-1,1858,1933,1934,-1,1935,1936,1937,-1,1937,1936,1938,-1,1937,1938,1939,-1,1939,1938,1940,-1,1939,1940,1941,-1,1941,1940,1942,-1,1941,1942,1943,-1,1943,1942,1944,-1,1943,1944,1945,-1,1945,1944,1946,-1,1945,1946,1947,-1,1947,1946,1948,-1,1947,1948,1949,-1,1949,1948,1950,-1,1949,1950,1951,-1,1951,1950,1952,-1,1951,1952,1953,-1,1953,1952,1954,-1,1953,1954,1955,-1,1955,1954,1956,-1,1955,1956,1957,-1,1957,1956,1958,-1,1957,1958,1959,-1,1959,1958,1960,-1,1959,1960,1961,-1,1961,1960,1962,-1,1961,1962,1963,-1,1963,1962,1964,-1,1963,1964,1965,-1,1965,1964,1966,-1,1965,1966,1967,-1,1967,1966,1968,-1,1967,1968,1969,-1,1969,1968,1970,-1,1969,1970,1971,-1,1971,1970,1972,-1,1971,1972,1973,-1,1973,1972,1974,-1,1973,1974,1975,-1,1975,1974,1976,-1,1975,1976,1977,-1,1977,1976,1978,-1,1977,1978,1979,-1,1979,1978,1980,-1,1979,1980,1981,-1,1981,1980,1982,-1,1981,1982,1983,-1,1983,1982,1984,-1,1983,1984,1985,-1,1985,1984,1986,-1,1985,1986,1987,-1,1987,1986,1988,-1,1987,1988,1989,-1,1989,1988,1990,-1,1989,1990,1991,-1,1991,1990,1992,-1,1991,1992,1993,-1,1936,1859,1938,-1,1938,1859,1861,-1,1938,1861,1940,-1,1940,1861,1863,-1,1940,1863,1942,-1,1942,1863,1865,-1,1942,1865,1944,-1,1944,1865,1867,-1,1944,1867,1946,-1,1946,1867,1869,-1,1946,1869,1948,-1,1948,1869,1871,-1,1948,1871,1950,-1,1950,1871,1873,-1,1950,1873,1952,-1,1952,1873,1875,-1,1952,1875,1954,-1,1954,1875,1877,-1,1954,1877,1956,-1,1956,1877,1879,-1,1956,1879,1958,-1,1958,1879,1881,-1,1958,1881,1960,-1,1960,1881,1883,-1,1960,1883,1962,-1,1962,1883,1885,-1,1962,1885,1964,-1,1964,1885,1887,-1,1964,1887,1966,-1,1966,1887,1889,-1,1966,1889,1968,-1,1968,1889,1891,-1,1968,1891,1970,-1,1970,1891,1893,-1,1970,1893,1972,-1,1972,1893,1895,-1,1972,1895,1974,-1,1974,1895,1897,-1,1974,1897,1976,-1,1976,1897,1899,-1,1976,1899,1978,-1,1978,1899,1901,-1,1978,1901,1980,-1,1980,1901,1903,-1,1980,1903,1982,-1,1982,1903,1905,-1,1982,1905,1984,-1,1984,1905,1907,-1,1984,1907,1986,-1,1986,1907,1909,-1,1986,1909,1988,-1,1988,1909,1911,-1,1988,1911,1990,-1,1990,1911,1913,-1,1990,1913,1992,-1,1994,1995,1914,-1,1914,1995,1996,-1,1914,1996,1915,-1,1997,1917,1924,-1,1924,1917,1839,-1,1924,1839,1923,-1,1923,1839,1840,-1,1923,1840,1850,-1,1850,1840,1841,-1,1850,1841,1849,-1,1849,1841,1842,-1,1849,1842,1808,-1,1808,1842,1843,-1,1808,1843,1807,-1,1807,1843,1844,-1,1807,1844,1805,-1,1805,1844,1845,-1,1805,1845,1803,-1,1803,1845,1837,-1,1803,1837,1772,-1,1772,1837,1838,-1,1772,1838,1771,-1,1771,1838,1824,-1,1771,1824,1770,-1,1770,1824,482,-1,1770,482,1769,-1,1769,482,481,-1,1769,481,1768,-1,1768,481,479,-1,1768,479,1767,-1,1767,479,478,-1,1767,478,1766,-1,1766,478,1788,-1,1766,1788,1765,-1,1765,1788,1786,-1,1765,1786,1764,-1,1933,1998,1934,-1,1934,1998,1999,-1,1934,1999,2000,-1,2000,1999,2001,-1,2000,2001,2002,-1,2003,1935,2004,-1,2004,1935,1937,-1,2004,1937,2005,-1,2005,1937,1939,-1,2005,1939,2006,-1,2006,1939,1941,-1,2006,1941,2007,-1,2007,1941,1943,-1,2007,1943,2008,-1,2008,1943,1945,-1,2008,1945,2009,-1,2009,1945,1947,-1,2009,1947,2010,-1,2010,1947,1949,-1,2010,1949,2011,-1,2011,1949,1951,-1,2011,1951,2012,-1,2012,1951,1953,-1,2012,1953,2013,-1,2013,1953,1955,-1,2013,1955,2014,-1,2014,1955,1957,-1,2014,1957,2015,-1,2015,1957,1959,-1,2015,1959,2016,-1,2016,1959,1961,-1,2016,1961,2017,-1,2017,1961,1963,-1,2017,1963,2018,-1,2018,1963,1965,-1,2018,1965,2019,-1,2019,1965,1967,-1,2019,1967,2020,-1,2020,1967,1969,-1,2020,1969,2021,-1,2021,1969,1971,-1,2021,1971,2022,-1,2022,1971,1973,-1,2022,1973,2023,-1,2023,1973,1975,-1,2023,1975,2024,-1,2024,1975,1977,-1,2024,1977,2025,-1,2025,1977,1979,-1,2025,1979,2026,-1,2026,1979,1981,-1,2026,1981,2027,-1,2027,1981,1983,-1,2027,1983,2028,-1,2028,1983,1985,-1,2028,1985,2029,-1,2029,1985,1987,-1,2029,1987,2030,-1,2030,1987,1989,-1,2030,1989,2031,-1,2031,1989,1991,-1,2031,1991,2032,-1,2032,1991,1993,-1,2032,1993,2033,-1,274,2034,269,-1,2035,2036,1994,-1,1994,2036,2037,-1,1994,2037,1995,-1,2038,1997,2039,-1,2039,1997,2040,-1,2039,2040,484,-1,484,483,2039,-1,2039,483,2041,-1,2039,2041,2038,-1,2042,2038,2043,-1,2043,2038,2041,-1,2043,2041,2044,-1,2044,2041,483,-1,2044,483,2045,-1,2045,483,485,-1,2045,485,2046,-1,2047,2048,2049,-1,2049,2048,2050,-1,2049,2050,2051,-1,2051,2050,2052,-1,2051,2052,2053,-1,274,273,2034,-1,2034,273,2054,-1,2034,2054,2055,-1,2055,2054,2056,-1,2055,2056,2057,-1,2057,2056,2058,-1,2057,2058,2059,-1,166,165,2060,-1,2060,165,2061,-1,2060,2061,268,-1,268,267,2060,-1,2060,267,2062,-1,2060,2062,166,-1,2001,2063,2002,-1,2002,2063,2064,-1,2002,2064,2065,-1,2066,2067,2068,-1,2068,2067,2069,-1,2068,2069,2035,-1,2035,2069,2070,-1,2035,2070,2036,-1,2071,2042,2072,-1,2072,2042,2043,-1,2072,2043,2073,-1,2073,2043,2044,-1,2073,2044,2074,-1,2074,2044,2045,-1,2074,2045,2075,-1,2075,2045,2046,-1,2075,2046,2076,-1,163,162,2077,-1,2077,162,2078,-1,2077,2078,2079,-1,2080,266,2081,-1,2081,266,268,-1,2081,268,2082,-1,2082,268,2061,-1,2082,2061,2079,-1,2079,2061,165,-1,2079,165,2077,-1,2077,165,164,-1,2077,164,163,-1,2064,2083,2065,-1,2065,2083,2084,-1,2065,2084,2085,-1,2086,2087,2066,-1,2066,2087,2088,-1,2066,2088,2067,-1,2076,2080,2075,-1,2075,2080,2081,-1,2075,2081,2074,-1,2074,2081,2082,-1,2074,2082,2073,-1,2073,2082,2079,-1,2073,2079,2072,-1,2072,2079,2078,-1,2072,2078,2071,-1,2071,2078,162,-1,2071,162,2089,-1,2089,162,161,-1,2090,2091,2092,-1,2093,2094,2095,-1,2095,2094,2090,-1,2095,2090,2096,-1,2096,2090,2092,-1,2084,2097,2085,-1,2085,2097,2098,-1,2085,2098,2099,-1,2100,2101,2086,-1,2086,2101,2102,-1,2086,2102,2087,-1,2076,2047,2080,-1,2080,2047,2049,-1,2080,2049,266,-1,266,2049,2051,-1,266,2051,267,-1,267,2051,2053,-1,267,2053,2062,-1,2062,2053,2103,-1,2062,2103,166,-1,166,2103,2104,-1,166,2104,164,-1,164,2104,2105,-1,164,2105,163,-1,163,2105,2106,-1,163,2106,161,-1,161,2106,2107,-1,161,2107,2089,-1,2089,2107,2108,-1,2109,2110,2111,-1,2111,2110,2112,-1,2111,2112,2113,-1,2113,2112,2114,-1,2113,2114,2115,-1,2115,2114,2116,-1,2115,2116,2117,-1,2117,2116,2118,-1,2117,2118,2119,-1,2119,2118,2120,-1,2119,2120,2121,-1,2121,2120,2122,-1,2121,2122,2123,-1,2123,2122,2124,-1,2098,2125,2099,-1,2099,2125,2126,-1,2099,2126,2127,-1,2128,2129,2100,-1,2100,2129,2130,-1,2100,2130,2101,-1,1997,1924,2040,-1,2040,1924,1925,-1,2040,1925,484,-1,484,1925,1926,-1,484,1926,485,-1,485,1926,1927,-1,485,1927,2046,-1,2046,1927,1928,-1,2046,1928,2076,-1,2076,1928,1929,-1,2076,1929,2047,-1,2047,1929,1930,-1,2047,1930,2048,-1,2048,1930,1931,-1,2048,1931,2050,-1,2050,1931,2124,-1,2050,2124,2052,-1,2052,2124,2122,-1,2052,2122,2053,-1,2053,2122,2120,-1,2053,2120,2103,-1,2103,2120,2118,-1,2103,2118,2104,-1,2104,2118,2116,-1,2104,2116,2105,-1,2105,2116,2114,-1,2105,2114,2106,-1,2106,2114,2112,-1,2106,2112,2107,-1,2107,2112,2110,-1,2107,2110,2108,-1,2108,2110,2109,-1,2108,2109,2131,-1,160,159,2132,-1,159,2133,2132,-1,2132,2133,2134,-1,2132,2134,2091,-1,2091,2134,2135,-1,2091,2135,2092,-1,2126,2136,2127,-1,2127,2136,2137,-1,2127,2137,2138,-1,2139,2140,2128,-1,2128,2140,2141,-1,2128,2141,2129,-1,2142,2143,2144,-1,2144,2143,2145,-1,2144,2145,2146,-1,2146,2145,2147,-1,2146,2147,2148,-1,2149,2142,2150,-1,2150,2142,2144,-1,2150,2144,2151,-1,2151,2144,2146,-1,2151,2146,2152,-1,2152,2146,2148,-1,2152,2148,2153,-1,2154,2149,2155,-1,2155,2149,2150,-1,2155,2150,2156,-1,2156,2150,2151,-1,2156,2151,2157,-1,2157,2151,2152,-1,2157,2152,2158,-1,2158,2152,2153,-1,2158,2153,2159,-1,2160,2154,2161,-1,2161,2154,2155,-1,2161,2155,2162,-1,2162,2155,2156,-1,2162,2156,2163,-1,2163,2156,2157,-1,2163,2157,2164,-1,2164,2157,2158,-1,2164,2158,2165,-1,2165,2158,2159,-1,2165,2159,2166,-1,2167,2160,2168,-1,2168,2160,2161,-1,2168,2161,2169,-1,2169,2161,2162,-1,2169,2162,2170,-1,2170,2162,2163,-1,2170,2163,2171,-1,2171,2163,2164,-1,2171,2164,2172,-1,2172,2164,2165,-1,2172,2165,2173,-1,2173,2165,2166,-1,2173,2166,2174,-1,158,2167,159,-1,159,2167,2168,-1,159,2168,2133,-1,2133,2168,2169,-1,2133,2169,2134,-1,2134,2169,2170,-1,2134,2170,2135,-1,2135,2170,2171,-1,2135,2171,2092,-1,2092,2171,2172,-1,2092,2172,2096,-1,2096,2172,2173,-1,2096,2173,2095,-1,2095,2173,2174,-1,2095,2174,2093,-1,2123,2094,2121,-1,2121,2094,2093,-1,2121,2093,2119,-1,2119,2093,2174,-1,2119,2174,2117,-1,2117,2174,2166,-1,2117,2166,2115,-1,2115,2166,2159,-1,2115,2159,2113,-1,2113,2159,2153,-1,2113,2153,2111,-1,2111,2153,2148,-1,2111,2148,2109,-1,2109,2148,2147,-1,2109,2147,2131,-1,2131,2147,2145,-1,2131,2145,2175,-1,2175,2145,2143,-1,2175,2143,2176,-1,2176,2143,2142,-1,2176,2142,2177,-1,2177,2142,2149,-1,2177,2149,2178,-1,2178,2149,2154,-1,2178,2154,2179,-1,2179,2154,2160,-1,2179,2160,2180,-1,2180,2160,2167,-1,2180,2167,2181,-1,2181,2167,158,-1,2181,158,2182,-1,2182,158,160,-1,2182,160,2183,-1,2137,2184,2138,-1,2138,2184,2185,-1,2138,2185,2186,-1,2186,2185,2187,-1,2186,2187,2188,-1,2189,2190,2139,-1,2139,2190,2191,-1,2139,2191,2140,-1,155,157,2192,-1,2192,157,488,-1,2192,488,2193,-1,2193,488,490,-1,2193,490,2194,-1,2194,490,492,-1,2194,492,2195,-1,2195,492,494,-1,2195,494,2196,-1,2196,494,496,-1,2196,496,2197,-1,2197,496,498,-1,2197,498,2198,-1,2199,2198,2200,-1,2200,2198,498,-1,2200,498,2183,-1,2183,498,497,-1,2183,497,2182,-1,2182,497,495,-1,2182,495,2181,-1,2181,495,493,-1,2181,493,2180,-1,2180,493,491,-1,2180,491,2179,-1,2179,491,489,-1,2179,489,2178,-1,2178,489,487,-1,2178,487,2177,-1,2177,487,486,-1,2177,486,2176,-1,2176,486,156,-1,2176,156,2175,-1,2187,2201,2188,-1,2188,2201,2202,-1,2188,2202,2203,-1,2204,2205,2206,-1,2206,2205,2207,-1,2206,2207,2189,-1,2189,2207,2208,-1,2189,2208,2190,-1,2202,2209,2203,-1,2203,2209,2210,-1,2203,2210,2211,-1,2212,2213,2204,-1,2204,2213,2214,-1,2204,2214,2205,-1,2215,2216,2217,-1,2217,2216,2218,-1,2217,2218,500,-1,500,499,2217,-1,2217,499,2219,-1,2217,2219,2215,-1,2210,2220,2211,-1,2211,2220,2221,-1,2211,2221,2222,-1,2223,2224,2212,-1,2212,2224,2225,-1,2212,2225,2213,-1,2226,2215,2227,-1,2227,2215,2219,-1,2227,2219,2228,-1,2228,2219,499,-1,2228,499,2229,-1,2229,499,501,-1,2229,501,503,-1,503,502,2229,-1,2229,502,2230,-1,2229,2230,2228,-1,2228,2230,2231,-1,2228,2231,2227,-1,2227,2231,2232,-1,2227,2232,2226,-1,2221,2233,2222,-1,2222,2233,2234,-1,2222,2234,2235,-1,2236,2237,2223,-1,2223,2237,2238,-1,2223,2238,2224,-1,2239,2226,2240,-1,2240,2226,2232,-1,2240,2232,2241,-1,2241,2232,2231,-1,2241,2231,2242,-1,2242,2231,2230,-1,2242,2230,2243,-1,2243,2230,502,-1,2243,502,2244,-1,2244,502,504,-1,2244,504,2245,-1,2246,2247,2248,-1,2248,2247,2249,-1,2248,2249,2250,-1,2250,2249,2251,-1,2250,2251,2252,-1,2252,2251,2253,-1,2252,2253,2254,-1,2254,2253,2255,-1,2254,2255,2256,-1,2256,2255,2257,-1,2256,2257,2258,-1,2258,2257,2259,-1,2260,2246,2261,-1,2261,2246,2248,-1,2261,2248,2262,-1,2262,2248,2250,-1,2262,2250,2263,-1,2263,2250,2252,-1,2263,2252,2264,-1,2264,2252,2254,-1,2264,2254,2265,-1,2265,2254,2256,-1,2265,2256,2266,-1,2266,2256,2258,-1,2267,2268,2269,-1,2270,2271,2272,-1,2272,2271,2267,-1,2272,2267,2273,-1,2273,2267,2269,-1,2234,2274,2235,-1,2235,2274,2275,-1,2235,2275,2276,-1,2277,2278,2236,-1,2236,2278,2279,-1,2236,2279,2237,-1,2260,2280,2246,-1,2246,2280,2239,-1,2246,2239,2247,-1,2247,2239,2240,-1,2247,2240,2249,-1,2249,2240,2241,-1,2249,2241,2251,-1,2251,2241,2242,-1,2251,2242,2253,-1,2253,2242,2243,-1,2253,2243,2255,-1,2255,2243,2244,-1,2255,2244,2257,-1,2257,2244,2245,-1,2257,2245,2259,-1,2275,2281,2276,-1,2276,2281,2282,-1,2276,2282,2283,-1,2284,2285,2277,-1,2277,2285,2286,-1,2277,2286,2278,-1,2287,2280,2288,-1,2288,2280,2260,-1,2288,2260,2289,-1,2289,2260,2261,-1,2289,2261,2290,-1,2290,2261,2262,-1,2290,2262,2291,-1,2291,2262,2263,-1,2291,2263,2292,-1,2292,2263,2264,-1,2292,2264,2293,-1,2293,2264,2265,-1,2293,2265,2294,-1,2294,2265,2266,-1,2294,2266,2295,-1,2295,2266,2258,-1,2295,2258,2199,-1,2199,2258,2259,-1,2199,2259,2198,-1,2198,2259,2245,-1,2198,2245,2197,-1,2197,2245,504,-1,2197,504,2196,-1,2196,504,503,-1,2196,503,2195,-1,2195,503,501,-1,2195,501,2194,-1,2194,501,500,-1,2194,500,2193,-1,2193,500,2218,-1,2193,2218,2192,-1,2192,2218,2216,-1,2192,2216,155,-1,154,153,2296,-1,153,2297,2296,-1,2296,2297,2298,-1,2296,2298,2268,-1,2268,2298,2299,-1,2268,2299,2269,-1,2282,2300,2283,-1,2283,2300,2301,-1,2283,2301,2302,-1,2303,2304,2284,-1,2284,2304,2305,-1,2284,2305,2285,-1,2306,2307,2308,-1,2308,2307,2309,-1,2308,2309,2310,-1,2310,2309,2311,-1,2310,2311,2312,-1,2313,2306,2314,-1,2314,2306,2308,-1,2314,2308,2315,-1,2315,2308,2310,-1,2315,2310,2316,-1,2316,2310,2312,-1,2316,2312,2317,-1,2318,2313,2319,-1,2319,2313,2314,-1,2319,2314,2320,-1,2320,2314,2315,-1,2320,2315,2321,-1,2321,2315,2316,-1,2321,2316,2322,-1,2322,2316,2317,-1,2322,2317,2323,-1,2324,2318,2325,-1,2325,2318,2319,-1,2325,2319,2326,-1,2326,2319,2320,-1,2326,2320,2327,-1,2327,2320,2321,-1,2327,2321,2328,-1,2328,2321,2322,-1,2328,2322,2329,-1,2329,2322,2323,-1,2329,2323,2330,-1,2331,2324,2332,-1,2332,2324,2325,-1,2332,2325,2333,-1,2333,2325,2326,-1,2333,2326,2334,-1,2334,2326,2327,-1,2334,2327,2335,-1,2335,2327,2328,-1,2335,2328,2336,-1,2336,2328,2329,-1,2336,2329,2337,-1,2337,2329,2330,-1,2337,2330,2338,-1,152,2331,153,-1,153,2331,2332,-1,153,2332,2297,-1,2297,2332,2333,-1,2297,2333,2298,-1,2298,2333,2334,-1,2298,2334,2299,-1,2299,2334,2335,-1,2299,2335,2269,-1,2269,2335,2336,-1,2269,2336,2273,-1,2273,2336,2337,-1,2273,2337,2272,-1,2272,2337,2338,-1,2272,2338,2270,-1,2295,2271,2294,-1,2294,2271,2270,-1,2294,2270,2293,-1,2293,2270,2338,-1,2293,2338,2292,-1,2292,2338,2330,-1,2292,2330,2291,-1,2291,2330,2323,-1,2291,2323,2290,-1,2290,2323,2317,-1,2290,2317,2289,-1,2289,2317,2312,-1,2289,2312,2288,-1,2288,2312,2311,-1,2288,2311,2287,-1,2287,2311,2309,-1,2287,2309,2339,-1,2339,2309,2307,-1,2339,2307,2340,-1,2340,2307,2306,-1,2340,2306,2341,-1,2341,2306,2313,-1,2341,2313,2342,-1,2342,2313,2318,-1,2342,2318,2343,-1,2343,2318,2324,-1,2343,2324,2344,-1,2344,2324,2331,-1,2344,2331,2345,-1,2345,2331,152,-1,2345,152,2346,-1,2346,152,154,-1,2346,154,2347,-1,1601,2348,1627,-1,1627,2348,2349,-1,1627,2349,1720,-1,1720,2349,2350,-1,1720,2350,1696,-1,1696,2350,2351,-1,1696,2351,1692,-1,1692,2351,2352,-1,1692,2352,1693,-1,1693,2352,2353,-1,1693,2353,1721,-1,1721,2353,2354,-1,1721,2354,169,-1,169,2354,2355,-1,169,2355,1772,-1,1772,2355,2356,-1,1772,2356,1803,-1,1803,2356,2357,-1,1803,2357,1804,-1,1804,2357,2358,-1,1804,2358,1811,-1,1811,2358,2359,-1,1811,2359,1855,-1,1855,2359,2360,-1,1855,2360,1931,-1,1931,2360,2361,-1,1931,2361,2124,-1,2124,2361,2362,-1,2124,2362,2123,-1,2123,2362,2363,-1,2123,2363,2094,-1,2094,2363,2364,-1,2094,2364,2090,-1,2090,2364,2365,-1,2090,2365,2091,-1,2091,2365,2366,-1,2091,2366,2132,-1,2132,2366,2367,-1,2132,2367,160,-1,160,2367,2368,-1,160,2368,2183,-1,2183,2368,2369,-1,2183,2369,2200,-1,2200,2369,2370,-1,2200,2370,2199,-1,2199,2370,2371,-1,2199,2371,2295,-1,2295,2371,2372,-1,2295,2372,2271,-1,2271,2372,2373,-1,2271,2373,2267,-1,2267,2373,2374,-1,2267,2374,2268,-1,2268,2374,2375,-1,2268,2375,2296,-1,2296,2375,2376,-1,2296,2376,154,-1,154,2376,2377,-1,154,2377,2347,-1,2347,2377,2378,-1,2347,2378,2379,-1,2301,2380,2302,-1,2302,2380,2381,-1,2302,2381,2382,-1,2383,2384,2303,-1,2303,2384,2385,-1,2303,2385,2304,-1,2381,2386,2382,-1,2382,2386,2387,-1,2382,2387,2388,-1,2389,2390,2383,-1,2383,2390,2391,-1,2383,2391,2384,-1,2392,2393,2394,-1,2394,2393,2395,-1,2394,2395,506,-1,506,505,2394,-1,2394,505,2396,-1,2394,2396,2392,-1,2387,2397,2388,-1,2388,2397,2398,-1,2388,2398,2399,-1,2400,2401,2389,-1,2389,2401,2402,-1,2389,2402,2390,-1,2403,2392,2404,-1,2404,2392,2396,-1,2404,2396,2405,-1,2405,2396,505,-1,2405,505,2406,-1,2406,505,507,-1,2406,507,509,-1,509,508,2406,-1,2406,508,2407,-1,2406,2407,2405,-1,2405,2407,2408,-1,2405,2408,2404,-1,2404,2408,2409,-1,2404,2409,2403,-1,2410,2411,2412,-1,2412,2411,2413,-1,2398,2414,2399,-1,2399,2414,2415,-1,2399,2415,2416,-1,2417,2418,2400,-1,2400,2418,2419,-1,2400,2419,2401,-1,2420,2403,2421,-1,2421,2403,2409,-1,2421,2409,2422,-1,2422,2409,2408,-1,2422,2408,2423,-1,2423,2408,2407,-1,2423,2407,2424,-1,2424,2407,508,-1,2424,508,2425,-1,2425,508,510,-1,2425,510,2426,-1,2427,2428,2429,-1,2429,2428,2430,-1,2429,2430,2431,-1,2431,2430,2432,-1,2431,2432,2433,-1,2433,2432,2434,-1,2433,2434,2435,-1,2435,2434,2436,-1,2435,2436,2437,-1,2437,2436,2438,-1,2437,2438,2439,-1,2439,2438,2440,-1,2441,2427,2442,-1,2442,2427,2429,-1,2442,2429,2443,-1,2443,2429,2431,-1,2443,2431,2444,-1,2444,2431,2433,-1,2444,2433,2445,-1,2445,2433,2435,-1,2445,2435,2446,-1,2446,2435,2437,-1,2446,2437,2447,-1,2447,2437,2439,-1,2415,2448,2416,-1,2416,2448,2449,-1,2416,2449,2450,-1,2451,2452,2417,-1,2417,2452,2453,-1,2417,2453,2418,-1,2441,2454,2427,-1,2427,2454,2420,-1,2427,2420,2428,-1,2428,2420,2421,-1,2428,2421,2430,-1,2430,2421,2422,-1,2430,2422,2432,-1,2432,2422,2423,-1,2432,2423,2434,-1,2434,2423,2424,-1,2434,2424,2436,-1,2436,2424,2425,-1,2436,2425,2438,-1,2438,2425,2426,-1,2438,2426,2440,-1,151,150,2455,-1,150,2456,2455,-1,2455,2456,2457,-1,2455,2457,2410,-1,2410,2457,2458,-1,2410,2458,2411,-1,2449,2459,2450,-1,2450,2459,2460,-1,2450,2460,2461,-1,2462,2463,2451,-1,2451,2463,2464,-1,2451,2464,2452,-1,2465,2454,2466,-1,2466,2454,2441,-1,2466,2441,2467,-1,2467,2441,2442,-1,2467,2442,2468,-1,2468,2442,2443,-1,2468,2443,2469,-1,2469,2443,2444,-1,2469,2444,2470,-1,2470,2444,2445,-1,2470,2445,2471,-1,2471,2445,2446,-1,2471,2446,2472,-1,2472,2446,2447,-1,2472,2447,2379,-1,2379,2447,2439,-1,2379,2439,2347,-1,2347,2439,2440,-1,2347,2440,2346,-1,2346,2440,2426,-1,2346,2426,2345,-1,2345,2426,510,-1,2345,510,2344,-1,2344,510,509,-1,2344,509,2343,-1,2343,509,507,-1,2343,507,2342,-1,2342,507,506,-1,2342,506,2341,-1,2341,506,2395,-1,2341,2395,2340,-1,2340,2395,2393,-1,2340,2393,2339,-1,2460,2473,2461,-1,2461,2473,2474,-1,2461,2474,2475,-1,2059,2058,2476,-1,2476,2058,2477,-1,2476,2477,2478,-1,2478,2477,2479,-1,2478,2479,2480,-1,2480,2479,2481,-1,2480,2481,2482,-1,2482,2481,2483,-1,2482,2483,2484,-1,2484,2483,2485,-1,2484,2485,2486,-1,2486,2485,2487,-1,2486,2487,2488,-1,2488,2487,2489,-1,2488,2489,2490,-1,2490,2489,2491,-1,2490,2491,2492,-1,2492,2491,2493,-1,2492,2493,2494,-1,2494,2493,2495,-1,2494,2495,2496,-1,2496,2495,2497,-1,2496,2497,2498,-1,2498,2497,2499,-1,2498,2499,2500,-1,2500,2499,2501,-1,2500,2501,2502,-1,2502,2501,2503,-1,2502,2503,2504,-1,2504,2503,2505,-1,2504,2505,2506,-1,2506,2505,2507,-1,2506,2507,2508,-1,2508,2507,2509,-1,2508,2509,2510,-1,2510,2509,2511,-1,2510,2511,2512,-1,2512,2511,2513,-1,2512,2513,2514,-1,2514,2513,2515,-1,2514,2515,2516,-1,2516,2515,2517,-1,2516,2517,2518,-1,2518,2517,2519,-1,2518,2519,2520,-1,2520,2519,2521,-1,2520,2521,2522,-1,2522,2521,2523,-1,2522,2523,2524,-1,2524,2523,2525,-1,2524,2525,2526,-1,2526,2525,2527,-1,2526,2527,2528,-1,2528,2527,2529,-1,2528,2529,2530,-1,2530,2529,2531,-1,2530,2531,2532,-1,2532,2531,2533,-1,2532,2533,2534,-1,2534,2533,2535,-1,2534,2535,2536,-1,2536,2535,2537,-1,2536,2537,2538,-1,2538,2537,2539,-1,2538,2539,2540,-1,2540,2539,2541,-1,2540,2541,2542,-1,2542,2541,2543,-1,2542,2543,2544,-1,2544,2543,2545,-1,2544,2545,2546,-1,2546,2545,2547,-1,2546,2547,2548,-1,2548,2547,2549,-1,2548,2549,2550,-1,2550,2549,2551,-1,2550,2551,2552,-1,2552,2551,2553,-1,2552,2553,2554,-1,2554,2553,2555,-1,2554,2555,2556,-1,2556,2555,2557,-1,2556,2557,2558,-1,2559,2560,2462,-1,2462,2560,2561,-1,2462,2561,2463,-1,61,60,233,-1,233,60,662,-1,233,662,2562,-1,2562,662,663,-1,2562,663,2563,-1,2563,663,681,-1,2563,681,2564,-1,2564,681,702,-1,2564,702,2565,-1,2565,702,765,-1,2565,765,2566,-1,2566,765,803,-1,2566,803,2567,-1,2567,803,802,-1,2567,802,2568,-1,2568,802,845,-1,2568,845,2569,-1,2569,845,889,-1,2569,889,2570,-1,2570,889,953,-1,2570,953,2571,-1,2571,953,968,-1,2571,968,2572,-1,2572,968,1559,-1,2572,1559,2573,-1,2573,1559,1100,-1,2573,1100,2574,-1,2574,1100,1099,-1,2574,1099,2575,-1,2575,1099,1123,-1,2575,1123,2576,-1,2576,1123,1146,-1,2576,1146,2577,-1,2577,1146,1178,-1,2577,1178,2578,-1,2578,1178,1188,-1,2578,1188,2579,-1,2579,1188,1217,-1,2579,1217,2580,-1,2580,1217,1240,-1,2580,1240,2581,-1,2581,1240,1271,-1,2581,1271,2582,-1,2582,1271,1285,-1,2582,1285,2583,-1,2583,1285,1336,-1,2583,1336,2584,-1,2584,1336,1353,-1,2584,1353,2585,-1,2585,1353,1395,-1,2585,1395,2586,-1,2586,1395,1415,-1,2586,1415,2587,-1,2587,1415,1461,-1,2587,1461,2588,-1,2588,1461,1618,-1,2588,1618,2589,-1,2589,1618,1619,-1,2589,1619,2590,-1,2590,1619,1641,-1,2590,1641,2591,-1,2591,1641,1640,-1,2591,1640,2592,-1,2592,1640,1651,-1,2592,1651,2593,-1,2593,1651,1664,-1,2593,1664,2594,-1,2594,1664,1705,-1,2594,1705,2595,-1,2595,1705,1712,-1,2595,1712,2596,-1,2596,1712,1764,-1,2596,1764,2597,-1,2597,1764,1786,-1,2597,1786,2598,-1,2598,1786,1785,-1,2598,1785,2599,-1,2599,1785,1796,-1,2599,1796,2600,-1,2600,1796,1818,-1,2600,1818,2601,-1,2601,1818,1917,-1,2601,1917,2602,-1,2602,1917,1997,-1,2602,1997,2603,-1,2603,1997,2038,-1,2603,2038,2604,-1,2604,2038,2042,-1,2604,2042,2605,-1,2605,2042,2071,-1,2605,2071,2606,-1,2606,2071,2089,-1,2606,2089,2607,-1,2607,2089,2108,-1,2607,2108,2608,-1,2608,2108,2131,-1,2608,2131,2609,-1,2609,2131,2175,-1,2609,2175,2610,-1,2610,2175,156,-1,2610,156,2611,-1,2611,156,155,-1,2611,155,2612,-1,2612,155,2216,-1,2612,2216,2613,-1,2613,2216,2215,-1,2613,2215,2614,-1,2614,2215,2226,-1,2614,2226,2615,-1,2615,2226,2239,-1,2615,2239,2616,-1,2616,2239,2280,-1,2616,2280,2617,-1,2617,2280,2287,-1,2617,2287,2618,-1,2618,2287,2339,-1,2618,2339,2619,-1,2619,2339,2393,-1,2619,2393,2620,-1,2620,2393,2392,-1,2620,2392,2621,-1,2621,2392,2403,-1,2621,2403,2622,-1,2622,2403,2420,-1,2622,2420,2623,-1,2623,2420,2454,-1,2623,2454,2624,-1,2624,2454,2465,-1,2624,2465,2625,-1,149,151,2626,-1,2626,151,2627,-1,2626,2627,2628,-1,2628,2627,2629,-1,2628,2629,2630,-1,2631,2632,2633,-1,2634,2630,2633,-1,2633,2630,2629,-1,2633,2629,2631,-1,2631,2629,2627,-1,2631,2627,2635,-1,2635,2627,151,-1,2635,151,2636,-1,2636,151,2455,-1,2636,2455,2637,-1,2637,2455,2410,-1,2637,2410,2638,-1,2638,2410,2412,-1,2638,2412,2639,-1,2474,2640,2475,-1,2475,2640,2641,-1,2475,2641,2642,-1,271,270,2643,-1,2643,270,2644,-1,2643,2644,2645,-1,2645,2644,2646,-1,2645,2646,2647,-1,2647,2646,2648,-1,2647,2648,2649,-1,2649,2648,2650,-1,2649,2650,2651,-1,2651,2650,2652,-1,2651,2652,2653,-1,2653,2652,2654,-1,2653,2654,2655,-1,2655,2654,2656,-1,2655,2656,2657,-1,2657,2656,2658,-1,2657,2658,2659,-1,2659,2658,2660,-1,2659,2660,2661,-1,2661,2660,2662,-1,2661,2662,2663,-1,2663,2662,2664,-1,2663,2664,2665,-1,2665,2664,2666,-1,2665,2666,2667,-1,2667,2666,2668,-1,2667,2668,2669,-1,2669,2668,2670,-1,2669,2670,2671,-1,2671,2670,2672,-1,2671,2672,2673,-1,2673,2672,2674,-1,2673,2674,2675,-1,2675,2674,2676,-1,2675,2676,2677,-1,2677,2676,2678,-1,2677,2678,2679,-1,2679,2678,2680,-1,2679,2680,2681,-1,2681,2680,2682,-1,2681,2682,2683,-1,2683,2682,2684,-1,2683,2684,2685,-1,2685,2684,2686,-1,2685,2686,2687,-1,2687,2686,2688,-1,2687,2688,2689,-1,2689,2688,2690,-1,2689,2690,2691,-1,2691,2690,2692,-1,2691,2692,2693,-1,2693,2692,2694,-1,2693,2694,2695,-1,2695,2694,2696,-1,2695,2696,2697,-1,2697,2696,2698,-1,2697,2698,2699,-1,2699,2698,2700,-1,2699,2700,2701,-1,2701,2700,2702,-1,2701,2702,2703,-1,2703,2702,2704,-1,2703,2704,2705,-1,2705,2704,2706,-1,2705,2706,2707,-1,2707,2706,2708,-1,2707,2708,2709,-1,2709,2708,2710,-1,2709,2710,2711,-1,2711,2710,2712,-1,2711,2712,2713,-1,2713,2712,2714,-1,2713,2714,2715,-1,2715,2714,2716,-1,2715,2716,2717,-1,2717,2716,2718,-1,2717,2718,2719,-1,2719,2718,2720,-1,2719,2720,2721,-1,2721,2720,2722,-1,2721,2722,2723,-1,2723,2722,2724,-1,2723,2724,2725,-1,2725,2724,2726,-1,2725,2726,2727,-1,2727,2726,2728,-1,2727,2728,2729,-1,2729,2728,2730,-1,2729,2730,2731,-1,2731,2730,2732,-1,2731,2732,2733,-1,269,2034,270,-1,270,2034,2055,-1,270,2055,2644,-1,2644,2055,2057,-1,2644,2057,2646,-1,2646,2057,2059,-1,2646,2059,2648,-1,2648,2059,2476,-1,2648,2476,2650,-1,2650,2476,2478,-1,2650,2478,2652,-1,2652,2478,2480,-1,2652,2480,2654,-1,2654,2480,2482,-1,2654,2482,2656,-1,2656,2482,2484,-1,2656,2484,2658,-1,2658,2484,2486,-1,2658,2486,2660,-1,2660,2486,2488,-1,2660,2488,2662,-1,2662,2488,2490,-1,2662,2490,2664,-1,2664,2490,2492,-1,2664,2492,2666,-1,2666,2492,2494,-1,2666,2494,2668,-1,2668,2494,2496,-1,2668,2496,2670,-1,2670,2496,2498,-1,2670,2498,2672,-1,2672,2498,2500,-1,2672,2500,2674,-1,2674,2500,2502,-1,2674,2502,2676,-1,2676,2502,2504,-1,2676,2504,2678,-1,2678,2504,2506,-1,2678,2506,2680,-1,2680,2506,2508,-1,2680,2508,2682,-1,2682,2508,2510,-1,2682,2510,2684,-1,2684,2510,2512,-1,2684,2512,2686,-1,2686,2512,2514,-1,2686,2514,2688,-1,2688,2514,2516,-1,2688,2516,2690,-1,2690,2516,2518,-1,2690,2518,2692,-1,2692,2518,2520,-1,2692,2520,2694,-1,2694,2520,2522,-1,2694,2522,2696,-1,2696,2522,2524,-1,2696,2524,2698,-1,2698,2524,2526,-1,2698,2526,2700,-1,2700,2526,2528,-1,2700,2528,2702,-1,2702,2528,2530,-1,2702,2530,2704,-1,2704,2530,2532,-1,2704,2532,2706,-1,2706,2532,2534,-1,2706,2534,2708,-1,2708,2534,2536,-1,2708,2536,2710,-1,2710,2536,2538,-1,2710,2538,2712,-1,2712,2538,2540,-1,2712,2540,2714,-1,2714,2540,2542,-1,2714,2542,2716,-1,2716,2542,2544,-1,2716,2544,2718,-1,2718,2544,2546,-1,2718,2546,2720,-1,2720,2546,2548,-1,2720,2548,2722,-1,2722,2548,2550,-1,2722,2550,2724,-1,2724,2550,2552,-1,2724,2552,2726,-1,2726,2552,2554,-1,2726,2554,2728,-1,2728,2554,2556,-1,2728,2556,2730,-1,2730,2556,2558,-1,2730,2558,2732,-1,2734,2735,2559,-1,2559,2735,2736,-1,2559,2736,2560,-1,2465,2737,2625,-1,2625,2737,2738,-1,2625,2738,2739,-1,2739,2738,2740,-1,2741,2742,2743,-1,2743,2742,2744,-1,2743,2744,2745,-1,2745,2744,2746,-1,2745,2746,2747,-1,2747,2746,2748,-1,2747,2748,2749,-1,2749,2748,2750,-1,2749,2750,2751,-1,2752,2741,2753,-1,2753,2741,2743,-1,2753,2743,2754,-1,2754,2743,2745,-1,2754,2745,2755,-1,2755,2745,2747,-1,2755,2747,2756,-1,2756,2747,2749,-1,2756,2749,2757,-1,2757,2749,2751,-1,2757,2751,2758,-1,2759,2752,2760,-1,2760,2752,2753,-1,2760,2753,2761,-1,2761,2753,2754,-1,2761,2754,2762,-1,2762,2754,2755,-1,2762,2755,2763,-1,2763,2755,2756,-1,2763,2756,2764,-1,2764,2756,2757,-1,2764,2757,2765,-1,2765,2757,2758,-1,2765,2758,2766,-1,2767,2759,2768,-1,2768,2759,2760,-1,2768,2760,2769,-1,2769,2760,2761,-1,2769,2761,2770,-1,2770,2761,2762,-1,2770,2762,2771,-1,2771,2762,2763,-1,2771,2763,2772,-1,2772,2763,2764,-1,2772,2764,2773,-1,2773,2764,2765,-1,2773,2765,2774,-1,2774,2765,2766,-1,2774,2766,2775,-1,2776,2767,2777,-1,2777,2767,2768,-1,2777,2768,2778,-1,2778,2768,2769,-1,2778,2769,2779,-1,2779,2769,2770,-1,2779,2770,2780,-1,2780,2770,2771,-1,2780,2771,2781,-1,2781,2771,2772,-1,2781,2772,2782,-1,2782,2772,2773,-1,2782,2773,2783,-1,2783,2773,2774,-1,2783,2774,2784,-1,2784,2774,2775,-1,2784,2775,2785,-1,2634,2776,2630,-1,2630,2776,2777,-1,2630,2777,2628,-1,2628,2777,2778,-1,2628,2778,2626,-1,2626,2778,2779,-1,2626,2779,149,-1,149,2779,2780,-1,149,2780,150,-1,150,2780,2781,-1,150,2781,2456,-1,2456,2781,2782,-1,2456,2782,2457,-1,2457,2782,2783,-1,2457,2783,2458,-1,2458,2783,2784,-1,2458,2784,2411,-1,2411,2784,2785,-1,2411,2785,2413,-1,2378,2639,2379,-1,2379,2639,2412,-1,2379,2412,2472,-1,2472,2412,2413,-1,2472,2413,2471,-1,2471,2413,2785,-1,2471,2785,2470,-1,2470,2785,2775,-1,2470,2775,2469,-1,2469,2775,2766,-1,2469,2766,2468,-1,2468,2766,2758,-1,2468,2758,2467,-1,2467,2758,2751,-1,2467,2751,2466,-1,2466,2751,2750,-1,2466,2750,2465,-1,2465,2750,2748,-1,2465,2748,2737,-1,2737,2748,2746,-1,2737,2746,2738,-1,2738,2746,2744,-1,2738,2744,2740,-1,2740,2744,2742,-1,2740,2742,2786,-1,2786,2742,2741,-1,2786,2741,2787,-1,2787,2741,2752,-1,2787,2752,2788,-1,2788,2752,2759,-1,2788,2759,2789,-1,2789,2759,2767,-1,2789,2767,2790,-1,2790,2767,2776,-1,2790,2776,2791,-1,2791,2776,2634,-1,2791,2634,2792,-1,2792,2634,2633,-1,2792,2633,2793,-1,2793,2633,2632,-1,2793,2632,2794,-1,2641,2795,2642,-1,2642,2795,2796,-1,2642,2796,2797,-1,2797,2796,2798,-1,2797,2798,2799,-1,1586,2003,1587,-1,1587,2003,2004,-1,1587,2004,1628,-1,1628,2004,2005,-1,1628,2005,1629,-1,1629,2005,2006,-1,1629,2006,1634,-1,1634,2006,2007,-1,1634,2007,1635,-1,1635,2007,2008,-1,1635,2008,1645,-1,1645,2008,2009,-1,1645,2009,1646,-1,1646,2009,2010,-1,1646,2010,1658,-1,1658,2010,2011,-1,1658,2011,1659,-1,1659,2011,2012,-1,1659,2012,1699,-1,1699,2012,2013,-1,1699,2013,1700,-1,1700,2013,2014,-1,1700,2014,1706,-1,1706,2014,2015,-1,1706,2015,1707,-1,1707,2015,2016,-1,1707,2016,1725,-1,1725,2016,2017,-1,1725,2017,1726,-1,1726,2017,2018,-1,1726,2018,1773,-1,1773,2018,2019,-1,1773,2019,1774,-1,1774,2019,2020,-1,1774,2020,1779,-1,1779,2020,2021,-1,1779,2021,1780,-1,1780,2021,2022,-1,1780,2022,1790,-1,1790,2022,2023,-1,1790,2023,1791,-1,1791,2023,2024,-1,1791,2024,1812,-1,1812,2024,2025,-1,1812,2025,1813,-1,1813,2025,2026,-1,1813,2026,1856,-1,1856,2026,2027,-1,1856,2027,1857,-1,1857,2027,2028,-1,1857,2028,1932,-1,1932,2028,2029,-1,1932,2029,1933,-1,1933,2029,2030,-1,1933,2030,1998,-1,1998,2030,2031,-1,1998,2031,1999,-1,1999,2031,2032,-1,1999,2032,2001,-1,2001,2032,2033,-1,2001,2033,2063,-1,2063,2033,2800,-1,2063,2800,2064,-1,2064,2800,2801,-1,2064,2801,2083,-1,2083,2801,2802,-1,2083,2802,2084,-1,2084,2802,2803,-1,2084,2803,2097,-1,2097,2803,2804,-1,2097,2804,2098,-1,2098,2804,2805,-1,2098,2805,2125,-1,2125,2805,2806,-1,2125,2806,2126,-1,2126,2806,2807,-1,2126,2807,2136,-1,2136,2807,2808,-1,2136,2808,2137,-1,2137,2808,2809,-1,2137,2809,2184,-1,2184,2809,2810,-1,2184,2810,2185,-1,2185,2810,2811,-1,2185,2811,2187,-1,2187,2811,2812,-1,2187,2812,2201,-1,2201,2812,2813,-1,2201,2813,2202,-1,2202,2813,2814,-1,2202,2814,2209,-1,2209,2814,2815,-1,2209,2815,2210,-1,2210,2815,2816,-1,2210,2816,2220,-1,2220,2816,2817,-1,2220,2817,2221,-1,2221,2817,2818,-1,2221,2818,2233,-1,2233,2818,2819,-1,2233,2819,2234,-1,2234,2819,2820,-1,2234,2820,2274,-1,2274,2820,2821,-1,2274,2821,2275,-1,2275,2821,2822,-1,2275,2822,2281,-1,2281,2822,2823,-1,2281,2823,2282,-1,2282,2823,2824,-1,2282,2824,2300,-1,2300,2824,2825,-1,2300,2825,2301,-1,2301,2825,2826,-1,2301,2826,2380,-1,2380,2826,2827,-1,2380,2827,2381,-1,2381,2827,2828,-1,2381,2828,2386,-1,2386,2828,2829,-1,2386,2829,2387,-1,2387,2829,2830,-1,2387,2830,2397,-1,2397,2830,2831,-1,2397,2831,2398,-1,2398,2831,2832,-1,2398,2832,2414,-1,2414,2832,2833,-1,2414,2833,2415,-1,2415,2833,2834,-1,2415,2834,2448,-1,2448,2834,2835,-1,2448,2835,2449,-1,2449,2835,2836,-1,2449,2836,2459,-1,2459,2836,2837,-1,2459,2837,2460,-1,2460,2837,2838,-1,2460,2838,2473,-1,2473,2838,2839,-1,2473,2839,2474,-1,2474,2839,2840,-1,2474,2840,2640,-1,2640,2840,2841,-1,2640,2841,2641,-1,2641,2841,2842,-1,2641,2842,2795,-1,2795,2842,2843,-1,2795,2843,2796,-1,2796,2843,2844,-1,2796,2844,2798,-1,2798,2844,2845,-1,1912,272,1913,-1,1913,272,274,-1,1913,274,1992,-1,1992,274,269,-1,1992,269,1993,-1,1993,269,271,-1,1993,271,2033,-1,2033,271,2643,-1,2033,2643,2800,-1,2800,2643,2645,-1,2800,2645,2801,-1,2801,2645,2647,-1,2801,2647,2802,-1,2802,2647,2649,-1,2802,2649,2803,-1,2803,2649,2651,-1,2803,2651,2804,-1,2804,2651,2653,-1,2804,2653,2805,-1,2805,2653,2655,-1,2805,2655,2806,-1,2806,2655,2657,-1,2806,2657,2807,-1,2807,2657,2659,-1,2807,2659,2808,-1,2808,2659,2661,-1,2808,2661,2809,-1,2809,2661,2663,-1,2809,2663,2810,-1,2810,2663,2665,-1,2810,2665,2811,-1,2811,2665,2667,-1,2811,2667,2812,-1,2812,2667,2669,-1,2812,2669,2813,-1,2813,2669,2671,-1,2813,2671,2814,-1,2814,2671,2673,-1,2814,2673,2815,-1,2815,2673,2675,-1,2815,2675,2816,-1,2816,2675,2677,-1,2816,2677,2817,-1,2817,2677,2679,-1,2817,2679,2818,-1,2818,2679,2681,-1,2818,2681,2819,-1,2819,2681,2683,-1,2819,2683,2820,-1,2820,2683,2685,-1,2820,2685,2821,-1,2821,2685,2687,-1,2821,2687,2822,-1,2822,2687,2689,-1,2822,2689,2823,-1,2823,2689,2691,-1,2823,2691,2824,-1,2824,2691,2693,-1,2824,2693,2825,-1,2825,2693,2695,-1,2825,2695,2826,-1,2826,2695,2697,-1,2826,2697,2827,-1,2827,2697,2699,-1,2827,2699,2828,-1,2828,2699,2701,-1,2828,2701,2829,-1,2829,2701,2703,-1,2829,2703,2830,-1,2830,2703,2705,-1,2830,2705,2831,-1,2831,2705,2707,-1,2831,2707,2832,-1,2832,2707,2709,-1,2832,2709,2833,-1,2833,2709,2711,-1,2833,2711,2834,-1,2834,2711,2713,-1,2834,2713,2835,-1,2835,2713,2715,-1,2835,2715,2836,-1,2836,2715,2717,-1,2836,2717,2837,-1,2837,2717,2719,-1,2837,2719,2838,-1,2838,2719,2721,-1,2838,2721,2839,-1,2839,2721,2723,-1,2839,2723,2840,-1,2840,2723,2725,-1,2840,2725,2841,-1,2841,2725,2727,-1,2841,2727,2842,-1,2842,2727,2729,-1,2842,2729,2843,-1,2843,2729,2731,-1,2843,2731,2844,-1,2844,2731,2733,-1,2844,2733,2845,-1,2846,2847,2734,-1,2734,2847,2848,-1,2734,2848,2735,-1,2849,2850,2851,-1,2851,2850,2852,-1,2851,2852,2853,-1,2853,2852,2854,-1,2853,2854,2855,-1,2855,2854,2856,-1,2855,2856,2857,-1,2857,2856,2858,-1,2857,2858,2859,-1,2859,2858,2860,-1,148,147,2861,-1,2861,147,2862,-1,2861,2862,2863,-1,146,2864,147,-1,147,2864,2865,-1,147,2865,2862,-1,2862,2865,2866,-1,522,2867,520,-1,520,2867,2868,-1,520,2868,518,-1,518,2868,2869,-1,518,2869,516,-1,516,2869,2870,-1,516,2870,514,-1,514,2870,2871,-1,514,2871,511,-1,2864,512,2865,-1,2865,512,511,-1,2865,511,2866,-1,2866,511,2871,-1,2866,2871,2872,-1,2872,2871,2870,-1,2872,2870,2873,-1,2873,2870,2869,-1,2873,2869,2874,-1,2874,2869,2868,-1,2874,2868,2875,-1,2875,2868,2867,-1,2875,2867,2876,-1,2876,2867,522,-1,2876,522,2877,-1,2877,522,524,-1,2877,524,2878,-1,2557,2860,2558,-1,2558,2860,2858,-1,2558,2858,2732,-1,2732,2858,2856,-1,2732,2856,2733,-1,2733,2856,2854,-1,2733,2854,2845,-1,2845,2854,2852,-1,2845,2852,2798,-1,2798,2852,2850,-1,2798,2850,2799,-1,2799,2850,2849,-1,2799,2849,2879,-1,2880,2881,2882,-1,2882,2881,2883,-1,2882,2883,2884,-1,2884,2883,2885,-1,2884,2885,2886,-1,2886,2885,2887,-1,2886,2887,2888,-1,2888,2887,2889,-1,2888,2889,2890,-1,2890,2889,2891,-1,2892,2893,2894,-1,2895,2893,2896,-1,2896,2893,2892,-1,2896,2892,2846,-1,2846,2892,2897,-1,2846,2897,2847,-1,53,58,2898,-1,2898,58,234,-1,2898,234,2899,-1,2899,234,2900,-1,2899,2900,2901,-1,2901,2900,2902,-1,2901,2902,2903,-1,2903,2902,2904,-1,2903,2904,2905,-1,2905,2904,2906,-1,2905,2906,2907,-1,2907,2906,2908,-1,2907,2908,2909,-1,2909,2908,2910,-1,2909,2910,2911,-1,2911,2910,2912,-1,2911,2912,2913,-1,2913,2912,2914,-1,2913,2914,2915,-1,2915,2914,2916,-1,2915,2916,2917,-1,2917,2916,2918,-1,2917,2918,2919,-1,2919,2918,2920,-1,2919,2920,2921,-1,2921,2920,2922,-1,2921,2922,2923,-1,2923,2922,2924,-1,2923,2924,2925,-1,2925,2924,2926,-1,2925,2926,2927,-1,2927,2926,2928,-1,2927,2928,2929,-1,2929,2928,2930,-1,2929,2930,2931,-1,2931,2930,2932,-1,2931,2932,2933,-1,2933,2932,2934,-1,2933,2934,2935,-1,2935,2934,2936,-1,2935,2936,2937,-1,2937,2936,2938,-1,2937,2938,2939,-1,2939,2938,2940,-1,2939,2940,2941,-1,2941,2940,2942,-1,2941,2942,2943,-1,2943,2942,2944,-1,2943,2944,2945,-1,2945,2944,2946,-1,2945,2946,2947,-1,2947,2946,2948,-1,2947,2948,2949,-1,2949,2948,2950,-1,2949,2950,2951,-1,2951,2950,2952,-1,2951,2952,2953,-1,2953,2952,2954,-1,2953,2954,2955,-1,2955,2954,2956,-1,2955,2956,2957,-1,2957,2956,2958,-1,2957,2958,2959,-1,2959,2958,2960,-1,2959,2960,2961,-1,2961,2960,2962,-1,2961,2962,2963,-1,2963,2962,2964,-1,2963,2964,2965,-1,2965,2964,2966,-1,2965,2966,2967,-1,2967,2966,2968,-1,2967,2968,2969,-1,2969,2968,2970,-1,2969,2970,2971,-1,2971,2970,2972,-1,2971,2972,2973,-1,2973,2972,2974,-1,2973,2974,2975,-1,2975,2974,2976,-1,2975,2976,2977,-1,2977,2976,2978,-1,2977,2978,2979,-1,2979,2978,2980,-1,2979,2980,2981,-1,2981,2980,2982,-1,2981,2982,2983,-1,2983,2982,2984,-1,2983,2984,2985,-1,2985,2984,2986,-1,2985,2986,2987,-1,2987,2986,2988,-1,2987,2988,2989,-1,2989,2988,2990,-1,2989,2990,2991,-1,2991,2990,2992,-1,2991,2992,2993,-1,2993,2992,2994,-1,2993,2994,2995,-1,2995,2994,2996,-1,2995,2996,2997,-1,2997,2996,2998,-1,2997,2998,2999,-1,2999,2998,3000,-1,2999,3000,3001,-1,3001,3000,3002,-1,3001,3002,3003,-1,3003,3002,3004,-1,3003,3004,3005,-1,3005,3004,3006,-1,3005,3006,3007,-1,3007,3006,3008,-1,3007,3008,3009,-1,3009,3008,3010,-1,3009,3010,3011,-1,3011,3010,3012,-1,3011,3012,3013,-1,3013,3012,3014,-1,3013,3014,3015,-1,3015,3014,3016,-1,3015,3016,3017,-1,3017,3016,3018,-1,3017,3018,3019,-1,3019,3018,3020,-1,3019,3020,3021,-1,3021,3020,3022,-1,3021,3022,3023,-1,3023,3022,3024,-1,3023,3024,3025,-1,3025,3024,3026,-1,3025,3026,3027,-1,3027,3026,3028,-1,3027,3028,3029,-1,3029,3028,3030,-1,3029,3030,3031,-1,3031,3030,3032,-1,3031,3032,3033,-1,3033,3032,3034,-1,3033,3034,144,-1,2863,2862,3035,-1,3035,2862,2866,-1,3035,2866,3036,-1,3036,2866,2872,-1,3036,2872,3037,-1,3037,2872,2873,-1,3037,2873,3038,-1,3038,2873,2874,-1,3038,2874,3039,-1,3039,2874,2875,-1,3039,2875,3040,-1,3040,2875,2876,-1,3040,2876,3041,-1,3041,2876,2877,-1,3041,2877,3042,-1,3042,2877,2878,-1,3042,2878,3043,-1,3044,3043,3045,-1,3045,3043,2878,-1,3045,2878,3046,-1,3046,2878,524,-1,3046,524,2794,-1,2794,524,523,-1,2794,523,2793,-1,2793,523,521,-1,2793,521,2792,-1,2792,521,519,-1,2792,519,2791,-1,2791,519,517,-1,2791,517,2790,-1,2790,517,515,-1,2790,515,2789,-1,2789,515,513,-1,2789,513,2788,-1,2788,513,512,-1,2788,512,2787,-1,2787,512,2864,-1,2787,2864,2786,-1,2786,2864,146,-1,2786,146,2740,-1,2740,146,148,-1,2740,148,2739,-1,2348,3047,2349,-1,2349,3047,3048,-1,2349,3048,2350,-1,2350,3048,3049,-1,2350,3049,2351,-1,2351,3049,3050,-1,2351,3050,2352,-1,2352,3050,3051,-1,2352,3051,2353,-1,2353,3051,3052,-1,2353,3052,2354,-1,2354,3052,3053,-1,2354,3053,2355,-1,2355,3053,3054,-1,2355,3054,2356,-1,2356,3054,3055,-1,2356,3055,2357,-1,2357,3055,3056,-1,2357,3056,2358,-1,2358,3056,3057,-1,2358,3057,2359,-1,2359,3057,3058,-1,2359,3058,2360,-1,2360,3058,3059,-1,2360,3059,2361,-1,2361,3059,3060,-1,2361,3060,2362,-1,2362,3060,3061,-1,2362,3061,2363,-1,2363,3061,3062,-1,2363,3062,2364,-1,2364,3062,3063,-1,2364,3063,2365,-1,2365,3063,3064,-1,2365,3064,2366,-1,2366,3064,3065,-1,2366,3065,2367,-1,2367,3065,3066,-1,2367,3066,2368,-1,2368,3066,3067,-1,2368,3067,2369,-1,2369,3067,3068,-1,2369,3068,2370,-1,2370,3068,3069,-1,2370,3069,2371,-1,2371,3069,3070,-1,2371,3070,2372,-1,2372,3070,3071,-1,2372,3071,2373,-1,2373,3071,3072,-1,2373,3072,2374,-1,2374,3072,3073,-1,2374,3073,2375,-1,2375,3073,3074,-1,2375,3074,2376,-1,2376,3074,3075,-1,2376,3075,2377,-1,2377,3075,3076,-1,2377,3076,2378,-1,2378,3076,3077,-1,2378,3077,2639,-1,2639,3077,3078,-1,2639,3078,2638,-1,2638,3078,3079,-1,2638,3079,2637,-1,2637,3079,3080,-1,2637,3080,2636,-1,2636,3080,3081,-1,2636,3081,2635,-1,2635,3081,3082,-1,2635,3082,2631,-1,2631,3082,3083,-1,2631,3083,2632,-1,2632,3083,3084,-1,2632,3084,2794,-1,2794,3084,3085,-1,2794,3085,3046,-1,3046,3085,3086,-1,3046,3086,3045,-1,3045,3086,3087,-1,3045,3087,3044,-1,3044,3087,3088,-1,2859,2891,2857,-1,2857,2891,2889,-1,2857,2889,2855,-1,2855,2889,2887,-1,2855,2887,2853,-1,2853,2887,2885,-1,2853,2885,2851,-1,2851,2885,2883,-1,2851,2883,2849,-1,2849,2883,2881,-1,2849,2881,2879,-1,2879,2881,2880,-1,2879,2880,3089,-1,3090,3091,3092,-1,3092,3091,3093,-1,3092,3093,3094,-1,3094,3093,3095,-1,3094,3095,3096,-1,3096,3095,3097,-1,3096,3097,3098,-1,3098,3097,3099,-1,3098,3099,3100,-1,3100,3099,3101,-1,526,3102,528,-1,528,3102,3103,-1,528,3103,530,-1,530,3103,3104,-1,530,3104,532,-1,3102,2894,3103,-1,3103,2894,2893,-1,3103,2893,3104,-1,3104,2893,2895,-1,3104,2895,532,-1,532,2895,3105,-1,532,3105,533,-1,2890,3101,2888,-1,2888,3101,3099,-1,2888,3099,2886,-1,2886,3099,3097,-1,2886,3097,2884,-1,2884,3097,3095,-1,2884,3095,2882,-1,2882,3095,3093,-1,2882,3093,2880,-1,2880,3093,3091,-1,2880,3091,3089,-1,3089,3091,3090,-1,3089,3090,3106,-1,3107,525,3108,-1,3108,525,527,-1,3108,527,3109,-1,3109,527,529,-1,3109,529,3110,-1,3110,529,531,-1,3110,531,3111,-1,3111,531,533,-1,3111,533,3112,-1,3112,533,3105,-1,3112,3105,3113,-1,3114,143,3115,-1,3115,143,145,-1,3115,145,3116,-1,3116,145,3117,-1,3116,3117,3118,-1,3118,3117,3119,-1,3118,3119,3120,-1,548,534,550,-1,550,534,536,-1,550,536,552,-1,552,536,538,-1,552,538,554,-1,554,538,540,-1,554,540,556,-1,556,540,542,-1,556,542,558,-1,558,542,544,-1,558,544,560,-1,560,544,546,-1,560,546,562,-1,3121,3122,3123,-1,3123,3122,3124,-1,3123,3124,3125,-1,3125,3124,3126,-1,3125,3126,3127,-1,3127,3126,3128,-1,3127,3128,3129,-1,3129,3128,3130,-1,3129,3130,3131,-1,3131,3130,3132,-1,3131,3132,3133,-1,3133,3132,3134,-1,3133,3134,3135,-1,3135,3134,3136,-1,3135,3136,3137,-1,3137,3136,3138,-1,3137,3138,3139,-1,3139,3138,3140,-1,3139,3140,3141,-1,3141,3140,3142,-1,3141,3142,3143,-1,3143,3142,3144,-1,3143,3144,3145,-1,3145,3144,3146,-1,3145,3146,3147,-1,3147,3146,3148,-1,3147,3148,3149,-1,3149,3148,3150,-1,3149,3150,3151,-1,3151,3150,3152,-1,3151,3152,3153,-1,3153,3152,3154,-1,3153,3154,3155,-1,3155,3154,3156,-1,3155,3156,3157,-1,3157,3156,3158,-1,3157,3158,3159,-1,3159,3158,3160,-1,3159,3160,3161,-1,3161,3160,3162,-1,3161,3162,3163,-1,3163,3162,3164,-1,3163,3164,3165,-1,3165,3164,3166,-1,3165,3166,3167,-1,3167,3166,3168,-1,3167,3168,3169,-1,3169,3168,3170,-1,3169,3170,3171,-1,3171,3170,3172,-1,3171,3172,3173,-1,3173,3172,3174,-1,3173,3174,3175,-1,3175,3174,3176,-1,3175,3176,3177,-1,3177,3176,3178,-1,3177,3178,3179,-1,3179,3178,3180,-1,3179,3180,3181,-1,3181,3180,3182,-1,3181,3182,3183,-1,3183,3182,3184,-1,3183,3184,3185,-1,3185,3184,3186,-1,3185,3186,3187,-1,3187,3186,3188,-1,3187,3188,3189,-1,3189,3188,3190,-1,3189,3190,3191,-1,3191,3190,3192,-1,3191,3192,3193,-1,3193,3192,3194,-1,3193,3194,3195,-1,3195,3194,3196,-1,3195,3196,3197,-1,3197,3196,3198,-1,3197,3198,3199,-1,3199,3198,3200,-1,3199,3200,3201,-1,3201,3200,3202,-1,3201,3202,3203,-1,3203,3202,3204,-1,3203,3204,3205,-1,3205,3204,3206,-1,3205,3206,3207,-1,3207,3206,3208,-1,3207,3208,3209,-1,3209,3208,3210,-1,3122,3211,3124,-1,3124,3211,3212,-1,3124,3212,3126,-1,3126,3212,3213,-1,3126,3213,3128,-1,3128,3213,3214,-1,3128,3214,3130,-1,3130,3214,3215,-1,3130,3215,3132,-1,3132,3215,3216,-1,3132,3216,3134,-1,3134,3216,3217,-1,3134,3217,3136,-1,3136,3217,3218,-1,3136,3218,3138,-1,3138,3218,3219,-1,3138,3219,3140,-1,3140,3219,3220,-1,3140,3220,3142,-1,3142,3220,3221,-1,3142,3221,3144,-1,3144,3221,3222,-1,3144,3222,3146,-1,3146,3222,3223,-1,3146,3223,3148,-1,3148,3223,3224,-1,3148,3224,3150,-1,3150,3224,3225,-1,3150,3225,3152,-1,3152,3225,3226,-1,3152,3226,3154,-1,3154,3226,3227,-1,3154,3227,3156,-1,3156,3227,3228,-1,3156,3228,3158,-1,3158,3228,3229,-1,3158,3229,3160,-1,3160,3229,3230,-1,3160,3230,3162,-1,3162,3230,3231,-1,3162,3231,3164,-1,3164,3231,3232,-1,3164,3232,3166,-1,3166,3232,3233,-1,3166,3233,3168,-1,3168,3233,3234,-1,3168,3234,3170,-1,3170,3234,3235,-1,3170,3235,3172,-1,3172,3235,3236,-1,3172,3236,3174,-1,3174,3236,3237,-1,3174,3237,3176,-1,3176,3237,3238,-1,3176,3238,3178,-1,3178,3238,3239,-1,3178,3239,3180,-1,3180,3239,3240,-1,3180,3240,3182,-1,3182,3240,3241,-1,3182,3241,3184,-1,3184,3241,3242,-1,3184,3242,3186,-1,3186,3242,3243,-1,3186,3243,3188,-1,3188,3243,3244,-1,3188,3244,3190,-1,3190,3244,3245,-1,3190,3245,3192,-1,3192,3245,3246,-1,3192,3246,3194,-1,3194,3246,3247,-1,3194,3247,3196,-1,3196,3247,3248,-1,3196,3248,3198,-1,3198,3248,3249,-1,3198,3249,3200,-1,3200,3249,3250,-1,3200,3250,3202,-1,3202,3250,3251,-1,3202,3251,3204,-1,3204,3251,3252,-1,3204,3252,3206,-1,3206,3252,3253,-1,3206,3253,3208,-1,3208,3253,3254,-1,3208,3254,3210,-1,3210,3254,3255,-1,3211,3256,3212,-1,3212,3256,3257,-1,3212,3257,3213,-1,3213,3257,3258,-1,3213,3258,3214,-1,3214,3258,3259,-1,3214,3259,3215,-1,3215,3259,3260,-1,3215,3260,3216,-1,3216,3260,3261,-1,3216,3261,3217,-1,3217,3261,3262,-1,3217,3262,3218,-1,3218,3262,3263,-1,3218,3263,3219,-1,3219,3263,3264,-1,3219,3264,3220,-1,3220,3264,3265,-1,3220,3265,3221,-1,3221,3265,3266,-1,3221,3266,3222,-1,3222,3266,3267,-1,3222,3267,3223,-1,3223,3267,3268,-1,3223,3268,3224,-1,3224,3268,3269,-1,3224,3269,3225,-1,3225,3269,3270,-1,3225,3270,3226,-1,3226,3270,3271,-1,3226,3271,3227,-1,3227,3271,3272,-1,3227,3272,3228,-1,3228,3272,3273,-1,3228,3273,3229,-1,3229,3273,3274,-1,3229,3274,3230,-1,3230,3274,3275,-1,3230,3275,3231,-1,3231,3275,3276,-1,3231,3276,3232,-1,3232,3276,3277,-1,3232,3277,3233,-1,3233,3277,3278,-1,3233,3278,3234,-1,3234,3278,3279,-1,3234,3279,3235,-1,3235,3279,3280,-1,3235,3280,3236,-1,3236,3280,3281,-1,3236,3281,3237,-1,3237,3281,3282,-1,3237,3282,3238,-1,3238,3282,3283,-1,3238,3283,3239,-1,3239,3283,3284,-1,3239,3284,3240,-1,3240,3284,3285,-1,3240,3285,3241,-1,3241,3285,3286,-1,3241,3286,3242,-1,3242,3286,3287,-1,3242,3287,3243,-1,3243,3287,3288,-1,3243,3288,3244,-1,3244,3288,3289,-1,3244,3289,3245,-1,3245,3289,3290,-1,3245,3290,3246,-1,3246,3290,3291,-1,3246,3291,3247,-1,3247,3291,3292,-1,3247,3292,3248,-1,3248,3292,3293,-1,3248,3293,3249,-1,3249,3293,3294,-1,3249,3294,3250,-1,3250,3294,3295,-1,3250,3295,3251,-1,3251,3295,3296,-1,3251,3296,3252,-1,3252,3296,3297,-1,3252,3297,3253,-1,3253,3297,3298,-1,3253,3298,3254,-1,3254,3298,3299,-1,3254,3299,3255,-1,3255,3299,3300,-1,3256,1585,3257,-1,3257,1585,1588,-1,3257,1588,3258,-1,3258,1588,1630,-1,3258,1630,3259,-1,3259,1630,1636,-1,3259,1636,3260,-1,3260,1636,1647,-1,3260,1647,3261,-1,3261,1647,1660,-1,3261,1660,3262,-1,3262,1660,1701,-1,3262,1701,3263,-1,3263,1701,1708,-1,3263,1708,3264,-1,3264,1708,1727,-1,3264,1727,3265,-1,3265,1727,1775,-1,3265,1775,3266,-1,3266,1775,1781,-1,3266,1781,3267,-1,3267,1781,1792,-1,3267,1792,3268,-1,3268,1792,1814,-1,3268,1814,3269,-1,3269,1814,1858,-1,3269,1858,3270,-1,3270,1858,1934,-1,3270,1934,3271,-1,3271,1934,2000,-1,3271,2000,3272,-1,3272,2000,2002,-1,3272,2002,3273,-1,3273,2002,2065,-1,3273,2065,3274,-1,3274,2065,2085,-1,3274,2085,3275,-1,3275,2085,2099,-1,3275,2099,3276,-1,3276,2099,2127,-1,3276,2127,3277,-1,3277,2127,2138,-1,3277,2138,3278,-1,3278,2138,2186,-1,3278,2186,3279,-1,3279,2186,2188,-1,3279,2188,3280,-1,3280,2188,2203,-1,3280,2203,3281,-1,3281,2203,2211,-1,3281,2211,3282,-1,3282,2211,2222,-1,3282,2222,3283,-1,3283,2222,2235,-1,3283,2235,3284,-1,3284,2235,2276,-1,3284,2276,3285,-1,3285,2276,2283,-1,3285,2283,3286,-1,3286,2283,2302,-1,3286,2302,3287,-1,3287,2302,2382,-1,3287,2382,3288,-1,3288,2382,2388,-1,3288,2388,3289,-1,3289,2388,2399,-1,3289,2399,3290,-1,3290,2399,2416,-1,3290,2416,3291,-1,3291,2416,2450,-1,3291,2450,3292,-1,3292,2450,2461,-1,3292,2461,3293,-1,3293,2461,2475,-1,3293,2475,3294,-1,3294,2475,2642,-1,3294,2642,3295,-1,3295,2642,2797,-1,3295,2797,3296,-1,3296,2797,2799,-1,3296,2799,3297,-1,3297,2799,2879,-1,3297,2879,3298,-1,3298,2879,3089,-1,3298,3089,3299,-1,3299,3089,3106,-1,3299,3106,3300,-1,3300,3106,3301,-1,140,142,565,-1,565,142,3302,-1,565,3302,567,-1,567,3302,3303,-1,567,3303,569,-1,569,3303,3304,-1,569,3304,571,-1,571,3304,3305,-1,571,3305,573,-1,573,3305,3306,-1,573,3306,575,-1,141,3107,142,-1,142,3107,3108,-1,142,3108,3302,-1,3302,3108,3109,-1,3302,3109,3303,-1,3303,3109,3110,-1,3303,3110,3304,-1,3304,3110,3111,-1,3304,3111,3305,-1,3305,3111,3112,-1,3305,3112,3306,-1,3306,3112,3113,-1,3306,3113,575,-1,575,3113,3307,-1,575,3307,576,-1,3308,3114,3309,-1,3309,3114,3115,-1,3309,3115,3310,-1,3310,3115,3116,-1,3310,3116,3311,-1,3311,3116,3118,-1,3311,3118,3312,-1,3312,3118,3120,-1,3312,3120,3313,-1,3314,547,593,-1,593,547,549,-1,593,549,591,-1,591,549,551,-1,591,551,589,-1,589,551,553,-1,589,553,587,-1,587,553,555,-1,587,555,585,-1,585,555,557,-1,585,557,583,-1,583,557,559,-1,583,559,581,-1,581,559,561,-1,581,561,579,-1,579,561,563,-1,579,563,577,-1,3315,3316,3317,-1,3047,3318,3048,-1,3048,3318,3319,-1,3048,3319,3049,-1,3049,3319,3320,-1,3049,3320,3050,-1,3050,3320,3321,-1,3050,3321,3051,-1,3051,3321,3322,-1,3051,3322,3052,-1,3052,3322,3323,-1,3052,3323,3053,-1,3053,3323,3324,-1,3053,3324,3054,-1,3054,3324,3325,-1,3054,3325,3055,-1,3055,3325,3326,-1,3055,3326,3056,-1,3056,3326,3327,-1,3056,3327,3057,-1,3057,3327,3328,-1,3057,3328,3058,-1,3058,3328,3329,-1,3058,3329,3059,-1,3059,3329,3330,-1,3059,3330,3060,-1,3060,3330,3331,-1,3060,3331,3061,-1,3061,3331,3332,-1,3061,3332,3062,-1,3062,3332,3333,-1,3062,3333,3063,-1,3063,3333,3334,-1,3063,3334,3064,-1,3064,3334,3335,-1,3064,3335,3065,-1,3065,3335,3336,-1,3065,3336,3066,-1,3066,3336,3337,-1,3066,3337,3067,-1,3067,3337,3338,-1,3067,3338,3068,-1,3068,3338,3339,-1,3068,3339,3069,-1,3069,3339,3340,-1,3069,3340,3070,-1,3070,3340,3341,-1,3070,3341,3071,-1,3071,3341,3342,-1,3071,3342,3072,-1,3072,3342,3343,-1,3072,3343,3073,-1,3073,3343,3344,-1,3073,3344,3074,-1,3074,3344,3345,-1,3074,3345,3075,-1,3075,3345,3346,-1,3075,3346,3076,-1,3076,3346,3347,-1,3076,3347,3077,-1,3077,3347,3348,-1,3077,3348,3078,-1,3078,3348,3349,-1,3078,3349,3079,-1,3079,3349,3350,-1,3079,3350,3080,-1,3080,3350,3351,-1,3080,3351,3081,-1,3081,3351,3352,-1,3081,3352,3082,-1,3082,3352,3353,-1,3082,3353,3083,-1,3083,3353,3354,-1,3083,3354,3084,-1,3084,3354,3355,-1,3084,3355,3085,-1,3085,3355,3356,-1,3085,3356,3086,-1,3086,3356,3357,-1,3086,3357,3087,-1,3087,3357,3358,-1,3087,3358,3088,-1,3088,3358,3359,-1,3088,3359,3360,-1,3360,3359,3361,-1,3360,3361,3315,-1,3315,3361,3362,-1,3315,3362,3316,-1,3316,3362,3363,-1,3318,3121,3319,-1,3319,3121,3123,-1,3319,3123,3320,-1,3320,3123,3125,-1,3320,3125,3321,-1,3321,3125,3127,-1,3321,3127,3322,-1,3322,3127,3129,-1,3322,3129,3323,-1,3323,3129,3131,-1,3323,3131,3324,-1,3324,3131,3133,-1,3324,3133,3325,-1,3325,3133,3135,-1,3325,3135,3326,-1,3326,3135,3137,-1,3326,3137,3327,-1,3327,3137,3139,-1,3327,3139,3328,-1,3328,3139,3141,-1,3328,3141,3329,-1,3329,3141,3143,-1,3329,3143,3330,-1,3330,3143,3145,-1,3330,3145,3331,-1,3331,3145,3147,-1,3331,3147,3332,-1,3332,3147,3149,-1,3332,3149,3333,-1,3333,3149,3151,-1,3333,3151,3334,-1,3334,3151,3153,-1,3334,3153,3335,-1,3335,3153,3155,-1,3335,3155,3336,-1,3336,3155,3157,-1,3336,3157,3337,-1,3337,3157,3159,-1,3337,3159,3338,-1,3338,3159,3161,-1,3338,3161,3339,-1,3339,3161,3163,-1,3339,3163,3340,-1,3340,3163,3165,-1,3340,3165,3341,-1,3341,3165,3167,-1,3341,3167,3342,-1,3342,3167,3169,-1,3342,3169,3343,-1,3343,3169,3171,-1,3343,3171,3344,-1,3344,3171,3173,-1,3344,3173,3345,-1,3345,3173,3175,-1,3345,3175,3346,-1,3346,3175,3177,-1,3346,3177,3347,-1,3347,3177,3179,-1,3347,3179,3348,-1,3348,3179,3181,-1,3348,3181,3349,-1,3349,3181,3183,-1,3349,3183,3350,-1,3350,3183,3185,-1,3350,3185,3351,-1,3351,3185,3187,-1,3351,3187,3352,-1,3352,3187,3189,-1,3352,3189,3353,-1,3353,3189,3191,-1,3353,3191,3354,-1,3354,3191,3193,-1,3354,3193,3355,-1,3355,3193,3195,-1,3355,3195,3356,-1,3356,3195,3197,-1,3356,3197,3357,-1,3357,3197,3199,-1,3357,3199,3358,-1,3358,3199,3201,-1,3358,3201,3359,-1,3359,3201,3203,-1,3359,3203,3361,-1,3361,3203,3205,-1,3361,3205,3362,-1,3362,3205,3207,-1,3362,3207,3363,-1,3363,3207,3209,-1,3307,3364,3365,-1,1242,1241,1283,-1,1283,1241,1477,-1,1283,1477,1284,-1,1284,1477,1479,-1,1284,1479,1334,-1,1334,1479,1481,-1,1334,1481,1335,-1,1335,1481,1483,-1,1335,1483,1351,-1,1351,1483,1485,-1,1351,1485,1352,-1,1352,1485,1487,-1,1352,1487,1393,-1,1393,1487,1489,-1,1393,1489,1394,-1,1394,1489,1491,-1,1394,1491,1413,-1,1413,1491,1493,-1,1413,1493,1414,-1,1414,1493,1495,-1,1414,1495,1459,-1,1459,1495,1497,-1,1459,1497,1460,-1,1460,1497,1499,-1,1460,1499,1616,-1,1616,1499,1501,-1,1616,1501,1617,-1,1617,1501,1584,-1,1617,1584,1615,-1,1615,1584,1583,-1,1615,1583,1613,-1,1613,1583,1581,-1,1613,1581,1611,-1,1611,1581,1579,-1,1611,1579,1609,-1,1609,1579,1577,-1,1609,1577,1607,-1,1607,1577,1575,-1,1607,1575,1605,-1,1605,1575,1574,-1,1605,1574,1603,-1,1603,1574,1600,-1,1603,1600,1601,-1,1601,1600,1599,-1,1601,1599,2348,-1,2348,1599,1598,-1,2348,1598,3047,-1,3047,1598,1597,-1,3047,1597,3318,-1,3318,1597,1596,-1,3318,1596,3121,-1,3121,1596,1595,-1,3121,1595,3122,-1,3122,1595,1594,-1,3122,1594,3211,-1,3211,1594,1593,-1,3211,1593,3256,-1,3256,1593,1592,-1,3256,1592,1585,-1,1585,1592,1561,-1,1585,1561,1586,-1,1586,1561,1563,-1,1586,1563,2003,-1,2003,1563,1565,-1,2003,1565,1935,-1,1935,1565,1567,-1,1935,1567,1936,-1,1936,1567,1569,-1,1936,1569,1859,-1,1859,1569,1571,-1,1859,1571,1860,-1,1860,1571,1573,-1,1860,1573,1862,-1,1862,1573,1590,-1,1862,1590,1864,-1,1864,1590,1633,-1,1864,1633,1866,-1,1866,1633,1632,-1,1866,1632,1868,-1,1868,1632,1639,-1,1868,1639,1870,-1,1870,1639,1638,-1,1870,1638,1872,-1,1872,1638,1650,-1,1872,1650,1874,-1,1874,1650,1649,-1,1874,1649,1876,-1,1876,1649,1663,-1,1876,1663,1878,-1,1878,1663,1662,-1,1878,1662,1880,-1,1880,1662,1704,-1,1880,1704,1882,-1,1882,1704,1703,-1,1882,1703,1884,-1,1884,1703,1711,-1,1884,1711,1886,-1,1886,1711,1710,-1,1886,1710,1888,-1,1888,1710,1730,-1,1888,1730,1890,-1,1890,1730,1729,-1,1890,1729,1892,-1,1892,1729,1778,-1,1892,1778,1894,-1,1894,1778,1777,-1,1894,1777,1896,-1,1896,1777,1784,-1,1896,1784,1898,-1,1898,1784,1783,-1,1898,1783,1900,-1,1900,1783,1795,-1,1900,1795,1902,-1,1902,1795,1794,-1,1902,1794,1904,-1,1904,1794,1817,-1,1904,1817,1906,-1,1906,1817,1816,-1,1906,1816,1908,-1,1908,1816,1916,-1,1908,1916,1910,-1,1910,1916,1915,-1,1910,1915,1912,-1,1912,1915,1996,-1,1912,1996,272,-1,272,1996,1995,-1,272,1995,273,-1,273,1995,2037,-1,273,2037,2054,-1,2054,2037,2036,-1,2054,2036,2056,-1,2056,2036,2070,-1,2056,2070,2058,-1,2058,2070,2069,-1,2058,2069,2477,-1,2477,2069,2067,-1,2477,2067,2479,-1,2479,2067,2088,-1,2479,2088,2481,-1,2481,2088,2087,-1,2481,2087,2483,-1,2483,2087,2102,-1,2483,2102,2485,-1,2485,2102,2101,-1,2485,2101,2487,-1,2487,2101,2130,-1,2487,2130,2489,-1,2489,2130,2129,-1,2489,2129,2491,-1,2491,2129,2141,-1,2491,2141,2493,-1,2493,2141,2140,-1,2493,2140,2495,-1,2495,2140,2191,-1,2495,2191,2497,-1,2497,2191,2190,-1,2497,2190,2499,-1,2499,2190,2208,-1,2499,2208,2501,-1,2501,2208,2207,-1,2501,2207,2503,-1,2503,2207,2205,-1,2503,2205,2505,-1,2505,2205,2214,-1,2505,2214,2507,-1,2507,2214,2213,-1,2507,2213,2509,-1,2509,2213,2225,-1,2509,2225,2511,-1,2511,2225,2224,-1,2511,2224,2513,-1,2513,2224,2238,-1,2513,2238,2515,-1,2515,2238,2237,-1,2515,2237,2517,-1,2517,2237,2279,-1,2517,2279,2519,-1,2519,2279,2278,-1,2519,2278,2521,-1,2521,2278,2286,-1,2521,2286,2523,-1,2523,2286,2285,-1,2523,2285,2525,-1,2525,2285,2305,-1,2525,2305,2527,-1,2527,2305,2304,-1,2527,2304,2529,-1,2529,2304,2385,-1,2529,2385,2531,-1,2531,2385,2384,-1,2531,2384,2533,-1,2533,2384,2391,-1,2533,2391,2535,-1,2535,2391,2390,-1,2535,2390,2537,-1,2537,2390,2402,-1,2537,2402,2539,-1,2539,2402,2401,-1,2539,2401,2541,-1,2541,2401,2419,-1,2541,2419,2543,-1,2543,2419,2418,-1,2543,2418,2545,-1,2545,2418,2453,-1,2545,2453,2547,-1,2547,2453,2452,-1,2547,2452,2549,-1,2549,2452,2464,-1,2549,2464,2551,-1,2551,2464,2463,-1,2551,2463,2553,-1,2553,2463,2561,-1,2553,2561,2555,-1,2555,2561,2560,-1,2555,2560,2557,-1,2557,2560,2736,-1,2557,2736,2860,-1,2860,2736,2735,-1,2860,2735,2859,-1,2859,2735,2848,-1,2859,2848,2891,-1,2891,2848,2847,-1,2891,2847,2890,-1,2890,2847,2897,-1,2890,2897,3101,-1,3101,2897,2892,-1,3101,2892,3100,-1,3100,2892,2894,-1,3100,2894,3098,-1,3098,2894,3102,-1,3098,3102,3096,-1,3096,3102,526,-1,3096,526,3094,-1,3094,526,525,-1,3094,525,3092,-1,3092,525,3107,-1,3092,3107,3090,-1,3090,3107,141,-1,3090,141,3106,-1,3106,141,140,-1,3106,140,3301,-1,3301,140,564,-1,3301,564,3366,-1,3366,564,566,-1,3366,566,3367,-1,3367,566,568,-1,3367,568,3368,-1,3368,568,570,-1,3368,570,3369,-1,3369,570,572,-1,3369,572,3370,-1,3370,572,574,-1,3370,574,3371,-1,3371,574,576,-1,3371,576,3365,-1,3365,576,3307,-1,3372,3308,3373,-1,3373,3308,3309,-1,3373,3309,3314,-1,3314,3309,3310,-1,3314,3310,547,-1,547,3310,3311,-1,547,3311,548,-1,548,3311,3312,-1,548,3312,534,-1,534,3312,3313,-1,534,3313,535,-1,578,3374,580,-1,580,3374,3375,-1,580,3375,582,-1,582,3375,3376,-1,582,3376,584,-1,584,3376,3377,-1,584,3377,586,-1,586,3377,3378,-1,586,3378,588,-1,588,3378,3379,-1,588,3379,590,-1,590,3379,3380,-1,590,3380,592,-1,144,3034,145,-1,145,3034,3381,-1,145,3381,3117,-1,3117,3381,3382,-1,3117,3382,3119,-1,3119,3382,3383,-1,3119,3383,3120,-1,3120,3383,3384,-1,3120,3384,3313,-1,3313,3384,3385,-1,3313,3385,535,-1,535,3385,3386,-1,535,3386,537,-1,537,3386,3387,-1,537,3387,539,-1,539,3387,3388,-1,539,3388,541,-1,541,3388,3389,-1,541,3389,543,-1,543,3389,3390,-1,543,3390,545,-1,545,3390,3391,-1,545,3391,546,-1,546,3391,3392,-1,546,3392,562,-1,562,3392,3393,-1,562,3393,563,-1,563,3393,3394,-1,563,3394,577,-1,577,3394,3395,-1,577,3395,578,-1,578,3395,3396,-1,578,3396,3374,-1,57,56,234,-1,234,56,233,-1,234,233,2900,-1,2900,233,2562,-1,2900,2562,2902,-1,2902,2562,2563,-1,2902,2563,2904,-1,2904,2563,2564,-1,2904,2564,2906,-1,2906,2564,2565,-1,2906,2565,2908,-1,2908,2565,2566,-1,2908,2566,2910,-1,2910,2566,2567,-1,2910,2567,2912,-1,2912,2567,2568,-1,2912,2568,2914,-1,2914,2568,2569,-1,2914,2569,2916,-1,2916,2569,2570,-1,2916,2570,2918,-1,2918,2570,2571,-1,2918,2571,2920,-1,2920,2571,2572,-1,2920,2572,2922,-1,2922,2572,2573,-1,2922,2573,2924,-1,2924,2573,2574,-1,2924,2574,2926,-1,2926,2574,2575,-1,2926,2575,2928,-1,2928,2575,2576,-1,2928,2576,2930,-1,2930,2576,2577,-1,2930,2577,2932,-1,2932,2577,2578,-1,2932,2578,2934,-1,2934,2578,2579,-1,2934,2579,2936,-1,2936,2579,2580,-1,2936,2580,2938,-1,2938,2580,2581,-1,2938,2581,2940,-1,2940,2581,2582,-1,2940,2582,2942,-1,2942,2582,2583,-1,2942,2583,2944,-1,2944,2583,2584,-1,2944,2584,2946,-1,2946,2584,2585,-1,2946,2585,2948,-1,2948,2585,2586,-1,2948,2586,2950,-1,2950,2586,2587,-1,2950,2587,2952,-1,2952,2587,2588,-1,2952,2588,2954,-1,2954,2588,2589,-1,2954,2589,2956,-1,2956,2589,2590,-1,2956,2590,2958,-1,2958,2590,2591,-1,2958,2591,2960,-1,2960,2591,2592,-1,2960,2592,2962,-1,2962,2592,2593,-1,2962,2593,2964,-1,2964,2593,2594,-1,2964,2594,2966,-1,2966,2594,2595,-1,2966,2595,2968,-1,2968,2595,2596,-1,2968,2596,2970,-1,2970,2596,2597,-1,2970,2597,2972,-1,2972,2597,2598,-1,2972,2598,2974,-1,2974,2598,2599,-1,2974,2599,2976,-1,2976,2599,2600,-1,2976,2600,2978,-1,2978,2600,2601,-1,2978,2601,2980,-1,2980,2601,2602,-1,2980,2602,2982,-1,2982,2602,2603,-1,2982,2603,2984,-1,2984,2603,2604,-1,2984,2604,2986,-1,2986,2604,2605,-1,2986,2605,2988,-1,2988,2605,2606,-1,2988,2606,2990,-1,2990,2606,2607,-1,2990,2607,2992,-1,2992,2607,2608,-1,2992,2608,2994,-1,2994,2608,2609,-1,2994,2609,2996,-1,2996,2609,2610,-1,2996,2610,2998,-1,2998,2610,2611,-1,2998,2611,3000,-1,3000,2611,2612,-1,3000,2612,3002,-1,3002,2612,2613,-1,3002,2613,3004,-1,3004,2613,2614,-1,3004,2614,3006,-1,3006,2614,2615,-1,3006,2615,3008,-1,3008,2615,2616,-1,3008,2616,3010,-1,3010,2616,2617,-1,3010,2617,3012,-1,3012,2617,2618,-1,3012,2618,3014,-1,3014,2618,2619,-1,3014,2619,3016,-1,3016,2619,2620,-1,3016,2620,3018,-1,3018,2620,2621,-1,3018,2621,3020,-1,3020,2621,2622,-1,3020,2622,3022,-1,3022,2622,2623,-1,3022,2623,3024,-1,3024,2623,2624,-1,3024,2624,3026,-1,3026,2624,2625,-1,3026,2625,3028,-1,3028,2625,2739,-1,3028,2739,3030,-1,3030,2739,148,-1,3030,148,3032,-1,3032,148,2861,-1,3032,2861,3034,-1,3034,2861,2863,-1,3034,2863,3381,-1,3381,2863,3035,-1,3381,3035,3382,-1,3382,3035,3036,-1,3382,3036,3383,-1,3383,3036,3037,-1,3383,3037,3384,-1,3384,3037,3038,-1,3384,3038,3385,-1,3385,3038,3039,-1,3385,3039,3386,-1,3386,3039,3040,-1,3386,3040,3387,-1,3387,3040,3041,-1,3387,3041,3388,-1,3388,3041,3042,-1,3388,3042,3389,-1,3389,3042,3043,-1,3389,3043,3390,-1,3390,3043,3044,-1,3390,3044,3391,-1,3391,3044,3088,-1,3391,3088,3392,-1,3392,3088,3360,-1,3392,3360,3393,-1,3393,3360,3315,-1,3393,3315,3394,-1,3394,3315,3317,-1,3394,3317,3395,-1,3395,3317,3397,-1,3395,3397,3396,-1,3398,3399,3400,-1,3400,3399,3401,-1,3400,3401,3402,-1,3402,3401,3403,-1,3402,3403,3404,-1,3404,3403,3405,-1,3404,3405,3406,-1,3406,3405,3407,-1,3406,3407,3408,-1,3408,3407,3409,-1,3408,3409,3410,-1,3410,3409,3411,-1,3410,3411,3412,-1,3413,3412,3364,-1,3364,3412,3411,-1,3364,3411,3365,-1,3365,3411,3409,-1,3365,3409,3371,-1,3371,3409,3407,-1,3371,3407,3370,-1,3370,3407,3405,-1,3370,3405,3369,-1,3369,3405,3403,-1,3369,3403,3368,-1,3368,3403,3401,-1,3368,3401,3367,-1,3367,3401,3399,-1,3367,3399,3366,-1,3366,3399,3398,-1,3366,3398,3301,-1,3301,3398,3414,-1,3301,3414,3300,-1,3300,3414,3415,-1,3300,3415,3255,-1,3255,3415,3416,-1,3255,3416,3210,-1,3210,3416,3417,-1,3210,3417,3209,-1,3209,3417,3418,-1,3209,3418,3363,-1,3363,3418,3419,-1,3363,3419,3316,-1,3316,3419,3420,-1,3316,3420,3317,-1,3317,3420,3421,-1,3317,3421,3397,-1,3397,3421,3422,-1,3397,3422,3396,-1,3396,3422,3423,-1,3396,3423,3374,-1,3374,3423,3424,-1,3374,3424,3375,-1,3375,3424,3425,-1,3375,3425,3376,-1,3426,3427,3428,-1,3428,3427,3429,-1,3428,3429,3430,-1,3430,3429,3431,-1,3430,3431,3432,-1,3432,3431,3433,-1,3432,3433,3434,-1,3434,3433,3435,-1,3434,3435,3436,-1,3436,3435,3437,-1,3436,3437,3438,-1,3439,3440,3441,-1,3441,3440,3442,-1,3441,3442,3443,-1,3443,3442,3444,-1,3443,3444,3445,-1,3445,3444,3446,-1,3445,3446,3447,-1,3447,3446,3448,-1,3447,3448,3449,-1,3449,3448,3450,-1,3449,3450,3451,-1,3451,3450,3452,-1,3451,3452,3453,-1,3454,3453,3413,-1,3413,3453,3452,-1,3413,3452,3412,-1,3412,3452,3450,-1,3412,3450,3410,-1,3410,3450,3448,-1,3410,3448,3408,-1,3408,3448,3446,-1,3408,3446,3406,-1,3406,3446,3444,-1,3406,3444,3404,-1,3404,3444,3442,-1,3404,3442,3402,-1,3402,3442,3440,-1,3402,3440,3400,-1,3400,3440,3439,-1,3400,3439,3398,-1,3398,3439,3455,-1,3398,3455,3414,-1,3414,3455,3456,-1,3414,3456,3415,-1,3415,3456,3457,-1,3415,3457,3416,-1,3416,3457,3458,-1,3416,3458,3417,-1,3417,3458,3459,-1,3417,3459,3418,-1,3418,3459,3426,-1,3418,3426,3419,-1,3419,3426,3428,-1,3419,3428,3420,-1,3420,3428,3430,-1,3420,3430,3421,-1,3421,3430,3432,-1,3421,3432,3422,-1,3422,3432,3434,-1,3422,3434,3423,-1,3423,3434,3436,-1,3423,3436,3424,-1,3424,3436,3438,-1,3424,3438,3425,-1,3373,3460,3372,-1,3372,3460,3461,-1,3372,3461,3462,-1,3463,3464,3465,-1,3465,3464,3466,-1,3465,3466,3467,-1,3467,3466,3468,-1,3467,3468,3469,-1,3469,3468,3470,-1,3469,3470,3471,-1,3471,3470,3472,-1,3471,3472,3473,-1,3473,3472,139,-1,3473,139,3474,-1,3474,139,138,-1,3474,138,3475,-1,3476,3477,3478,-1,3478,3477,3479,-1,3478,3479,3480,-1,3480,3479,3481,-1,3480,3481,3482,-1,3482,3481,3483,-1,3482,3483,3484,-1,3484,3483,3485,-1,3484,3485,3486,-1,3486,3485,3487,-1,3486,3487,3488,-1,3488,3487,3489,-1,3488,3489,3490,-1,3491,3490,3454,-1,3454,3490,3489,-1,3454,3489,3453,-1,3453,3489,3487,-1,3453,3487,3451,-1,3451,3487,3485,-1,3451,3485,3449,-1,3449,3485,3483,-1,3449,3483,3447,-1,3447,3483,3481,-1,3447,3481,3445,-1,3445,3481,3479,-1,3445,3479,3443,-1,3443,3479,3477,-1,3443,3477,3441,-1,3441,3477,3476,-1,3441,3476,3439,-1,3439,3476,3492,-1,3439,3492,3455,-1,3455,3492,3493,-1,3455,3493,3456,-1,3456,3493,3494,-1,3456,3494,3457,-1,3457,3494,3495,-1,3457,3495,3458,-1,3458,3495,3463,-1,3458,3463,3459,-1,3459,3463,3465,-1,3459,3465,3426,-1,3426,3465,3467,-1,3426,3467,3427,-1,3427,3467,3469,-1,3427,3469,3429,-1,3429,3469,3471,-1,3429,3471,3431,-1,3431,3471,3473,-1,3431,3473,3433,-1,3433,3473,3474,-1,3433,3474,3435,-1,3435,3474,3475,-1,3435,3475,3437,-1,3461,3496,3462,-1,3462,3496,3497,-1,3462,3497,3498,-1,3499,3500,3501,-1,3501,3500,3502,-1,3501,3502,3503,-1,3503,3502,3504,-1,3503,3504,3505,-1,3505,3504,3506,-1,3505,3506,3507,-1,3507,3506,3508,-1,3507,3508,3509,-1,3509,3508,3510,-1,3509,3510,3511,-1,3511,3510,3512,-1,3511,3512,137,-1,135,3513,3514,-1,3514,3513,3515,-1,3514,3515,3516,-1,3516,3515,3517,-1,3516,3517,3518,-1,3518,3517,3519,-1,3497,3520,3498,-1,3498,3520,3521,-1,3498,3521,3522,-1,3522,3521,3523,-1,3522,3523,3524,-1,3525,3526,3527,-1,3527,3526,3528,-1,3527,3528,3529,-1,3529,3528,3530,-1,3529,3530,3531,-1,3531,3530,3532,-1,3531,3532,3533,-1,3533,3532,3534,-1,3533,3534,3535,-1,3535,3534,3536,-1,3535,3536,3537,-1,3537,3536,3538,-1,3537,3538,3539,-1,3513,3540,3515,-1,3515,3540,3541,-1,3515,3541,3517,-1,3517,3541,3542,-1,3517,3542,3519,-1,3519,3542,3543,-1,3519,3543,3544,-1,3544,3543,3545,-1,3544,3545,3546,-1,3546,3545,3547,-1,3546,3547,3548,-1,3548,3547,3549,-1,3548,3549,3550,-1,3550,3549,3525,-1,3550,3525,3499,-1,3499,3525,3527,-1,3499,3527,3500,-1,3500,3527,3529,-1,3500,3529,3502,-1,3502,3529,3531,-1,3502,3531,3504,-1,3504,3531,3533,-1,3504,3533,3506,-1,3506,3533,3535,-1,3506,3535,3508,-1,3508,3535,3537,-1,3508,3537,3510,-1,3510,3537,3539,-1,3510,3539,3512,-1,3540,3551,3541,-1,3541,3551,3552,-1,3541,3552,3542,-1,3542,3552,3553,-1,3542,3553,3543,-1,3543,3553,3554,-1,3543,3554,3545,-1,3545,3554,3555,-1,3545,3555,3547,-1,3547,3555,3556,-1,3547,3556,3549,-1,3549,3556,3557,-1,3549,3557,3525,-1,3525,3557,3558,-1,3525,3558,3526,-1,3526,3558,3559,-1,3526,3559,3528,-1,3528,3559,3560,-1,3528,3560,3530,-1,3530,3560,3561,-1,3530,3561,3532,-1,3532,3561,3562,-1,3532,3562,3534,-1,3534,3562,3563,-1,3534,3563,3536,-1,3536,3563,3564,-1,3536,3564,3538,-1,135,134,3513,-1,3513,134,3565,-1,3513,3565,3540,-1,3540,3565,3566,-1,3540,3566,3551,-1,3551,3566,3567,-1,3551,3567,3552,-1,3568,3569,3570,-1,3570,3569,3571,-1,3570,3571,3572,-1,3572,3571,3573,-1,3572,3573,3574,-1,3574,3573,3575,-1,3574,3575,3576,-1,3576,3575,3577,-1,3576,3577,3578,-1,3578,3577,3579,-1,3578,3579,3580,-1,3581,3582,3583,-1,3584,3582,3585,-1,3585,3582,3581,-1,3585,3581,3586,-1,3587,3588,3589,-1,3589,3588,3524,-1,3589,3524,3590,-1,3590,3524,3523,-1,3591,3592,3593,-1,3593,3592,3594,-1,3593,3594,3595,-1,3595,3594,3596,-1,3595,3596,3597,-1,3597,3596,3598,-1,3597,3598,3599,-1,3599,3598,3600,-1,3599,3600,3601,-1,3601,3600,3602,-1,3601,3602,3603,-1,3603,3602,3604,-1,3603,3604,3605,-1,3567,3606,3552,-1,3552,3606,3607,-1,3552,3607,3553,-1,3553,3607,3608,-1,3553,3608,3554,-1,3554,3608,3609,-1,3554,3609,3555,-1,3555,3609,3610,-1,3555,3610,3556,-1,3556,3610,3591,-1,3556,3591,3557,-1,3557,3591,3593,-1,3557,3593,3558,-1,3558,3593,3595,-1,3558,3595,3559,-1,3559,3595,3597,-1,3559,3597,3560,-1,3560,3597,3599,-1,3560,3599,3561,-1,3561,3599,3601,-1,3561,3601,3562,-1,3562,3601,3603,-1,3562,3603,3563,-1,3563,3603,3605,-1,3563,3605,3564,-1,3606,3611,3612,-1,3613,3568,3614,-1,3614,3568,3570,-1,3614,3570,3615,-1,3615,3570,3572,-1,3615,3572,3616,-1,3616,3572,3574,-1,3616,3574,3617,-1,3617,3574,3576,-1,3617,3576,3618,-1,3618,3576,3578,-1,3618,3578,3619,-1,3619,3578,3580,-1,3619,3620,3618,-1,3618,3620,3621,-1,3618,3621,3617,-1,3617,3621,3622,-1,3617,3622,3616,-1,3616,3622,3623,-1,3616,3623,3615,-1,3615,3623,3624,-1,3615,3624,3614,-1,3614,3624,3625,-1,3614,3625,3613,-1,595,3626,597,-1,597,3626,3627,-1,597,3627,599,-1,599,3627,3628,-1,599,3628,601,-1,3626,3583,3627,-1,3627,3583,3582,-1,3627,3582,3628,-1,3628,3582,3584,-1,3628,3584,601,-1,601,3584,3629,-1,601,3629,602,-1,264,133,3630,-1,3630,133,132,-1,3630,132,3631,-1,54,53,3632,-1,3632,53,2898,-1,3632,2898,3633,-1,3633,2898,2899,-1,3633,2899,3634,-1,3634,2899,2901,-1,3634,2901,3635,-1,3635,2901,2903,-1,3635,2903,3636,-1,3636,2903,2905,-1,3636,2905,3637,-1,3637,2905,2907,-1,3637,2907,3638,-1,3638,2907,2909,-1,3638,2909,3639,-1,3639,2909,2911,-1,3639,2911,3640,-1,3640,2911,2913,-1,3640,2913,3641,-1,3641,2913,2915,-1,3641,2915,3642,-1,3642,2915,2917,-1,3642,2917,3643,-1,3643,2917,2919,-1,3643,2919,3644,-1,3644,2919,2921,-1,3644,2921,3645,-1,3645,2921,2923,-1,3645,2923,3646,-1,3646,2923,2925,-1,3646,2925,3647,-1,3647,2925,2927,-1,3647,2927,3648,-1,3648,2927,2929,-1,3648,2929,3649,-1,3649,2929,2931,-1,3649,2931,3650,-1,3650,2931,2933,-1,3650,2933,3651,-1,3651,2933,2935,-1,3651,2935,3652,-1,3652,2935,2937,-1,3652,2937,3653,-1,3653,2937,2939,-1,3653,2939,3654,-1,3654,2939,2941,-1,3654,2941,3655,-1,3655,2941,2943,-1,3655,2943,3656,-1,3656,2943,2945,-1,3656,2945,3657,-1,3657,2945,2947,-1,3657,2947,3658,-1,3658,2947,2949,-1,3658,2949,3659,-1,3659,2949,2951,-1,3659,2951,3660,-1,3660,2951,2953,-1,3660,2953,3661,-1,3661,2953,2955,-1,3661,2955,3662,-1,3662,2955,2957,-1,3662,2957,3663,-1,3663,2957,2959,-1,3663,2959,3664,-1,3664,2959,2961,-1,3664,2961,3665,-1,3665,2961,2963,-1,3665,2963,3666,-1,3666,2963,2965,-1,3666,2965,3667,-1,3667,2965,2967,-1,3667,2967,3668,-1,3668,2967,2969,-1,3668,2969,3669,-1,3669,2969,2971,-1,3669,2971,3670,-1,3670,2971,2973,-1,3670,2973,3671,-1,3671,2973,2975,-1,3671,2975,3672,-1,3672,2975,2977,-1,3672,2977,3673,-1,3673,2977,2979,-1,3673,2979,3674,-1,3674,2979,2981,-1,3674,2981,3675,-1,3675,2981,2983,-1,3675,2983,3676,-1,3676,2983,2985,-1,3676,2985,3677,-1,3677,2985,2987,-1,3677,2987,3678,-1,3678,2987,2989,-1,3678,2989,3679,-1,3679,2989,2991,-1,3679,2991,3680,-1,3680,2991,2993,-1,3680,2993,3681,-1,3681,2993,2995,-1,3681,2995,3682,-1,3682,2995,2997,-1,3682,2997,3683,-1,3683,2997,2999,-1,3683,2999,3684,-1,3684,2999,3001,-1,3684,3001,3685,-1,3685,3001,3003,-1,3685,3003,3686,-1,3686,3003,3005,-1,3686,3005,3687,-1,3687,3005,3007,-1,3687,3007,3688,-1,3688,3007,3009,-1,3688,3009,3689,-1,3689,3009,3011,-1,3689,3011,3690,-1,3690,3011,3013,-1,3690,3013,3691,-1,3691,3013,3015,-1,3691,3015,3692,-1,3692,3015,3017,-1,3692,3017,3693,-1,3693,3017,3019,-1,3693,3019,3694,-1,3694,3019,3021,-1,3694,3021,3695,-1,3695,3021,3023,-1,3695,3023,3696,-1,3696,3023,3025,-1,3696,3025,3697,-1,3697,3025,3027,-1,3697,3027,3698,-1,3698,3027,3029,-1,3698,3029,3699,-1,3699,3029,3031,-1,3699,3031,3700,-1,3700,3031,3033,-1,3700,3033,3701,-1,3701,3033,144,-1,3701,144,3702,-1,3702,144,143,-1,3702,143,3703,-1,3703,143,3114,-1,3703,3114,3704,-1,3704,3114,3308,-1,3704,3308,3705,-1,3705,3308,3372,-1,3705,3372,3706,-1,3706,3372,3462,-1,3706,3462,3707,-1,3707,3462,3498,-1,3707,3498,3708,-1,3708,3498,3522,-1,3708,3522,3709,-1,3709,3522,3524,-1,3709,3524,3631,-1,3631,3524,3588,-1,3631,3588,3630,-1,3630,3588,3587,-1,3630,3587,264,-1,3710,3711,3712,-1,3712,3711,3713,-1,3712,3713,3714,-1,3714,3713,3715,-1,3714,3715,3716,-1,3716,3715,3717,-1,3716,3717,3718,-1,3718,3717,3719,-1,3718,3719,3720,-1,3720,3719,3721,-1,3720,3721,3722,-1,3722,3721,3723,-1,3722,3723,3724,-1,3724,3723,3725,-1,3724,3725,3726,-1,3606,3612,3607,-1,3607,3612,3727,-1,3607,3727,3608,-1,3608,3727,3728,-1,3608,3728,3609,-1,3609,3728,3710,-1,3609,3710,3610,-1,3610,3710,3712,-1,3610,3712,3591,-1,3591,3712,3714,-1,3591,3714,3592,-1,3592,3714,3716,-1,3592,3716,3594,-1,3594,3716,3718,-1,3594,3718,3596,-1,3596,3718,3720,-1,3596,3720,3598,-1,3598,3720,3722,-1,3598,3722,3600,-1,3600,3722,3724,-1,3600,3724,3602,-1,3602,3724,3726,-1,3602,3726,3604,-1,3625,3729,3613,-1,3613,3729,3611,-1,3613,3611,3568,-1,3568,3611,3606,-1,3568,3606,3569,-1,3569,3606,3567,-1,3569,3567,3571,-1,3571,3567,3566,-1,3571,3566,3573,-1,3573,3566,3565,-1,3573,3565,3575,-1,3575,3565,134,-1,3575,134,3577,-1,3577,134,136,-1,3577,136,3579,-1,3730,594,3731,-1,3731,594,596,-1,3731,596,3732,-1,3732,596,598,-1,3732,598,3733,-1,3733,598,600,-1,3733,600,3734,-1,3734,600,602,-1,3734,602,3735,-1,3735,602,3629,-1,3735,3629,3736,-1,3737,3738,3739,-1,3739,3738,3740,-1,3739,3740,3741,-1,3741,3740,3742,-1,3741,3742,3743,-1,3743,3742,3744,-1,3743,3744,3745,-1,3745,3744,3746,-1,3745,3746,3747,-1,3747,3746,3748,-1,3747,3748,3749,-1,3749,3748,3750,-1,3749,3750,3751,-1,3729,3752,3611,-1,3611,3752,3753,-1,3611,3753,3612,-1,3612,3753,3754,-1,3612,3754,3727,-1,3727,3754,3755,-1,3727,3755,3728,-1,3728,3755,3756,-1,3728,3756,3710,-1,3710,3756,3737,-1,3710,3737,3711,-1,3711,3737,3739,-1,3711,3739,3713,-1,3713,3739,3741,-1,3713,3741,3715,-1,3715,3741,3743,-1,3715,3743,3717,-1,3717,3743,3745,-1,3717,3745,3719,-1,3719,3745,3747,-1,3719,3747,3721,-1,3721,3747,3749,-1,3721,3749,3723,-1,3723,3749,3751,-1,3723,3751,3725,-1,3752,3757,3758,-1,125,127,604,-1,604,127,3759,-1,604,3759,606,-1,606,3759,3760,-1,606,3760,608,-1,608,3760,3761,-1,608,3761,610,-1,610,3761,3762,-1,610,3762,612,-1,612,3762,3763,-1,612,3763,614,-1,126,3730,127,-1,127,3730,3731,-1,127,3731,3759,-1,3759,3731,3732,-1,3759,3732,3760,-1,3760,3732,3733,-1,3760,3733,3761,-1,3761,3733,3734,-1,3761,3734,3762,-1,3762,3734,3735,-1,3762,3735,3763,-1,3763,3735,3736,-1,3763,3736,614,-1,614,3736,3764,-1,614,3764,615,-1,130,129,3765,-1,3765,129,3766,-1,3765,3766,3767,-1,3768,3769,3770,-1,3770,3769,3771,-1,3770,3771,3772,-1,3772,3771,3773,-1,3772,3773,3774,-1,3774,3773,3775,-1,3774,3775,3776,-1,3776,3775,3777,-1,3776,3777,3778,-1,3778,3777,3779,-1,3778,3779,3780,-1,3780,3779,124,-1,3780,124,3781,-1,3781,124,123,-1,3781,123,3782,-1,3752,3758,3753,-1,3753,3758,3783,-1,3753,3783,3754,-1,3754,3783,3784,-1,3754,3784,3755,-1,3755,3784,3768,-1,3755,3768,3756,-1,3756,3768,3770,-1,3756,3770,3737,-1,3737,3770,3772,-1,3737,3772,3738,-1,3738,3772,3774,-1,3738,3774,3740,-1,3740,3774,3776,-1,3740,3776,3742,-1,3742,3776,3778,-1,3742,3778,3744,-1,3744,3778,3780,-1,3744,3780,3746,-1,3746,3780,3781,-1,3746,3781,3748,-1,3748,3781,3782,-1,3748,3782,3750,-1,137,139,3511,-1,3511,139,3472,-1,3511,3472,3509,-1,3509,3472,3470,-1,3509,3470,3507,-1,3507,3470,3468,-1,3507,3468,3505,-1,3505,3468,3466,-1,3505,3466,3503,-1,3503,3466,3464,-1,3503,3464,3501,-1,3501,3464,3463,-1,3501,3463,3499,-1,3499,3463,3495,-1,3499,3495,3550,-1,3550,3495,3494,-1,3550,3494,3548,-1,3548,3494,3493,-1,3548,3493,3546,-1,3546,3493,3492,-1,3546,3492,3544,-1,3544,3492,3476,-1,3544,3476,3519,-1,3519,3476,3478,-1,3519,3478,3518,-1,3518,3478,3480,-1,3518,3480,3516,-1,3516,3480,3482,-1,3516,3482,3514,-1,3514,3482,3484,-1,3514,3484,135,-1,135,3484,3486,-1,135,3486,136,-1,136,3486,3488,-1,136,3488,3579,-1,3579,3488,3490,-1,3579,3490,3580,-1,3580,3490,3491,-1,3580,3491,3619,-1,3619,3491,3586,-1,3619,3586,3620,-1,3620,3586,3581,-1,3620,3581,3621,-1,3621,3581,3583,-1,3621,3583,3622,-1,3622,3583,3626,-1,3622,3626,3623,-1,3623,3626,595,-1,3623,595,3624,-1,3624,595,594,-1,3624,594,3625,-1,3625,594,3730,-1,3625,3730,3729,-1,3729,3730,126,-1,3729,126,3752,-1,3752,126,125,-1,3752,125,3757,-1,3757,125,603,-1,3757,603,3785,-1,3785,603,605,-1,3785,605,3786,-1,3786,605,607,-1,3786,607,3787,-1,3787,607,609,-1,3787,609,3788,-1,3788,609,611,-1,3788,611,3789,-1,3789,611,613,-1,3789,613,3790,-1,3790,613,615,-1,3790,615,3791,-1,3791,615,3764,-1,3791,3764,3792,-1,265,128,133,-1,133,128,130,-1,133,130,131,-1,131,130,3765,-1,131,3765,3793,-1,3793,3765,3767,-1,3793,3767,3794,-1,3794,3767,3795,-1,3794,3795,3796,-1,3797,3798,3799,-1,3799,3798,3800,-1,3799,3800,3801,-1,3801,3800,3802,-1,3801,3802,3803,-1,3803,3802,3804,-1,3803,3804,3805,-1,3805,3804,3806,-1,3805,3806,3807,-1,3807,3806,121,-1,3807,121,3808,-1,3808,121,120,-1,3808,120,122,-1,3809,3810,3811,-1,3811,3810,3812,-1,3811,3812,3813,-1,118,121,119,-1,119,121,3806,-1,119,3806,3814,-1,3814,3806,3804,-1,3814,3804,3815,-1,3815,3804,3802,-1,3815,3802,3816,-1,3816,3802,3800,-1,3816,3800,3817,-1,3817,3800,3798,-1,3817,3798,3818,-1,3818,3798,3797,-1,3818,3797,3819,-1,3819,3797,3820,-1,3819,3820,3821,-1,3822,3812,3823,-1,3823,3812,3810,-1,3823,3810,3824,-1,3824,3810,3809,-1,3824,3809,3825,-1,3826,3827,3828,-1,3828,3827,3829,-1,3828,3829,3830,-1,3830,3829,3831,-1,3830,3831,3832,-1,3832,3831,3833,-1,3832,3833,3834,-1,3795,3835,3796,-1,3796,3835,3836,-1,3796,3836,3837,-1,117,119,3838,-1,3838,119,3814,-1,3838,3814,3839,-1,3839,3814,3815,-1,3839,3815,3840,-1,3840,3815,3816,-1,3840,3816,3841,-1,3841,3816,3817,-1,3841,3817,3842,-1,3842,3817,3818,-1,3842,3818,3843,-1,3843,3818,3819,-1,3843,3819,3844,-1,3844,3819,3821,-1,3844,3821,3845,-1,3846,3847,3826,-1,3826,3847,3822,-1,3826,3822,3827,-1,3827,3822,3823,-1,3827,3823,3829,-1,3829,3823,3824,-1,3829,3824,3831,-1,3831,3824,3825,-1,3831,3825,3833,-1,3846,3826,3848,-1,3848,3826,3828,-1,3848,3828,3849,-1,3849,3828,3830,-1,3849,3830,3850,-1,3850,3830,3832,-1,3850,3832,3851,-1,3851,3832,3834,-1,3851,3834,3852,-1,3853,3854,3855,-1,3856,3857,3858,-1,3858,3857,3837,-1,3858,3837,3859,-1,3859,3837,3836,-1,114,116,617,-1,617,116,3860,-1,617,3860,3861,-1,3861,3860,3862,-1,3861,3862,3863,-1,3863,3862,3864,-1,3863,3864,3865,-1,3865,3864,3866,-1,3865,3866,3867,-1,3867,3866,3868,-1,3867,3868,3869,-1,3869,3868,3870,-1,3869,3870,3871,-1,3872,3871,3845,-1,3845,3871,3870,-1,3845,3870,3844,-1,3844,3870,3868,-1,3844,3868,3843,-1,3843,3868,3866,-1,3843,3866,3842,-1,3842,3866,3864,-1,3842,3864,3841,-1,3841,3864,3862,-1,3841,3862,3840,-1,3840,3862,3860,-1,3840,3860,3839,-1,3839,3860,116,-1,3839,116,3838,-1,3838,116,115,-1,3838,115,117,-1,3820,3873,3821,-1,3821,3873,3874,-1,3821,3874,3845,-1,3845,3874,3875,-1,3845,3875,3872,-1,3872,3875,3876,-1,3872,3876,3877,-1,3877,3876,3878,-1,3879,3847,3880,-1,3880,3847,3846,-1,3880,3846,3881,-1,3881,3846,3848,-1,3881,3848,3882,-1,3882,3848,3849,-1,3882,3849,3883,-1,3883,3849,3850,-1,3883,3850,3884,-1,3884,3850,3851,-1,3884,3851,3885,-1,3885,3851,3852,-1,3885,3852,3886,-1,3887,3879,3888,-1,3888,3879,3880,-1,3888,3880,3889,-1,3889,3880,3881,-1,3889,3881,3890,-1,3890,3881,3882,-1,3890,3882,3891,-1,3891,3882,3883,-1,3891,3883,3892,-1,3892,3883,3884,-1,3892,3884,3893,-1,3893,3884,3885,-1,3893,3885,3894,-1,3894,3885,3886,-1,3895,262,3896,-1,3896,262,261,-1,3896,261,3897,-1,3897,3898,3896,-1,3896,3898,3899,-1,3896,3899,3895,-1,3895,3899,3900,-1,3897,3855,3898,-1,3898,3855,3854,-1,3898,3854,3899,-1,3899,3854,3901,-1,3899,3901,3900,-1,3902,619,3903,-1,3903,619,618,-1,3903,618,3904,-1,55,54,235,-1,235,54,3632,-1,235,3632,3905,-1,3905,3632,3633,-1,3905,3633,3906,-1,3906,3633,3634,-1,3906,3634,3907,-1,3907,3634,3635,-1,3907,3635,3908,-1,3908,3635,3636,-1,3908,3636,3909,-1,3909,3636,3637,-1,3909,3637,3910,-1,3910,3637,3638,-1,3910,3638,3911,-1,3911,3638,3639,-1,3911,3639,3912,-1,3912,3639,3640,-1,3912,3640,3913,-1,3913,3640,3641,-1,3913,3641,3914,-1,3914,3641,3642,-1,3914,3642,3915,-1,3915,3642,3643,-1,3915,3643,3916,-1,3916,3643,3644,-1,3916,3644,3917,-1,3917,3644,3645,-1,3917,3645,3918,-1,3918,3645,3646,-1,3918,3646,3919,-1,3919,3646,3647,-1,3919,3647,3920,-1,3920,3647,3648,-1,3920,3648,3921,-1,3921,3648,3649,-1,3921,3649,3922,-1,3922,3649,3650,-1,3922,3650,3923,-1,3923,3650,3651,-1,3923,3651,3924,-1,3924,3651,3652,-1,3924,3652,3925,-1,3925,3652,3653,-1,3925,3653,3926,-1,3926,3653,3654,-1,3926,3654,3927,-1,3927,3654,3655,-1,3927,3655,3928,-1,3928,3655,3656,-1,3928,3656,3929,-1,3929,3656,3657,-1,3929,3657,3930,-1,3930,3657,3658,-1,3930,3658,3931,-1,3931,3658,3659,-1,3931,3659,3932,-1,3932,3659,3660,-1,3932,3660,3933,-1,3933,3660,3661,-1,3933,3661,3934,-1,3934,3661,3662,-1,3934,3662,3935,-1,3935,3662,3663,-1,3935,3663,3936,-1,3936,3663,3664,-1,3936,3664,3937,-1,3937,3664,3665,-1,3937,3665,3938,-1,3938,3665,3666,-1,3938,3666,3939,-1,3939,3666,3667,-1,3939,3667,3940,-1,3940,3667,3668,-1,3940,3668,3941,-1,3941,3668,3669,-1,3941,3669,3942,-1,3942,3669,3670,-1,3942,3670,3943,-1,3943,3670,3671,-1,3943,3671,3944,-1,3944,3671,3672,-1,3944,3672,3945,-1,3945,3672,3673,-1,3945,3673,3946,-1,3946,3673,3674,-1,3946,3674,3947,-1,3947,3674,3675,-1,3947,3675,3948,-1,3948,3675,3676,-1,3948,3676,3949,-1,3949,3676,3677,-1,3949,3677,3950,-1,3950,3677,3678,-1,3950,3678,3951,-1,3951,3678,3679,-1,3951,3679,3952,-1,3952,3679,3680,-1,3952,3680,3953,-1,3953,3680,3681,-1,3953,3681,3954,-1,3954,3681,3682,-1,3954,3682,3955,-1,3955,3682,3683,-1,3955,3683,3956,-1,3956,3683,3684,-1,3956,3684,3957,-1,3957,3684,3685,-1,3957,3685,3958,-1,3958,3685,3686,-1,3958,3686,3959,-1,3959,3686,3687,-1,3959,3687,3960,-1,3960,3687,3688,-1,3960,3688,3961,-1,3961,3688,3689,-1,3961,3689,3962,-1,3962,3689,3690,-1,3962,3690,3963,-1,3963,3690,3691,-1,3963,3691,3964,-1,3964,3691,3692,-1,3964,3692,3965,-1,3965,3692,3693,-1,3965,3693,3966,-1,3966,3693,3694,-1,3966,3694,3967,-1,3967,3694,3695,-1,3967,3695,3968,-1,3968,3695,3696,-1,3968,3696,3969,-1,3969,3696,3697,-1,3969,3697,3970,-1,3970,3697,3698,-1,3970,3698,3971,-1,3971,3698,3699,-1,3971,3699,3972,-1,3972,3699,3700,-1,3972,3700,3973,-1,3973,3700,3701,-1,3973,3701,3974,-1,3974,3701,3702,-1,3974,3702,3975,-1,3975,3702,3703,-1,3975,3703,3976,-1,3976,3703,3704,-1,3976,3704,3977,-1,3977,3704,3705,-1,3977,3705,3978,-1,3978,3705,3706,-1,3978,3706,3979,-1,3979,3706,3707,-1,3979,3707,3980,-1,3980,3707,3708,-1,3980,3708,3981,-1,3981,3708,3709,-1,3981,3709,3982,-1,3982,3709,3631,-1,3982,3631,3983,-1,3983,3631,132,-1,3983,132,3984,-1,3984,132,131,-1,3984,131,3985,-1,3985,131,3793,-1,3985,3793,3986,-1,3986,3793,3794,-1,3986,3794,3987,-1,3987,3794,3796,-1,3987,3796,3988,-1,3988,3796,3837,-1,3988,3837,3902,-1,3902,3837,3857,-1,3902,3857,619,-1,619,3857,3856,-1,619,3856,620,-1,3989,3990,3991,-1,3991,3990,3992,-1,3991,3992,3993,-1,3993,3992,3994,-1,3993,3994,3995,-1,3995,3994,3996,-1,3995,3996,3997,-1,3997,3996,3998,-1,3997,3998,3999,-1,3999,3998,4000,-1,3999,4000,4001,-1,4001,4000,4002,-1,4003,263,4004,-1,4004,263,262,-1,4004,262,4005,-1,4005,262,3895,-1,4005,3895,4006,-1,4006,3895,3900,-1,4006,3900,4007,-1,4007,3900,3901,-1,4007,3901,4008,-1,4009,4010,4011,-1,4012,4013,4014,-1,4014,4013,4015,-1,4014,4015,3878,-1,3878,4015,4016,-1,3878,4016,3877,-1,3894,4002,3893,-1,3893,4002,4000,-1,3893,4000,3892,-1,3892,4000,3998,-1,3892,3998,3891,-1,3891,3998,3996,-1,3891,3996,3890,-1,3890,3996,3994,-1,3890,3994,3889,-1,3889,3994,3992,-1,3889,3992,3888,-1,3888,3992,3990,-1,3888,3990,3887,-1,3887,3990,3989,-1,3887,3989,4017,-1,4018,4003,4019,-1,4019,4003,4004,-1,4019,4004,4020,-1,4020,4004,4005,-1,4020,4005,4021,-1,4021,4005,4006,-1,4021,4006,4022,-1,4022,4006,4007,-1,4022,4007,4023,-1,4023,4007,4008,-1,4023,4008,4024,-1,4011,4010,4025,-1,4025,4010,4026,-1,4025,4026,4027,-1,4028,4029,4012,-1,4012,4029,4030,-1,4012,4030,4013,-1,3873,4031,3874,-1,3874,4031,4032,-1,3874,4032,3875,-1,3875,4032,4033,-1,3875,4033,3876,-1,3876,4033,4034,-1,3876,4034,3878,-1,3878,4034,4035,-1,3878,4035,4014,-1,4014,4035,4036,-1,4014,4036,4012,-1,4012,4036,4037,-1,4012,4037,4028,-1,4028,4037,4038,-1,4031,4039,4032,-1,4032,4039,4040,-1,4032,4040,4033,-1,4033,4040,4041,-1,4033,4041,4034,-1,4034,4041,4042,-1,4034,4042,4035,-1,4035,4042,4043,-1,4035,4043,4036,-1,4036,4043,4044,-1,4036,4044,4037,-1,4037,4044,4045,-1,4037,4045,4038,-1,4038,4045,4046,-1,4039,3813,4040,-1,4040,3813,3812,-1,4040,3812,4041,-1,4041,3812,3822,-1,4041,3822,4042,-1,4042,3822,3847,-1,4042,3847,4043,-1,4043,3847,3879,-1,4043,3879,4044,-1,4044,3879,3887,-1,4044,3887,4045,-1,4045,3887,4017,-1,4045,4017,4046,-1,4046,4017,4047,-1,111,113,622,-1,622,113,4048,-1,622,4048,624,-1,624,4048,4049,-1,624,4049,626,-1,626,4049,4050,-1,626,4050,628,-1,628,4050,4051,-1,628,4051,630,-1,630,4051,4052,-1,630,4052,632,-1,112,4018,113,-1,113,4018,4019,-1,113,4019,4048,-1,4048,4019,4020,-1,4048,4020,4049,-1,4049,4020,4021,-1,4049,4021,4050,-1,4050,4021,4022,-1,4050,4022,4051,-1,4051,4022,4023,-1,4051,4023,4052,-1,4052,4023,4024,-1,4052,4024,632,-1,632,4024,4053,-1,632,4053,633,-1,51,50,236,-1,236,50,235,-1,236,235,697,-1,697,235,3905,-1,697,3905,698,-1,698,3905,3906,-1,698,3906,700,-1,700,3906,3907,-1,700,3907,801,-1,801,3907,3908,-1,801,3908,800,-1,800,3908,3909,-1,800,3909,799,-1,799,3909,3910,-1,799,3910,844,-1,844,3910,3911,-1,844,3911,888,-1,888,3911,3912,-1,888,3912,952,-1,952,3912,3913,-1,952,3913,967,-1,967,3913,3914,-1,967,3914,1011,-1,1011,3914,3915,-1,1011,3915,1069,-1,1069,3915,3916,-1,1069,3916,4054,-1,4054,3916,3917,-1,4054,3917,4055,-1,4055,3917,3918,-1,4055,3918,4056,-1,4056,3918,3919,-1,4056,3919,4057,-1,4057,3919,3920,-1,4057,3920,4058,-1,4058,3920,3921,-1,4058,3921,4059,-1,4059,3921,3922,-1,4059,3922,4060,-1,4060,3922,3923,-1,4060,3923,4061,-1,4061,3923,3924,-1,4061,3924,4062,-1,4062,3924,3925,-1,4062,3925,4063,-1,4063,3925,3926,-1,4063,3926,4064,-1,4064,3926,3927,-1,4064,3927,4065,-1,4065,3927,3928,-1,4065,3928,4066,-1,4066,3928,3929,-1,4066,3929,4067,-1,4067,3929,3930,-1,4067,3930,4068,-1,4068,3930,3931,-1,4068,3931,4069,-1,4069,3931,3932,-1,4069,3932,4070,-1,4070,3932,3933,-1,4070,3933,4071,-1,4071,3933,3934,-1,4071,3934,4072,-1,4072,3934,3935,-1,4072,3935,4073,-1,4073,3935,3936,-1,4073,3936,4074,-1,4074,3936,3937,-1,4074,3937,4075,-1,4075,3937,3938,-1,4075,3938,4076,-1,4076,3938,3939,-1,4076,3939,4077,-1,4077,3939,3940,-1,4077,3940,4078,-1,4078,3940,3941,-1,4078,3941,4079,-1,4079,3941,3942,-1,4079,3942,4080,-1,4080,3942,3943,-1,4080,3943,4081,-1,4081,3943,3944,-1,4081,3944,4082,-1,4082,3944,3945,-1,4082,3945,4083,-1,4083,3945,3946,-1,4083,3946,4084,-1,4084,3946,3947,-1,4084,3947,4085,-1,4085,3947,3948,-1,4085,3948,4086,-1,4086,3948,3949,-1,4086,3949,4087,-1,4087,3949,3950,-1,4087,3950,4088,-1,4088,3950,3951,-1,4088,3951,4089,-1,4089,3951,3952,-1,4089,3952,4090,-1,4090,3952,3953,-1,4090,3953,4091,-1,4091,3953,3954,-1,4091,3954,4092,-1,4092,3954,3955,-1,4092,3955,4093,-1,4093,3955,3956,-1,4093,3956,4094,-1,4094,3956,3957,-1,4094,3957,4095,-1,4095,3957,3958,-1,4095,3958,4096,-1,4096,3958,3959,-1,4096,3959,4097,-1,4097,3959,3960,-1,4097,3960,4098,-1,4098,3960,3961,-1,4098,3961,4099,-1,4099,3961,3962,-1,4099,3962,4100,-1,4100,3962,3963,-1,4100,3963,4101,-1,4101,3963,3964,-1,4101,3964,4102,-1,4102,3964,3965,-1,4102,3965,4103,-1,4103,3965,3966,-1,4103,3966,4104,-1,4104,3966,3967,-1,4104,3967,4105,-1,4105,3967,3968,-1,4105,3968,4106,-1,4106,3968,3969,-1,4106,3969,4107,-1,4107,3969,3970,-1,4107,3970,4108,-1,4108,3970,3971,-1,4108,3971,4109,-1,4109,3971,3972,-1,4109,3972,4110,-1,4110,3972,3973,-1,4110,3973,4111,-1,4111,3973,3974,-1,4111,3974,4112,-1,4112,3974,3975,-1,4112,3975,4113,-1,4113,3975,3976,-1,4113,3976,4114,-1,4114,3976,3977,-1,4114,3977,4115,-1,4115,3977,3978,-1,4115,3978,4116,-1,4116,3978,3979,-1,4116,3979,4117,-1,4117,3979,3980,-1,4117,3980,4118,-1,4118,3980,3981,-1,4118,3981,4119,-1,4119,3981,3982,-1,4119,3982,4120,-1,4120,3982,3983,-1,4120,3983,4121,-1,4121,3983,3984,-1,4121,3984,4122,-1,4122,3984,3985,-1,4122,3985,4123,-1,4123,3985,3986,-1,4123,3986,4124,-1,4124,3986,3987,-1,4124,3987,4125,-1,4125,3987,3988,-1,4125,3988,4126,-1,4126,3988,3902,-1,4126,3902,4127,-1,4127,3902,3903,-1,4127,3903,4128,-1,4128,3903,3904,-1,4128,3904,4129,-1,4129,3904,4130,-1,4129,4130,4131,-1,4131,4130,4132,-1,4131,4132,4133,-1,620,4009,618,-1,618,4009,4011,-1,618,4011,3904,-1,3904,4011,4025,-1,3904,4025,4130,-1,4130,4025,4027,-1,4130,4027,4132,-1,4132,4027,4134,-1,616,4135,4136,-1,4136,4135,4137,-1,4136,4137,4138,-1,4138,4137,4139,-1,4138,4139,4140,-1,4140,4139,4141,-1,4140,4141,4142,-1,4142,4141,4143,-1,4142,4143,4144,-1,4144,4143,4145,-1,4144,4145,4146,-1,4146,4145,4147,-1,4146,4147,4148,-1,4148,4147,4149,-1,4148,4149,4150,-1,4135,4151,4137,-1,4137,4151,4152,-1,4137,4152,4139,-1,4139,4152,4153,-1,4139,4153,4141,-1,4141,4153,4154,-1,4141,4154,4143,-1,4143,4154,4155,-1,4143,4155,4145,-1,4145,4155,4156,-1,4145,4156,4147,-1,4147,4156,4157,-1,4147,4157,4149,-1,4149,4157,4158,-1,4151,4159,4152,-1,4152,4159,4160,-1,4152,4160,4153,-1,4153,4160,4161,-1,4153,4161,4154,-1,4154,4161,4162,-1,4154,4162,4155,-1,4155,4162,4163,-1,4155,4163,4156,-1,4156,4163,4164,-1,4156,4164,4157,-1,4157,4164,4165,-1,4157,4165,4158,-1,4158,4165,4166,-1,4159,4167,4160,-1,4160,4167,4168,-1,4160,4168,4161,-1,4161,4168,4169,-1,4161,4169,4162,-1,4162,4169,4170,-1,4162,4170,4163,-1,4163,4170,4171,-1,4163,4171,4164,-1,4164,4171,4172,-1,4164,4172,4165,-1,4165,4172,4173,-1,4165,4173,4166,-1,4166,4173,4174,-1,4167,4175,4168,-1,4168,4175,4176,-1,4168,4176,4169,-1,4169,4176,4177,-1,4169,4177,4170,-1,4170,4177,4178,-1,4170,4178,4171,-1,4171,4178,4179,-1,4171,4179,4172,-1,4172,4179,4180,-1,4172,4180,4173,-1,4173,4180,4181,-1,4173,4181,4174,-1,4174,4181,4182,-1,4175,4183,4176,-1,4176,4183,4184,-1,4176,4184,4177,-1,4177,4184,4185,-1,4177,4185,4178,-1,4178,4185,4186,-1,4178,4186,4179,-1,4179,4186,4187,-1,4179,4187,4180,-1,4180,4187,4188,-1,4180,4188,4181,-1,4181,4188,4189,-1,4181,4189,4182,-1,4182,4189,4190,-1,4183,4191,4184,-1,4184,4191,4192,-1,4184,4192,4185,-1,4185,4192,4193,-1,4185,4193,4186,-1,4186,4193,4194,-1,4186,4194,4187,-1,4187,4194,4195,-1,4187,4195,4188,-1,4188,4195,4196,-1,4188,4196,4189,-1,4189,4196,4197,-1,4189,4197,4190,-1,4190,4197,4198,-1,616,617,4135,-1,4135,617,3861,-1,4135,3861,4151,-1,4151,3861,3863,-1,4151,3863,4159,-1,4159,3863,3865,-1,4159,3865,4167,-1,4167,3865,3867,-1,4167,3867,4175,-1,4175,3867,3869,-1,4175,3869,4183,-1,4183,3869,3871,-1,4183,3871,4191,-1,4191,3871,3872,-1,4191,3872,4192,-1,4192,3872,3877,-1,4192,3877,4193,-1,4193,3877,4016,-1,4193,4016,4194,-1,4194,4016,4015,-1,4194,4015,4195,-1,4195,4015,4013,-1,4195,4013,4196,-1,4196,4013,4030,-1,4196,4030,4197,-1,4197,4030,4029,-1,4197,4029,4198,-1,122,124,3808,-1,3808,124,3779,-1,3808,3779,3807,-1,3807,3779,3777,-1,3807,3777,3805,-1,3805,3777,3775,-1,3805,3775,3803,-1,3803,3775,3773,-1,3803,3773,3801,-1,3801,3773,3771,-1,3801,3771,3799,-1,3799,3771,3769,-1,3799,3769,3797,-1,3797,3769,3768,-1,3797,3768,3820,-1,3820,3768,3784,-1,3820,3784,3873,-1,3873,3784,3783,-1,3873,3783,4031,-1,4031,3783,3758,-1,4031,3758,4039,-1,4039,3758,3757,-1,4039,3757,3813,-1,3813,3757,3785,-1,3813,3785,3811,-1,3811,3785,3786,-1,3811,3786,3809,-1,3809,3786,3787,-1,3809,3787,3825,-1,3825,3787,3788,-1,3825,3788,3833,-1,3833,3788,3789,-1,3833,3789,3834,-1,3834,3789,3790,-1,3834,3790,3852,-1,3852,3790,3791,-1,3852,3791,3886,-1,3886,3791,3792,-1,3886,3792,3894,-1,3894,3792,4199,-1,3894,4199,4002,-1,4002,4199,3853,-1,4002,3853,4001,-1,4001,3853,3855,-1,4001,3855,3999,-1,3999,3855,3897,-1,3999,3897,3997,-1,3997,3897,261,-1,3997,261,3995,-1,3995,261,263,-1,3995,263,3993,-1,3993,263,4003,-1,3993,4003,3991,-1,3991,4003,4018,-1,3991,4018,3989,-1,3989,4018,112,-1,3989,112,4017,-1,4017,112,111,-1,4017,111,4047,-1,4047,111,621,-1,4047,621,4200,-1,4200,621,623,-1,4200,623,4201,-1,4201,623,625,-1,4201,625,4202,-1,4202,625,627,-1,4202,627,4203,-1,4203,627,629,-1,4203,629,4204,-1,4204,629,631,-1,4204,631,4205,-1,4205,631,633,-1,4205,633,4206,-1,4206,633,4053,-1,4206,4053,4207,-1,4134,4208,4132,-1,4132,4208,4209,-1,4132,4209,4133,-1,4133,4209,4210,-1,4211,4212,4213,-1,4213,4212,4214,-1,4213,4214,4215,-1,4216,4217,4218,-1,4218,4217,4219,-1,4218,4219,4220,-1,4221,4216,4222,-1,4222,4216,4218,-1,4222,4218,4223,-1,4223,4218,4220,-1,4224,4225,4211,-1,4211,4225,4226,-1,4211,4226,4212,-1,4213,4227,4211,-1,4211,4227,4228,-1,4211,4228,4224,-1,4224,4228,4229,-1,4230,4219,4231,-1,4231,4219,4217,-1,4231,4217,4232,-1,4232,4217,4216,-1,4232,4216,4233,-1,4233,4216,4221,-1,4233,4221,4234,-1,4235,4230,4236,-1,4236,4230,4231,-1,4236,4231,4237,-1,4237,4231,4232,-1,4237,4232,4238,-1,4238,4232,4233,-1,4238,4233,4239,-1,4239,4233,4234,-1,4239,4234,109,-1,4240,4241,4242,-1,4209,4243,4210,-1,4210,4243,4244,-1,4210,4244,4245,-1,4245,4244,4246,-1,4245,4246,4247,-1,109,108,4239,-1,4239,108,4248,-1,4239,4248,4238,-1,4238,4248,4249,-1,4238,4249,4237,-1,4237,4249,4250,-1,4237,4250,4236,-1,4236,4250,4251,-1,4236,4251,4235,-1,4252,4253,4254,-1,4254,4253,4255,-1,4254,4255,4256,-1,4256,4255,4257,-1,4258,4257,4259,-1,4259,4257,4255,-1,4259,4255,4229,-1,4229,4255,4253,-1,4229,4253,4224,-1,4224,4253,4252,-1,4224,4252,4225,-1,4260,4235,4261,-1,4261,4235,4251,-1,4261,4251,4262,-1,4262,4251,4250,-1,4262,4250,4263,-1,4263,4250,4249,-1,4263,4249,4264,-1,4264,4249,4248,-1,4264,4248,4265,-1,4265,4248,108,-1,4265,108,4266,-1,4266,108,110,-1,4266,110,4267,-1,4268,4269,4270,-1,4270,4269,4271,-1,4270,4271,4272,-1,4272,4271,4273,-1,4272,4273,4274,-1,4274,4273,4275,-1,4274,4275,4276,-1,4276,4275,4277,-1,4276,4277,4278,-1,4278,4277,4279,-1,4278,4279,4280,-1,4280,4279,4281,-1,4282,259,4283,-1,4283,259,258,-1,4283,258,4284,-1,4285,4282,4286,-1,4286,4282,4283,-1,4286,4283,4287,-1,4287,4283,4284,-1,4287,4284,4288,-1,4288,4289,4287,-1,4287,4289,4290,-1,4287,4290,4286,-1,4286,4290,4291,-1,4286,4291,4285,-1,4285,4291,4292,-1,4288,4242,4289,-1,4289,4242,4241,-1,4289,4241,4290,-1,4290,4241,4293,-1,4290,4293,4291,-1,4291,4293,4294,-1,4291,4294,4292,-1,4246,4295,4247,-1,4247,4295,4296,-1,4247,4296,4297,-1,4298,4299,4300,-1,4300,4299,4301,-1,4302,4301,4258,-1,4258,4301,4299,-1,4258,4299,4257,-1,4257,4299,4298,-1,4257,4298,4256,-1,4267,4281,4266,-1,4266,4281,4279,-1,4266,4279,4265,-1,4265,4279,4277,-1,4265,4277,4264,-1,4264,4277,4275,-1,4264,4275,4263,-1,4263,4275,4273,-1,4263,4273,4262,-1,4262,4273,4271,-1,4262,4271,4261,-1,4261,4271,4269,-1,4261,4269,4260,-1,4260,4269,4268,-1,4260,4268,4303,-1,4304,260,4305,-1,4305,260,259,-1,4305,259,4306,-1,4306,259,4282,-1,4306,4282,4307,-1,4307,4282,4285,-1,4307,4285,4308,-1,4308,4285,4292,-1,4308,4292,4309,-1,4309,4292,4294,-1,4309,4294,4310,-1,4296,4311,4297,-1,4297,4311,4312,-1,4297,4312,4313,-1,4314,4315,4316,-1,4316,4315,4317,-1,4318,4317,4302,-1,4302,4317,4315,-1,4302,4315,4301,-1,4301,4315,4314,-1,4301,4314,4300,-1,105,107,4319,-1,4319,107,4320,-1,4319,4320,4321,-1,4321,4320,4322,-1,4321,4322,4323,-1,4323,4322,4324,-1,4323,4324,4325,-1,4325,4324,4326,-1,4325,4326,4327,-1,4327,4326,4328,-1,4327,4328,4329,-1,106,4304,107,-1,107,4304,4305,-1,107,4305,4320,-1,4320,4305,4306,-1,4320,4306,4322,-1,4322,4306,4307,-1,4322,4307,4324,-1,4324,4307,4308,-1,4324,4308,4326,-1,4326,4308,4309,-1,4326,4309,4328,-1,4328,4309,4310,-1,4328,4310,4329,-1,4329,4310,4330,-1,4312,4331,4313,-1,4313,4331,4332,-1,4313,4332,4333,-1,4333,4332,4334,-1,4333,4334,4335,-1,4336,4337,4338,-1,4338,4337,4339,-1,4340,4339,4318,-1,4318,4339,4337,-1,4318,4337,4317,-1,4317,4337,4336,-1,4317,4336,4316,-1,4227,4341,4228,-1,4228,4341,4342,-1,4228,4342,4229,-1,4229,4342,4343,-1,4229,4343,4259,-1,4259,4343,4344,-1,4259,4344,4258,-1,4258,4344,4345,-1,4258,4345,4302,-1,4302,4345,4346,-1,4302,4346,4318,-1,4318,4346,4347,-1,4318,4347,4340,-1,4340,4347,4348,-1,4341,4220,4342,-1,4342,4220,4219,-1,4342,4219,4343,-1,4343,4219,4230,-1,4343,4230,4344,-1,4344,4230,4235,-1,4344,4235,4345,-1,4345,4235,4260,-1,4345,4260,4346,-1,4346,4260,4303,-1,4346,4303,4347,-1,4347,4303,4349,-1,4347,4349,4348,-1,4348,4349,4350,-1,102,104,4351,-1,4351,104,4352,-1,4351,4352,4353,-1,4353,4352,4354,-1,4353,4354,4355,-1,4355,4354,4356,-1,4355,4356,4357,-1,4357,4356,4358,-1,4357,4358,4359,-1,4359,4358,4360,-1,4359,4360,4361,-1,4362,4361,4330,-1,4330,4361,4360,-1,4330,4360,4329,-1,4329,4360,4358,-1,4329,4358,4327,-1,4327,4358,4356,-1,4327,4356,4325,-1,4325,4356,4354,-1,4325,4354,4323,-1,4323,4354,4352,-1,4323,4352,4321,-1,4321,4352,104,-1,4321,104,4319,-1,4319,104,103,-1,4319,103,105,-1,4150,4363,4364,-1,4364,4363,4365,-1,4364,4365,4366,-1,4366,4365,4367,-1,4366,4367,4368,-1,4368,4367,4369,-1,4368,4369,4370,-1,4370,4369,4371,-1,4370,4371,4372,-1,4372,4371,4373,-1,4372,4373,4374,-1,4374,4373,4375,-1,4374,4375,4376,-1,4376,4375,4377,-1,4376,4377,4378,-1,4378,4377,4379,-1,4378,4379,4380,-1,4380,4379,4381,-1,4380,4381,4382,-1,4382,4381,4383,-1,4382,4383,4384,-1,4384,4383,4385,-1,4384,4385,4386,-1,4386,4385,4387,-1,4386,4387,4388,-1,4388,4387,4389,-1,4363,4390,4365,-1,4365,4390,4391,-1,4365,4391,4367,-1,4367,4391,4392,-1,4367,4392,4369,-1,4369,4392,4393,-1,4369,4393,4371,-1,4371,4393,4394,-1,4371,4394,4373,-1,4373,4394,4395,-1,4373,4395,4375,-1,4375,4395,4396,-1,4375,4396,4377,-1,4377,4396,4397,-1,4377,4397,4379,-1,4379,4397,4398,-1,4379,4398,4381,-1,4381,4398,4399,-1,4381,4399,4383,-1,4383,4399,4400,-1,4383,4400,4385,-1,4385,4400,4401,-1,4385,4401,4387,-1,4387,4401,4402,-1,4387,4402,4389,-1,4389,4402,4403,-1,4390,4404,4391,-1,4391,4404,4405,-1,4391,4405,4392,-1,4392,4405,4406,-1,4392,4406,4393,-1,4393,4406,4407,-1,4393,4407,4394,-1,4394,4407,4408,-1,4394,4408,4395,-1,4395,4408,4409,-1,4395,4409,4396,-1,4396,4409,4410,-1,4396,4410,4397,-1,4397,4410,4411,-1,4397,4411,4398,-1,4398,4411,4412,-1,4398,4412,4399,-1,4399,4412,4413,-1,4399,4413,4400,-1,4400,4413,4414,-1,4400,4414,4401,-1,4401,4414,4415,-1,4401,4415,4402,-1,4402,4415,4416,-1,4402,4416,4403,-1,4403,4416,4417,-1,4404,4418,4405,-1,4405,4418,4419,-1,4405,4419,4406,-1,4406,4419,4420,-1,4406,4420,4407,-1,4407,4420,4421,-1,4407,4421,4408,-1,4408,4421,4422,-1,4408,4422,4409,-1,4409,4422,4423,-1,4409,4423,4410,-1,4410,4423,4424,-1,4410,4424,4411,-1,4411,4424,4425,-1,4411,4425,4412,-1,4412,4425,4426,-1,4412,4426,4413,-1,4413,4426,4427,-1,4413,4427,4414,-1,4414,4427,4428,-1,4414,4428,4415,-1,4415,4428,4429,-1,4415,4429,4416,-1,4416,4429,4430,-1,4416,4430,4417,-1,4417,4430,4431,-1,4418,4432,4419,-1,4419,4432,4433,-1,4419,4433,4420,-1,4420,4433,4434,-1,4420,4434,4421,-1,4421,4434,4435,-1,4421,4435,4422,-1,4422,4435,4436,-1,4422,4436,4423,-1,4423,4436,4437,-1,4423,4437,4424,-1,4424,4437,4438,-1,4424,4438,4425,-1,4425,4438,4439,-1,4425,4439,4426,-1,4426,4439,4440,-1,4426,4440,4427,-1,4427,4440,4441,-1,4427,4441,4428,-1,4428,4441,4442,-1,4428,4442,4429,-1,4429,4442,4443,-1,4429,4443,4430,-1,4430,4443,4444,-1,4430,4444,4431,-1,4431,4444,4445,-1,4432,4446,4433,-1,4433,4446,4447,-1,4433,4447,4434,-1,4434,4447,4448,-1,4434,4448,4435,-1,4435,4448,4449,-1,4435,4449,4436,-1,4436,4449,4450,-1,4436,4450,4437,-1,4437,4450,4451,-1,4437,4451,4438,-1,4438,4451,4452,-1,4438,4452,4439,-1,4439,4452,4453,-1,4439,4453,4440,-1,4440,4453,4454,-1,4440,4454,4441,-1,4441,4454,4455,-1,4441,4455,4442,-1,4442,4455,4456,-1,4442,4456,4443,-1,4443,4456,4457,-1,4443,4457,4444,-1,4444,4457,4458,-1,4444,4458,4445,-1,4445,4458,4459,-1,4446,4460,4447,-1,4447,4460,4461,-1,4447,4461,4448,-1,4448,4461,4462,-1,4448,4462,4449,-1,4449,4462,4463,-1,4449,4463,4450,-1,4450,4463,4464,-1,4450,4464,4451,-1,4451,4464,4465,-1,4451,4465,4452,-1,4452,4465,4466,-1,4452,4466,4453,-1,4453,4466,4467,-1,4453,4467,4454,-1,4454,4467,4468,-1,4454,4468,4455,-1,4455,4468,4469,-1,4455,4469,4456,-1,4456,4469,4470,-1,4456,4470,4457,-1,4457,4470,4471,-1,4457,4471,4458,-1,4458,4471,4472,-1,4458,4472,4459,-1,4459,4472,4473,-1,4460,4215,4461,-1,4461,4215,4214,-1,4461,4214,4462,-1,4462,4214,4212,-1,4462,4212,4463,-1,4463,4212,4226,-1,4463,4226,4464,-1,4464,4226,4225,-1,4464,4225,4465,-1,4465,4225,4252,-1,4465,4252,4466,-1,4466,4252,4254,-1,4466,4254,4467,-1,4467,4254,4256,-1,4467,4256,4468,-1,4468,4256,4298,-1,4468,4298,4469,-1,4469,4298,4300,-1,4469,4300,4470,-1,4470,4300,4314,-1,4470,4314,4471,-1,4471,4314,4316,-1,4471,4316,4472,-1,4472,4316,4336,-1,4472,4336,4473,-1,4473,4336,4338,-1,4474,4475,4476,-1,4476,4475,4477,-1,4476,4477,4478,-1,4478,4477,4479,-1,4478,4479,4480,-1,4480,4479,4481,-1,4480,4481,4482,-1,4482,4481,4483,-1,4482,4483,4484,-1,4484,4483,4485,-1,4484,4485,4486,-1,4486,4485,4487,-1,4486,4487,4488,-1,4488,4487,4489,-1,4488,4489,4490,-1,4490,4489,101,-1,4490,101,4491,-1,4491,101,100,-1,4491,100,4492,-1,4150,4149,4363,-1,4363,4149,4158,-1,4363,4158,4390,-1,4390,4158,4166,-1,4390,4166,4404,-1,4404,4166,4174,-1,4404,4174,4418,-1,4418,4174,4182,-1,4418,4182,4432,-1,4432,4182,4190,-1,4432,4190,4446,-1,4446,4190,4198,-1,4446,4198,4460,-1,4460,4198,4029,-1,4460,4029,4215,-1,4215,4029,4028,-1,4215,4028,4213,-1,4213,4028,4038,-1,4213,4038,4227,-1,4227,4038,4046,-1,4227,4046,4341,-1,4341,4046,4047,-1,4341,4047,4220,-1,4220,4047,4200,-1,4220,4200,4223,-1,4223,4200,4201,-1,4223,4201,4222,-1,4222,4201,4202,-1,4222,4202,4221,-1,4221,4202,4203,-1,4221,4203,4234,-1,4234,4203,4204,-1,4234,4204,109,-1,109,4204,4205,-1,109,4205,110,-1,110,4205,4206,-1,110,4206,4267,-1,4267,4206,4207,-1,4267,4207,4281,-1,4281,4207,4240,-1,4281,4240,4280,-1,4280,4240,4242,-1,4280,4242,4278,-1,4278,4242,4288,-1,4278,4288,4276,-1,4276,4288,4284,-1,4276,4284,4274,-1,4274,4284,258,-1,4274,258,4272,-1,4272,258,260,-1,4272,260,4270,-1,4270,260,4304,-1,4270,4304,4268,-1,4268,4304,106,-1,4268,106,4303,-1,4303,106,105,-1,4303,105,4349,-1,4349,105,103,-1,4349,103,4350,-1,4350,103,102,-1,4350,102,4493,-1,4493,102,4351,-1,4493,4351,4494,-1,4494,4351,4353,-1,4494,4353,4495,-1,4495,4353,4355,-1,4495,4355,4496,-1,4496,4355,4357,-1,4496,4357,4497,-1,4497,4357,4359,-1,4497,4359,4498,-1,4498,4359,4361,-1,4498,4361,4499,-1,4499,4361,4362,-1,4499,4362,4500,-1,4334,4501,4335,-1,4335,4501,4502,-1,4335,4502,4503,-1,4504,4505,4506,-1,4506,4505,4507,-1,4506,4507,4508,-1,4508,4507,4509,-1,4508,4509,4510,-1,4510,4509,4511,-1,4510,4511,4512,-1,4512,4511,4513,-1,4512,4513,4514,-1,4514,4513,4515,-1,4514,4515,4516,-1,4516,4515,4517,-1,4516,4517,4518,-1,4519,4518,4500,-1,4500,4518,4517,-1,4500,4517,4499,-1,4499,4517,4515,-1,4499,4515,4498,-1,4498,4515,4513,-1,4498,4513,4497,-1,4497,4513,4511,-1,4497,4511,4496,-1,4496,4511,4509,-1,4496,4509,4495,-1,4495,4509,4507,-1,4495,4507,4494,-1,4494,4507,4505,-1,4494,4505,4493,-1,4493,4505,4504,-1,4493,4504,4350,-1,4350,4504,4520,-1,4350,4520,4348,-1,4348,4520,4474,-1,4348,4474,4340,-1,4340,4474,4476,-1,4340,4476,4339,-1,4339,4476,4478,-1,4339,4478,4338,-1,4338,4478,4480,-1,4338,4480,4473,-1,4473,4480,4482,-1,4473,4482,4459,-1,4459,4482,4484,-1,4459,4484,4445,-1,4445,4484,4486,-1,4445,4486,4431,-1,4431,4486,4488,-1,4431,4488,4417,-1,4417,4488,4490,-1,4417,4490,4403,-1,4403,4490,4491,-1,4403,4491,4389,-1,4389,4491,4492,-1,4389,4492,4388,-1,4502,4521,4503,-1,4503,4521,4522,-1,4503,4522,4523,-1,4524,4525,4526,-1,4526,4525,4527,-1,4528,4527,4529,-1,4529,4527,4525,-1,4529,4525,4530,-1,4530,4525,4524,-1,4530,4524,4531,-1,4532,4533,4534,-1,4534,4533,4535,-1,4534,4535,4536,-1,4537,4538,4539,-1,4539,4538,4540,-1,4539,4540,4541,-1,4541,4540,4542,-1,4541,4542,4543,-1,4522,4544,4523,-1,4523,4544,4545,-1,4523,4545,4546,-1,4547,4548,4549,-1,4549,4548,4550,-1,4551,4550,4528,-1,4528,4550,4548,-1,4528,4548,4527,-1,4527,4548,4547,-1,4527,4547,4526,-1,4552,4553,4537,-1,4537,4553,4532,-1,4537,4532,4538,-1,4538,4532,4534,-1,4538,4534,4540,-1,4540,4534,4536,-1,4540,4536,4542,-1,4552,4537,4554,-1,4554,4537,4539,-1,4554,4539,4555,-1,4555,4539,4541,-1,4555,4541,4556,-1,4556,4541,4543,-1,4556,4543,4557,-1,4558,4559,4560,-1,4545,4561,4546,-1,4546,4561,4562,-1,4546,4562,4563,-1,4563,4562,4564,-1,4563,4564,4565,-1,4208,4566,4209,-1,4209,4566,4567,-1,4209,4567,4243,-1,4243,4567,4568,-1,4243,4568,4244,-1,4244,4568,4569,-1,4244,4569,4246,-1,4246,4569,4570,-1,4246,4570,4295,-1,4295,4570,4571,-1,4295,4571,4296,-1,4296,4571,4572,-1,4296,4572,4311,-1,4311,4572,4573,-1,4311,4573,4312,-1,4312,4573,4574,-1,4312,4574,4331,-1,4331,4574,4575,-1,4331,4575,4332,-1,4332,4575,4576,-1,4332,4576,4334,-1,4334,4576,4577,-1,4334,4577,4501,-1,4501,4577,4578,-1,4501,4578,4502,-1,4502,4578,4579,-1,4502,4579,4521,-1,4521,4579,4580,-1,4521,4580,4522,-1,4522,4580,4581,-1,4522,4581,4544,-1,4544,4581,4582,-1,4544,4582,4545,-1,4545,4582,4583,-1,4545,4583,4561,-1,4561,4583,4584,-1,4561,4584,4562,-1,4562,4584,4585,-1,4562,4585,4564,-1,4564,4585,4586,-1,4587,4588,4589,-1,4589,4588,4590,-1,4589,4590,4591,-1,4592,4553,4593,-1,4593,4553,4552,-1,4593,4552,4594,-1,4594,4552,4554,-1,4594,4554,4595,-1,4595,4554,4555,-1,4595,4555,4596,-1,4596,4555,4556,-1,4596,4556,4597,-1,4597,4556,4557,-1,4597,4557,4598,-1,4599,4592,4600,-1,4600,4592,4593,-1,4600,4593,4601,-1,4601,4593,4594,-1,4601,4594,4602,-1,4602,4594,4595,-1,4602,4595,4603,-1,4603,4595,4596,-1,4603,4596,4604,-1,4604,4596,4597,-1,4604,4597,4605,-1,4605,4597,4598,-1,4605,4598,4606,-1,4607,256,4608,-1,4608,256,255,-1,4608,255,4609,-1,4609,4610,4608,-1,4608,4610,4611,-1,4608,4611,4607,-1,4607,4611,4612,-1,4609,4560,4610,-1,4610,4560,4559,-1,4610,4559,4611,-1,4611,4559,4613,-1,4611,4613,4612,-1,4586,4614,4564,-1,4564,4614,4615,-1,4564,4615,4565,-1,4565,4615,4616,-1,4617,4618,4619,-1,4619,4618,4620,-1,4619,4620,4621,-1,4621,4620,4622,-1,4621,4622,4623,-1,4623,4622,4624,-1,4623,4624,4625,-1,4625,4624,4626,-1,4625,4626,4627,-1,4627,4626,4628,-1,4627,4628,4629,-1,4629,4628,4630,-1,4631,257,4632,-1,4632,257,256,-1,4632,256,4633,-1,4633,256,4607,-1,4633,4607,4634,-1,4634,4607,4612,-1,4634,4612,4635,-1,4635,4612,4613,-1,4635,4613,4636,-1,98,97,4637,-1,4591,4590,4638,-1,4638,4590,4639,-1,4638,4639,4640,-1,4640,4639,4641,-1,4640,4641,4642,-1,4643,4641,4644,-1,4644,4641,4639,-1,4644,4639,4645,-1,4645,4639,4590,-1,4645,4590,4551,-1,4551,4590,4588,-1,4551,4588,4550,-1,4550,4588,4587,-1,4550,4587,4549,-1,4606,4630,4605,-1,4605,4630,4628,-1,4605,4628,4604,-1,4604,4628,4626,-1,4604,4626,4603,-1,4603,4626,4624,-1,4603,4624,4602,-1,4602,4624,4622,-1,4602,4622,4601,-1,4601,4622,4620,-1,4601,4620,4600,-1,4600,4620,4618,-1,4600,4618,4599,-1,4599,4618,4617,-1,4599,4617,4646,-1,4647,4631,4648,-1,4648,4631,4632,-1,4648,4632,4649,-1,4649,4632,4633,-1,4649,4633,4650,-1,4650,4633,4634,-1,4650,4634,4651,-1,4651,4634,4635,-1,4651,4635,4652,-1,4652,4635,4636,-1,4652,4636,4653,-1,4614,4637,4615,-1,4615,4637,97,-1,4615,97,4616,-1,4616,97,96,-1,4616,96,4654,-1,4642,4655,4656,-1,4656,4655,4657,-1,4656,4657,4658,-1,4658,4657,4659,-1,4642,4641,4655,-1,4655,4641,4643,-1,4655,4643,4657,-1,4657,4643,4660,-1,4657,4660,4659,-1,4529,4661,4528,-1,4528,4661,4662,-1,4528,4662,4551,-1,4551,4662,4663,-1,4551,4663,4645,-1,4645,4663,4664,-1,4645,4664,4644,-1,4644,4664,4665,-1,4644,4665,4643,-1,4643,4665,4666,-1,4643,4666,4660,-1,4660,4666,4667,-1,4661,4533,4662,-1,4662,4533,4532,-1,4662,4532,4663,-1,4663,4532,4553,-1,4663,4553,4664,-1,4664,4553,4592,-1,4664,4592,4665,-1,4665,4592,4599,-1,4665,4599,4666,-1,4666,4599,4646,-1,4666,4646,4667,-1,4667,4646,4668,-1,93,95,635,-1,635,95,4669,-1,635,4669,637,-1,637,4669,4670,-1,637,4670,639,-1,639,4670,4671,-1,639,4671,641,-1,641,4671,4672,-1,641,4672,643,-1,643,4672,4673,-1,643,4673,645,-1,94,4647,95,-1,95,4647,4648,-1,95,4648,4669,-1,4669,4648,4649,-1,4669,4649,4670,-1,4670,4649,4650,-1,4670,4650,4671,-1,4671,4650,4651,-1,4671,4651,4672,-1,4672,4651,4652,-1,4672,4652,4673,-1,4673,4652,4653,-1,4673,4653,645,-1,645,4653,4674,-1,645,4674,646,-1,98,254,96,-1,96,254,91,-1,96,91,4654,-1,4654,91,90,-1,4654,90,4675,-1,99,4676,4677,-1,4677,4676,4678,-1,4677,4678,4679,-1,4679,4678,4680,-1,4679,4680,4681,-1,4681,4680,4682,-1,4681,4682,4683,-1,4683,4682,4684,-1,4683,4684,4685,-1,4685,4684,4686,-1,4685,4686,4687,-1,4687,4686,4688,-1,4687,4688,4689,-1,4689,4688,4690,-1,4689,4690,4691,-1,4691,4690,4692,-1,4691,4692,4693,-1,4693,4692,4694,-1,4693,4694,4695,-1,4695,4694,4696,-1,4695,4696,4697,-1,4697,4696,4698,-1,4697,4698,4699,-1,4699,4698,4700,-1,4676,4701,4678,-1,4678,4701,4702,-1,4678,4702,4680,-1,4680,4702,4703,-1,4680,4703,4682,-1,4682,4703,4704,-1,4682,4704,4684,-1,4684,4704,4705,-1,4684,4705,4686,-1,4686,4705,4706,-1,4686,4706,4688,-1,4688,4706,4707,-1,4688,4707,4690,-1,4690,4707,4708,-1,4690,4708,4692,-1,4692,4708,4709,-1,4692,4709,4694,-1,4694,4709,4710,-1,4694,4710,4696,-1,4696,4710,4711,-1,4696,4711,4698,-1,4698,4711,4712,-1,4698,4712,4700,-1,4700,4712,4713,-1,4701,4714,4702,-1,4702,4714,4715,-1,4702,4715,4703,-1,4703,4715,4716,-1,4703,4716,4704,-1,4704,4716,4717,-1,4704,4717,4705,-1,4705,4717,4718,-1,4705,4718,4706,-1,4706,4718,4719,-1,4706,4719,4707,-1,4707,4719,4720,-1,4707,4720,4708,-1,4708,4720,4721,-1,4708,4721,4709,-1,4709,4721,4722,-1,4709,4722,4710,-1,4710,4722,4723,-1,4710,4723,4711,-1,4711,4723,4724,-1,4711,4724,4712,-1,4712,4724,4725,-1,4712,4725,4713,-1,4713,4725,4726,-1,4714,4727,4715,-1,4715,4727,4728,-1,4715,4728,4716,-1,4716,4728,4729,-1,4716,4729,4717,-1,4717,4729,4730,-1,4717,4730,4718,-1,4718,4730,4731,-1,4718,4731,4719,-1,4719,4731,4732,-1,4719,4732,4720,-1,4720,4732,4733,-1,4720,4733,4721,-1,4721,4733,4734,-1,4721,4734,4722,-1,4722,4734,4735,-1,4722,4735,4723,-1,4723,4735,4736,-1,4723,4736,4724,-1,4724,4736,4737,-1,4724,4737,4725,-1,4725,4737,4738,-1,4725,4738,4726,-1,4726,4738,4739,-1,4727,4740,4728,-1,4728,4740,4741,-1,4728,4741,4729,-1,4729,4741,4742,-1,4729,4742,4730,-1,4730,4742,4743,-1,4730,4743,4731,-1,4731,4743,4744,-1,4731,4744,4732,-1,4732,4744,4745,-1,4732,4745,4733,-1,4733,4745,4746,-1,4733,4746,4734,-1,4734,4746,4747,-1,4734,4747,4735,-1,4735,4747,4748,-1,4735,4748,4736,-1,4736,4748,4749,-1,4736,4749,4737,-1,4737,4749,4750,-1,4737,4750,4738,-1,4738,4750,4751,-1,4738,4751,4739,-1,4739,4751,4752,-1,4740,4753,4741,-1,4741,4753,4754,-1,4741,4754,4742,-1,4742,4754,4755,-1,4742,4755,4743,-1,4743,4755,4756,-1,4743,4756,4744,-1,4744,4756,4757,-1,4744,4757,4745,-1,4745,4757,4758,-1,4745,4758,4746,-1,4746,4758,4759,-1,4746,4759,4747,-1,4747,4759,4760,-1,4747,4760,4748,-1,4748,4760,4761,-1,4748,4761,4749,-1,4749,4761,4762,-1,4749,4762,4750,-1,4750,4762,4763,-1,4750,4763,4751,-1,4751,4763,4764,-1,4751,4764,4752,-1,4752,4764,4765,-1,4753,4766,4754,-1,4754,4766,4767,-1,4754,4767,4755,-1,4755,4767,4768,-1,4755,4768,4756,-1,4756,4768,4769,-1,4756,4769,4757,-1,4757,4769,4770,-1,4757,4770,4758,-1,4758,4770,4771,-1,4758,4771,4759,-1,4759,4771,4772,-1,4759,4772,4760,-1,4760,4772,4773,-1,4760,4773,4761,-1,4761,4773,4774,-1,4761,4774,4762,-1,4762,4774,4775,-1,4762,4775,4763,-1,4763,4775,4776,-1,4763,4776,4764,-1,4764,4776,4777,-1,4764,4777,4765,-1,4765,4777,4778,-1,4766,4531,4767,-1,4767,4531,4524,-1,4767,4524,4768,-1,4768,4524,4526,-1,4768,4526,4769,-1,4769,4526,4547,-1,4769,4547,4770,-1,4770,4547,4549,-1,4770,4549,4771,-1,4771,4549,4587,-1,4771,4587,4772,-1,4772,4587,4589,-1,4772,4589,4773,-1,4773,4589,4591,-1,4773,4591,4774,-1,4774,4591,4638,-1,4774,4638,4775,-1,4775,4638,4640,-1,4775,4640,4776,-1,4776,4640,4642,-1,4776,4642,4777,-1,4777,4642,4656,-1,4777,4656,4778,-1,4778,4656,4658,-1,99,101,4676,-1,4676,101,4489,-1,4676,4489,4701,-1,4701,4489,4487,-1,4701,4487,4714,-1,4714,4487,4485,-1,4714,4485,4727,-1,4727,4485,4483,-1,4727,4483,4740,-1,4740,4483,4481,-1,4740,4481,4753,-1,4753,4481,4479,-1,4753,4479,4766,-1,4766,4479,4477,-1,4766,4477,4531,-1,4531,4477,4475,-1,4531,4475,4530,-1,4530,4475,4474,-1,4530,4474,4529,-1,4529,4474,4520,-1,4529,4520,4661,-1,4661,4520,4504,-1,4661,4504,4533,-1,4533,4504,4506,-1,4533,4506,4535,-1,4535,4506,4508,-1,4535,4508,4536,-1,4536,4508,4510,-1,4536,4510,4542,-1,4542,4510,4512,-1,4542,4512,4543,-1,4543,4512,4514,-1,4543,4514,4557,-1,4557,4514,4516,-1,4557,4516,4598,-1,4598,4516,4518,-1,4598,4518,4606,-1,4606,4518,4519,-1,4606,4519,4630,-1,4630,4519,4558,-1,4630,4558,4629,-1,4629,4558,4560,-1,4629,4560,4627,-1,4627,4560,4609,-1,4627,4609,4625,-1,4625,4609,255,-1,4625,255,4623,-1,4623,255,257,-1,4623,257,4621,-1,4621,257,4631,-1,4621,4631,4619,-1,4619,4631,4647,-1,4619,4647,4617,-1,4617,4647,94,-1,4617,94,4646,-1,4646,94,93,-1,4646,93,4668,-1,4668,93,634,-1,4668,634,4779,-1,4779,634,636,-1,4779,636,4780,-1,4780,636,638,-1,4780,638,4781,-1,4781,638,640,-1,4781,640,4782,-1,4782,640,642,-1,4782,642,4783,-1,4783,642,644,-1,4783,644,4784,-1,4784,644,646,-1,4784,646,4785,-1,4785,646,4674,-1,4785,4674,4786,-1,253,252,4787,-1,4787,252,4788,-1,4787,4788,4789,-1,4790,4791,4792,-1,4792,4791,4793,-1,89,88,4794,-1,4794,88,4795,-1,4794,4795,4796,-1,4797,4798,4799,-1,4799,4798,4800,-1,4799,4800,4801,-1,92,251,90,-1,90,251,253,-1,90,253,4675,-1,4675,253,4787,-1,4675,4787,4802,-1,4802,4787,4789,-1,4802,4789,4803,-1,4803,4789,4804,-1,4803,4804,4805,-1,4806,4807,4808,-1,4808,4807,4809,-1,4808,4809,4793,-1,4793,4809,4810,-1,4793,4810,4792,-1,4811,4806,4812,-1,4812,4806,4808,-1,4812,4808,4813,-1,4813,4808,4793,-1,4813,4793,4814,-1,4814,4793,4791,-1,4814,4791,4815,-1,4815,4791,4790,-1,4815,4790,4816,-1,89,4817,87,-1,87,4817,4818,-1,87,4818,4819,-1,4801,4800,4820,-1,4820,4800,4821,-1,4820,4821,4822,-1,4822,4821,4823,-1,4822,4823,4824,-1,4804,4825,4805,-1,4805,4825,4826,-1,4805,4826,4827,-1,4828,4829,4830,-1,4830,4829,4831,-1,4832,4831,4811,-1,4811,4831,4829,-1,4811,4829,4806,-1,4806,4829,4828,-1,4806,4828,4807,-1,4818,4833,4819,-1,4819,4833,4834,-1,4819,4834,4835,-1,4824,4823,4836,-1,4836,4823,4837,-1,4836,4837,4838,-1,4826,4839,4827,-1,4827,4839,4840,-1,4827,4840,4841,-1,4842,4843,4844,-1,4844,4843,4845,-1,4846,4845,4832,-1,4832,4845,4843,-1,4832,4843,4831,-1,4831,4843,4842,-1,4831,4842,4830,-1,4834,4847,4835,-1,4835,4847,4848,-1,4835,4848,4849,-1,4838,4837,4850,-1,4850,4837,4851,-1,4850,4851,4852,-1,4840,4853,4841,-1,4841,4853,4854,-1,4841,4854,4855,-1,4856,4857,4858,-1,4858,4857,4859,-1,4860,4859,4846,-1,4846,4859,4857,-1,4846,4857,4845,-1,4845,4857,4856,-1,4845,4856,4844,-1,4848,4861,4849,-1,4849,4861,4862,-1,4849,4862,4863,-1,4852,4851,4864,-1,4864,4851,4865,-1,4864,4865,4866,-1,4854,4867,4855,-1,4855,4867,4868,-1,4855,4868,4869,-1,4870,4871,4872,-1,4872,4871,4873,-1,4874,4873,4860,-1,4860,4873,4871,-1,4860,4871,4859,-1,4859,4871,4870,-1,4859,4870,4858,-1,4862,4875,4863,-1,4863,4875,4876,-1,4863,4876,4877,-1,4866,4865,4878,-1,4878,4865,4879,-1,4878,4879,4880,-1,4868,4881,4869,-1,4869,4881,4882,-1,4869,4882,4883,-1,4883,4882,4884,-1,4883,4884,4885,-1,4788,4886,4789,-1,4789,4886,4887,-1,4789,4887,4804,-1,4804,4887,4888,-1,4804,4888,4825,-1,4825,4888,4889,-1,4825,4889,4826,-1,4826,4889,4890,-1,4826,4890,4839,-1,4839,4890,4891,-1,4839,4891,4840,-1,4840,4891,4892,-1,4840,4892,4853,-1,4853,4892,4893,-1,4853,4893,4854,-1,4854,4893,4894,-1,4854,4894,4867,-1,4867,4894,4895,-1,4867,4895,4868,-1,4868,4895,4896,-1,4868,4896,4881,-1,4881,4896,4897,-1,4881,4897,4882,-1,4882,4897,4898,-1,4882,4898,4884,-1,4884,4898,4899,-1,4900,4901,4902,-1,4902,4901,4903,-1,4904,4903,4874,-1,4874,4903,4901,-1,4874,4901,4873,-1,4873,4901,4900,-1,4873,4900,4872,-1,4876,4905,4877,-1,4877,4905,4906,-1,4877,4906,4907,-1,4880,4879,4908,-1,4908,4879,4909,-1,4908,4909,4910,-1,4911,4912,4913,-1,4913,4912,4914,-1,4915,4914,4904,-1,4904,4914,4912,-1,4904,4912,4903,-1,4903,4912,4911,-1,4903,4911,4902,-1,4906,4916,4907,-1,4907,4916,4917,-1,4907,4917,4918,-1,4910,4909,4919,-1,4919,4909,4920,-1,4919,4920,4921,-1,86,85,4922,-1,4922,85,4923,-1,4922,4923,4924,-1,4925,4926,4927,-1,4927,4926,4928,-1,4917,4929,4918,-1,4918,4929,4930,-1,4918,4930,4931,-1,4931,4930,4932,-1,4931,4932,4933,-1,4921,4920,4934,-1,4934,4920,4935,-1,4934,4935,4936,-1,4899,84,4884,-1,4884,84,86,-1,4884,86,4885,-1,4885,86,4922,-1,4885,4922,4937,-1,4937,4922,4924,-1,4937,4924,4938,-1,4938,4924,4939,-1,4938,4939,4940,-1,4941,4942,4943,-1,4943,4942,4944,-1,4943,4944,4928,-1,4928,4944,4945,-1,4928,4945,4927,-1,4946,4941,4947,-1,4947,4941,4943,-1,4947,4943,4948,-1,4948,4943,4928,-1,4948,4928,4915,-1,4915,4928,4926,-1,4915,4926,4914,-1,4914,4926,4925,-1,4914,4925,4913,-1,4932,4949,4933,-1,4933,4949,4950,-1,4933,4950,4951,-1,4936,4935,4952,-1,4952,4935,4953,-1,4952,4953,4954,-1,4954,4953,4955,-1,4954,4955,4956,-1,4939,4957,4940,-1,4940,4957,4958,-1,4940,4958,4959,-1,4960,4961,4962,-1,4962,4961,4963,-1,4964,4963,4946,-1,4946,4963,4961,-1,4946,4961,4941,-1,4941,4961,4960,-1,4941,4960,4942,-1,4950,4965,4951,-1,4951,4965,4966,-1,4951,4966,4967,-1,4956,4955,4968,-1,4968,4955,4969,-1,4968,4969,4970,-1,4958,4971,4959,-1,4959,4971,4972,-1,4959,4972,4973,-1,4974,4975,4976,-1,4976,4975,4977,-1,4978,4977,4964,-1,4964,4977,4975,-1,4964,4975,4963,-1,4963,4975,4974,-1,4963,4974,4962,-1,4966,4979,4967,-1,4967,4979,4980,-1,4967,4980,4981,-1,4970,4969,4982,-1,4982,4969,4983,-1,4982,4983,4984,-1,4972,4985,4973,-1,4973,4985,4986,-1,4973,4986,4987,-1,4988,4989,4990,-1,4990,4989,4991,-1,4992,4991,4978,-1,4978,4991,4989,-1,4978,4989,4977,-1,4977,4989,4988,-1,4977,4988,4976,-1,4980,4993,4981,-1,4981,4993,4994,-1,4981,4994,4995,-1,4984,4983,4996,-1,4996,4983,4997,-1,4996,4997,4998,-1,4986,4999,4987,-1,4987,4999,5000,-1,4987,5000,5001,-1,5002,5003,5004,-1,5004,5003,5005,-1,5006,5005,4992,-1,4992,5005,5003,-1,4992,5003,4991,-1,4991,5003,5002,-1,4991,5002,4990,-1,4994,5007,4995,-1,4995,5007,5008,-1,4995,5008,5009,-1,4998,4997,5010,-1,5010,4997,5011,-1,5010,5011,5012,-1,5000,5013,5001,-1,5001,5013,5014,-1,5001,5014,5015,-1,5016,5017,5018,-1,5018,5017,5019,-1,5020,5019,5006,-1,5006,5019,5017,-1,5006,5017,5005,-1,5005,5017,5016,-1,5005,5016,5004,-1,5008,5021,5009,-1,5009,5021,5022,-1,5009,5022,5023,-1,5012,5011,5024,-1,5024,5011,5025,-1,5024,5025,5026,-1,5014,5027,5015,-1,5015,5027,5028,-1,5015,5028,5029,-1,5030,5031,5032,-1,5032,5031,5033,-1,5034,5033,5020,-1,5020,5033,5031,-1,5020,5031,5019,-1,5019,5031,5030,-1,5019,5030,5018,-1,5022,5035,5023,-1,5023,5035,5036,-1,5023,5036,5037,-1,5026,5025,5038,-1,5038,5025,5039,-1,5038,5039,5040,-1,5028,5041,5029,-1,5029,5041,5042,-1,5029,5042,5043,-1,5043,5042,5044,-1,5043,5044,5045,-1,4923,5046,4924,-1,4924,5046,5047,-1,4924,5047,4939,-1,4939,5047,5048,-1,4939,5048,4957,-1,4957,5048,5049,-1,4957,5049,4958,-1,4958,5049,5050,-1,4958,5050,4971,-1,4971,5050,5051,-1,4971,5051,4972,-1,4972,5051,5052,-1,4972,5052,4985,-1,4985,5052,5053,-1,4985,5053,4986,-1,4986,5053,5054,-1,4986,5054,4999,-1,4999,5054,5055,-1,4999,5055,5000,-1,5000,5055,5056,-1,5000,5056,5013,-1,5013,5056,5057,-1,5013,5057,5014,-1,5014,5057,5058,-1,5014,5058,5027,-1,5027,5058,5059,-1,5027,5059,5028,-1,5028,5059,5060,-1,5028,5060,5041,-1,5041,5060,5061,-1,5041,5061,5042,-1,5042,5061,5062,-1,5042,5062,5044,-1,5063,5064,5065,-1,5065,5064,5066,-1,5036,5067,5037,-1,5037,5067,5068,-1,5037,5068,5069,-1,5040,5039,5070,-1,5070,5039,5071,-1,5070,5071,5072,-1,5073,5074,5066,-1,5066,5074,5075,-1,5066,5075,5065,-1,5076,5073,5077,-1,5077,5073,5066,-1,5077,5066,5034,-1,5034,5066,5064,-1,5034,5064,5033,-1,5033,5064,5063,-1,5033,5063,5032,-1,5068,5078,5069,-1,5069,5078,5079,-1,5069,5079,5080,-1,5072,5071,5081,-1,5081,5071,5082,-1,5081,5082,5083,-1,5044,5084,5045,-1,5045,5084,5085,-1,5045,5085,5086,-1,5087,5088,5089,-1,5089,5088,5090,-1,5091,5090,5076,-1,5076,5090,5088,-1,5076,5088,5073,-1,5073,5088,5087,-1,5073,5087,5074,-1,5079,5092,5080,-1,5080,5092,5093,-1,5080,5093,5094,-1,5083,5082,5095,-1,5095,5082,5096,-1,5095,5096,5097,-1,5085,5098,5086,-1,5086,5098,5099,-1,5086,5099,5100,-1,5101,5102,5103,-1,5103,5102,5104,-1,5105,5104,5091,-1,5091,5104,5102,-1,5091,5102,5090,-1,5090,5102,5101,-1,5090,5101,5089,-1,5093,5106,5094,-1,5094,5106,5107,-1,5094,5107,5108,-1,5097,5096,5109,-1,5109,5096,5110,-1,5109,5110,5111,-1,5099,5112,5100,-1,5100,5112,5113,-1,5100,5113,5114,-1,5115,5116,5117,-1,5117,5116,5118,-1,5119,5118,5105,-1,5105,5118,5116,-1,5105,5116,5104,-1,5104,5116,5115,-1,5104,5115,5103,-1,5107,5120,5108,-1,5108,5120,5121,-1,5108,5121,5122,-1,5111,5110,5123,-1,5123,5110,5124,-1,5123,5124,5125,-1,5113,5126,5114,-1,5114,5126,5127,-1,5114,5127,5128,-1,5129,5130,5131,-1,5131,5130,5132,-1,5133,5132,5119,-1,5119,5132,5130,-1,5119,5130,5118,-1,5118,5130,5129,-1,5118,5129,5117,-1,5121,5134,5122,-1,5122,5134,5135,-1,5122,5135,5136,-1,5136,5135,5137,-1,5136,5137,5138,-1,5125,5124,5139,-1,5139,5124,5140,-1,5139,5140,5141,-1,5127,5142,5128,-1,5128,5142,5143,-1,5128,5143,5144,-1,5144,5143,5145,-1,5144,5145,5146,-1,5062,5147,5044,-1,5044,5147,5148,-1,5044,5148,5084,-1,5084,5148,5149,-1,5084,5149,5085,-1,5085,5149,5150,-1,5085,5150,5098,-1,5098,5150,5151,-1,5098,5151,5099,-1,5099,5151,5152,-1,5099,5152,5112,-1,5112,5152,5153,-1,5112,5153,5113,-1,5113,5153,5154,-1,5113,5154,5126,-1,5126,5154,5155,-1,5126,5155,5127,-1,5127,5155,5156,-1,5127,5156,5142,-1,5142,5156,5157,-1,5142,5157,5143,-1,5143,5157,5158,-1,5143,5158,5145,-1,5159,4816,5160,-1,5160,4816,4790,-1,5160,4790,5161,-1,5161,4790,4792,-1,5161,4792,5162,-1,5162,4792,4810,-1,5162,4810,5163,-1,5163,4810,4809,-1,5163,4809,5164,-1,5164,4809,4807,-1,5164,4807,5165,-1,5165,4807,4828,-1,5165,4828,5166,-1,5166,4828,4830,-1,5166,4830,5167,-1,5167,4830,4842,-1,5167,4842,5168,-1,5168,4842,4844,-1,5168,4844,5169,-1,5169,4844,4856,-1,5169,4856,5170,-1,5170,4856,4858,-1,5170,4858,5171,-1,5171,4858,4870,-1,5171,4870,5172,-1,5172,4870,4872,-1,5172,4872,5173,-1,5173,4872,4900,-1,5173,4900,5174,-1,5174,4900,4902,-1,5174,4902,5175,-1,5175,4902,4911,-1,5175,4911,5176,-1,5176,4911,4913,-1,5176,4913,5177,-1,5177,4913,4925,-1,5177,4925,5178,-1,5178,4925,4927,-1,5178,4927,5179,-1,5179,4927,4945,-1,5179,4945,5180,-1,5180,4945,4944,-1,5180,4944,5181,-1,5181,4944,4942,-1,5181,4942,5182,-1,5182,4942,4960,-1,5182,4960,5183,-1,5183,4960,4962,-1,5183,4962,5184,-1,5184,4962,4974,-1,5184,4974,5185,-1,5185,4974,4976,-1,5185,4976,5186,-1,5186,4976,4988,-1,5186,4988,5187,-1,5187,4988,4990,-1,5187,4990,5188,-1,5188,4990,5002,-1,5188,5002,5189,-1,5189,5002,5004,-1,5189,5004,5190,-1,5190,5004,5016,-1,5190,5016,5191,-1,5191,5016,5018,-1,5191,5018,5192,-1,5192,5018,5030,-1,5192,5030,5193,-1,5193,5030,5032,-1,5193,5032,5194,-1,5194,5032,5063,-1,5194,5063,5195,-1,5195,5063,5065,-1,5195,5065,5196,-1,5196,5065,5075,-1,5196,5075,5197,-1,5197,5075,5074,-1,5197,5074,5198,-1,5198,5074,5087,-1,5198,5087,5199,-1,5199,5087,5089,-1,5199,5089,5200,-1,5200,5089,5101,-1,5200,5101,5201,-1,5201,5101,5103,-1,5201,5103,5202,-1,5202,5103,5115,-1,5202,5115,5203,-1,5203,5115,5117,-1,5203,5117,5204,-1,5204,5117,5129,-1,5204,5129,5205,-1,5205,5129,5131,-1,382,370,380,-1,380,370,372,-1,380,372,5133,-1,5133,372,378,-1,5133,378,5132,-1,5132,378,366,-1,5132,366,5131,-1,5131,366,365,-1,5131,365,5205,-1,4814,5206,4813,-1,4813,5206,5207,-1,4813,5207,4812,-1,4812,5207,5208,-1,4812,5208,4811,-1,4811,5208,5209,-1,4811,5209,4832,-1,4832,5209,5210,-1,4832,5210,4846,-1,4846,5210,5211,-1,4846,5211,4860,-1,4860,5211,5212,-1,4860,5212,4874,-1,4874,5212,5213,-1,4874,5213,4904,-1,4904,5213,5214,-1,4904,5214,4915,-1,4915,5214,5215,-1,4915,5215,4948,-1,4948,5215,5216,-1,4948,5216,4947,-1,4947,5216,5217,-1,4947,5217,4946,-1,4946,5217,5218,-1,4946,5218,4964,-1,4964,5218,5219,-1,4964,5219,4978,-1,4978,5219,5220,-1,4978,5220,4992,-1,4992,5220,5221,-1,4992,5221,5006,-1,5006,5221,5222,-1,5006,5222,5020,-1,5020,5222,5223,-1,5020,5223,5034,-1,5034,5223,5224,-1,5034,5224,5077,-1,5077,5224,5225,-1,5077,5225,5076,-1,5076,5225,5226,-1,5076,5226,5091,-1,5091,5226,5227,-1,5091,5227,5105,-1,5105,5227,5228,-1,5105,5228,5119,-1,5119,5228,5229,-1,5119,5229,5133,-1,5133,5229,5230,-1,5133,5230,380,-1,380,5230,5231,-1,380,5231,381,-1,381,5231,383,-1,381,383,5232,-1,5232,383,385,-1,83,82,5233,-1,5234,5159,5235,-1,5235,5159,5160,-1,5235,5160,5236,-1,5236,5160,5161,-1,5236,5161,5237,-1,5237,5161,5162,-1,5237,5162,5238,-1,5238,5162,5163,-1,5238,5163,5239,-1,5239,5163,5164,-1,5239,5164,5240,-1,5240,5164,5165,-1,5240,5165,5241,-1,5241,5165,5166,-1,5241,5166,5242,-1,5242,5166,5167,-1,5242,5167,5243,-1,5243,5167,5168,-1,5243,5168,5244,-1,5244,5168,5169,-1,5244,5169,5245,-1,5245,5169,5170,-1,5245,5170,5246,-1,5246,5170,5171,-1,5246,5171,5247,-1,5247,5171,5172,-1,5247,5172,5248,-1,5248,5172,5173,-1,5248,5173,5249,-1,5249,5173,5174,-1,5249,5174,5250,-1,5250,5174,5175,-1,5250,5175,5251,-1,5251,5175,5176,-1,5251,5176,5252,-1,5252,5176,5177,-1,5252,5177,5253,-1,5253,5177,5178,-1,5253,5178,5254,-1,5254,5178,5179,-1,5254,5179,5255,-1,5255,5179,5180,-1,5255,5180,5256,-1,5256,5180,5181,-1,5256,5181,5257,-1,5257,5181,5182,-1,5257,5182,5258,-1,5258,5182,5183,-1,5258,5183,5259,-1,5259,5183,5184,-1,5259,5184,5260,-1,5260,5184,5185,-1,5260,5185,5261,-1,5261,5185,5186,-1,5261,5186,5262,-1,5262,5186,5187,-1,5262,5187,5263,-1,5263,5187,5188,-1,5263,5188,5264,-1,5264,5188,5189,-1,5264,5189,5265,-1,5265,5189,5190,-1,5265,5190,5266,-1,5266,5190,5191,-1,5266,5191,5267,-1,5267,5191,5192,-1,5267,5192,5268,-1,5268,5192,5193,-1,5268,5193,5269,-1,5269,5193,5194,-1,5269,5194,5270,-1,5270,5194,5195,-1,5270,5195,5271,-1,5271,5195,5196,-1,5271,5196,5272,-1,5272,5196,5197,-1,5272,5197,5273,-1,5273,5197,5198,-1,5273,5198,5274,-1,5274,5198,5199,-1,5274,5199,5275,-1,5275,5199,5200,-1,5275,5200,5276,-1,5276,5200,5201,-1,5276,5201,5277,-1,5277,5201,5202,-1,5277,5202,5278,-1,5278,5202,5203,-1,5278,5203,5279,-1,5279,5203,5204,-1,5279,5204,5280,-1,5280,5204,5205,-1,5280,5205,5281,-1,5281,5205,365,-1,5281,365,353,-1,353,365,357,-1,353,357,354,-1,354,357,363,-1,5206,5282,5207,-1,5207,5282,5283,-1,5207,5283,5208,-1,5208,5283,5284,-1,5208,5284,5209,-1,5209,5284,5285,-1,5209,5285,5210,-1,5210,5285,5286,-1,5210,5286,5211,-1,5211,5286,5287,-1,5211,5287,5212,-1,5212,5287,5288,-1,5212,5288,5213,-1,5213,5288,5289,-1,5213,5289,5214,-1,5214,5289,5290,-1,5214,5290,5215,-1,5215,5290,5291,-1,5215,5291,5216,-1,5216,5291,5292,-1,5216,5292,5217,-1,5217,5292,5293,-1,5217,5293,5218,-1,5218,5293,5294,-1,5218,5294,5219,-1,5219,5294,5295,-1,5219,5295,5220,-1,5220,5295,5296,-1,5220,5296,5221,-1,5221,5296,5297,-1,5221,5297,5222,-1,5222,5297,5298,-1,5222,5298,5223,-1,5223,5298,5299,-1,5223,5299,5224,-1,5224,5299,5300,-1,5224,5300,5225,-1,5225,5300,5301,-1,5225,5301,5226,-1,5226,5301,5302,-1,5226,5302,5227,-1,5227,5302,5303,-1,5227,5303,5228,-1,5228,5303,5304,-1,5228,5304,5229,-1,5229,5304,5305,-1,5229,5305,5230,-1,5230,5305,5306,-1,5230,5306,5231,-1,5231,5306,5307,-1,5231,5307,383,-1,383,5307,386,-1,383,386,384,-1,384,386,288,-1,5137,5308,5138,-1,5138,5308,5309,-1,5138,5309,5310,-1,5141,5140,5311,-1,5311,5140,5312,-1,5311,5312,5313,-1,5313,5312,5314,-1,5313,5314,5315,-1,5158,5233,5145,-1,5145,5233,82,-1,5145,82,5146,-1,5146,82,81,-1,5146,81,5316,-1,5317,5234,5318,-1,5318,5234,5235,-1,5318,5235,5319,-1,5319,5235,5236,-1,5319,5236,5320,-1,5320,5236,5237,-1,5320,5237,5321,-1,5321,5237,5238,-1,5321,5238,5322,-1,5322,5238,5239,-1,5322,5239,5323,-1,5323,5239,5240,-1,5323,5240,5324,-1,5324,5240,5241,-1,5324,5241,5325,-1,5325,5241,5242,-1,5325,5242,5326,-1,5326,5242,5243,-1,5326,5243,5327,-1,5327,5243,5244,-1,5327,5244,5328,-1,5328,5244,5245,-1,5328,5245,5329,-1,5329,5245,5246,-1,5329,5246,5330,-1,5330,5246,5247,-1,5330,5247,5331,-1,5331,5247,5248,-1,5331,5248,5332,-1,5332,5248,5249,-1,5332,5249,5333,-1,5333,5249,5250,-1,5333,5250,5334,-1,5334,5250,5251,-1,5334,5251,5335,-1,5335,5251,5252,-1,5335,5252,5336,-1,5336,5252,5253,-1,5336,5253,5337,-1,5337,5253,5254,-1,5337,5254,5338,-1,5338,5254,5255,-1,5338,5255,5339,-1,5339,5255,5256,-1,5339,5256,5340,-1,5340,5256,5257,-1,5340,5257,5341,-1,5341,5257,5258,-1,5341,5258,5342,-1,5342,5258,5259,-1,5342,5259,5343,-1,5343,5259,5260,-1,5343,5260,5344,-1,5344,5260,5261,-1,5344,5261,5345,-1,5345,5261,5262,-1,5345,5262,5346,-1,5346,5262,5263,-1,5346,5263,5347,-1,5347,5263,5264,-1,5347,5264,5348,-1,5348,5264,5265,-1,5348,5265,5349,-1,5349,5265,5266,-1,5349,5266,5350,-1,5350,5266,5267,-1,5350,5267,5351,-1,5351,5267,5268,-1,5351,5268,5352,-1,5352,5268,5269,-1,5352,5269,5353,-1,5353,5269,5270,-1,5353,5270,5354,-1,5354,5270,5271,-1,5354,5271,5355,-1,5355,5271,5272,-1,5355,5272,5356,-1,5356,5272,5273,-1,5356,5273,5357,-1,5357,5273,5274,-1,5357,5274,5358,-1,5358,5274,5275,-1,5358,5275,5359,-1,5359,5275,5276,-1,5359,5276,5360,-1,5360,5276,5277,-1,5360,5277,5361,-1,5361,5277,5278,-1,5361,5278,5362,-1,5362,5278,5279,-1,5362,5279,5363,-1,5363,5279,5280,-1,5363,5280,5364,-1,5364,5280,5281,-1,5364,5281,5365,-1,5365,5281,353,-1,5365,353,346,-1,346,353,349,-1,346,349,347,-1,347,349,351,-1,5282,4795,5283,-1,5283,4795,88,-1,5283,88,5284,-1,5284,88,87,-1,5284,87,5285,-1,5285,87,4819,-1,5285,4819,5286,-1,5286,4819,4835,-1,5286,4835,5287,-1,5287,4835,4849,-1,5287,4849,5288,-1,5288,4849,4863,-1,5288,4863,5289,-1,5289,4863,4877,-1,5289,4877,5290,-1,5290,4877,4907,-1,5290,4907,5291,-1,5291,4907,4918,-1,5291,4918,5292,-1,5292,4918,4931,-1,5292,4931,5293,-1,5293,4931,4933,-1,5293,4933,5294,-1,5294,4933,4951,-1,5294,4951,5295,-1,5295,4951,4967,-1,5295,4967,5296,-1,5296,4967,4981,-1,5296,4981,5297,-1,5297,4981,4995,-1,5297,4995,5298,-1,5298,4995,5009,-1,5298,5009,5299,-1,5299,5009,5023,-1,5299,5023,5300,-1,5300,5023,5037,-1,5300,5037,5301,-1,5301,5037,5069,-1,5301,5069,5302,-1,5302,5069,5080,-1,5302,5080,5303,-1,5303,5080,5094,-1,5303,5094,5304,-1,5304,5094,5108,-1,5304,5108,5305,-1,5305,5108,5122,-1,5305,5122,5306,-1,5306,5122,5136,-1,5306,5136,5307,-1,5307,5136,5138,-1,5307,5138,386,-1,386,5138,5310,-1,386,5310,289,-1,289,5310,5366,-1,5315,5314,5367,-1,5367,5314,5368,-1,5367,5368,5369,-1,83,250,81,-1,81,250,79,-1,81,79,5316,-1,5316,79,78,-1,5316,78,5370,-1,5371,5317,5372,-1,5372,5317,5318,-1,5372,5318,5373,-1,5373,5318,5319,-1,5373,5319,5374,-1,5374,5319,5320,-1,5374,5320,5375,-1,5375,5320,5321,-1,5375,5321,5376,-1,5376,5321,5322,-1,5376,5322,5377,-1,5377,5322,5323,-1,5377,5323,5378,-1,5378,5323,5324,-1,5378,5324,5379,-1,5379,5324,5325,-1,5379,5325,5380,-1,5380,5325,5326,-1,5380,5326,5381,-1,5381,5326,5327,-1,5381,5327,5382,-1,5382,5327,5328,-1,5382,5328,5383,-1,5383,5328,5329,-1,5383,5329,5384,-1,5384,5329,5330,-1,5384,5330,5385,-1,5385,5330,5331,-1,5385,5331,5386,-1,5386,5331,5332,-1,5386,5332,5387,-1,5387,5332,5333,-1,5387,5333,5388,-1,5388,5333,5334,-1,5388,5334,5389,-1,5389,5334,5335,-1,5389,5335,5390,-1,5390,5335,5336,-1,5390,5336,5391,-1,5391,5336,5337,-1,5391,5337,5392,-1,5392,5337,5338,-1,5392,5338,5393,-1,5393,5338,5339,-1,5393,5339,5394,-1,5394,5339,5340,-1,5394,5340,5395,-1,5395,5340,5341,-1,5395,5341,5396,-1,5396,5341,5342,-1,5396,5342,5397,-1,5397,5342,5343,-1,5397,5343,5398,-1,5398,5343,5344,-1,5398,5344,5399,-1,5399,5344,5345,-1,5399,5345,5400,-1,5400,5345,5346,-1,5400,5346,5401,-1,5401,5346,5347,-1,5401,5347,5402,-1,5402,5347,5348,-1,5402,5348,5403,-1,5403,5348,5349,-1,5403,5349,5404,-1,5404,5349,5350,-1,5404,5350,5405,-1,5405,5350,5351,-1,5405,5351,5406,-1,5406,5351,5352,-1,5406,5352,5407,-1,5407,5352,5353,-1,5407,5353,5408,-1,5408,5353,5354,-1,5408,5354,5409,-1,5409,5354,5355,-1,5409,5355,5410,-1,5410,5355,5356,-1,5410,5356,5411,-1,5411,5356,5357,-1,5411,5357,5412,-1,5412,5357,5358,-1,5412,5358,5413,-1,5413,5358,5359,-1,5413,5359,5414,-1,5414,5359,5360,-1,5414,5360,5415,-1,5415,5360,5361,-1,5415,5361,5416,-1,5416,5361,5362,-1,5416,5362,5417,-1,5417,5362,5363,-1,5417,5363,5418,-1,5418,5363,5364,-1,5418,5364,5419,-1,5419,5364,5365,-1,5419,5365,5420,-1,5420,5365,346,-1,5420,346,5421,-1,5421,346,345,-1,5421,345,339,-1,339,345,343,-1,339,343,337,-1,337,343,342,-1,5309,5422,5310,-1,5310,5422,5423,-1,5310,5423,5366,-1,5366,5423,5424,-1,5366,5424,5425,-1,287,289,390,-1,390,289,5366,-1,390,5366,389,-1,389,5366,5425,-1,389,5425,391,-1,5369,5368,5426,-1,5426,5368,5427,-1,5426,5427,5428,-1,249,248,5429,-1,5429,248,5430,-1,5429,5430,5431,-1,5432,5371,5433,-1,5433,5371,5372,-1,5433,5372,5434,-1,5434,5372,5373,-1,5434,5373,5435,-1,5435,5373,5374,-1,5435,5374,5436,-1,5436,5374,5375,-1,5436,5375,5437,-1,5437,5375,5376,-1,5437,5376,5438,-1,5438,5376,5377,-1,5438,5377,5439,-1,5439,5377,5378,-1,5439,5378,5440,-1,5440,5378,5379,-1,5440,5379,5441,-1,5441,5379,5380,-1,5441,5380,5442,-1,5442,5380,5381,-1,5442,5381,5443,-1,5443,5381,5382,-1,5443,5382,5444,-1,5444,5382,5383,-1,5444,5383,5445,-1,5445,5383,5384,-1,5445,5384,5446,-1,5446,5384,5385,-1,5446,5385,5447,-1,5447,5385,5386,-1,5447,5386,5448,-1,5448,5386,5387,-1,5448,5387,5449,-1,5449,5387,5388,-1,5449,5388,5450,-1,5450,5388,5389,-1,5450,5389,5451,-1,5451,5389,5390,-1,5451,5390,5452,-1,5452,5390,5391,-1,5452,5391,5453,-1,5453,5391,5392,-1,5453,5392,5454,-1,5454,5392,5393,-1,5454,5393,5455,-1,5455,5393,5394,-1,5455,5394,5456,-1,5456,5394,5395,-1,5456,5395,5457,-1,5457,5395,5396,-1,5457,5396,5458,-1,5458,5396,5397,-1,5458,5397,5459,-1,5459,5397,5398,-1,5459,5398,5460,-1,5460,5398,5399,-1,5460,5399,5461,-1,5461,5399,5400,-1,5461,5400,5462,-1,5462,5400,5401,-1,5462,5401,5463,-1,5463,5401,5402,-1,5463,5402,5464,-1,5464,5402,5403,-1,5464,5403,5465,-1,5465,5403,5404,-1,5465,5404,5466,-1,5466,5404,5405,-1,5466,5405,5467,-1,5467,5405,5406,-1,5467,5406,5468,-1,5468,5406,5407,-1,5468,5407,5469,-1,5469,5407,5408,-1,5469,5408,5470,-1,5470,5408,5409,-1,5470,5409,5471,-1,5471,5409,5410,-1,5471,5410,5472,-1,5472,5410,5411,-1,5472,5411,5473,-1,5473,5411,5412,-1,5473,5412,5474,-1,5474,5412,5413,-1,5474,5413,5475,-1,5475,5413,5414,-1,5475,5414,5476,-1,5476,5414,5415,-1,5476,5415,5477,-1,5477,5415,5416,-1,5477,5416,5478,-1,5478,5416,5417,-1,5478,5417,5479,-1,5479,5417,5418,-1,5479,5418,5480,-1,5480,5418,5419,-1,5480,5419,5481,-1,5481,5419,5420,-1,5481,5420,5482,-1,5482,5420,5421,-1,5482,5421,5483,-1,5483,5421,339,-1,5483,339,5484,-1,5484,339,336,-1,5484,336,330,-1,330,336,334,-1,330,334,331,-1,331,334,333,-1,5428,5427,5485,-1,5485,5427,5486,-1,5485,5486,5487,-1,5488,5489,5490,-1,5490,5489,5431,-1,5490,5431,5491,-1,5491,5431,5430,-1,5492,5432,5493,-1,5493,5432,5433,-1,5493,5433,5494,-1,5494,5433,5434,-1,5494,5434,5495,-1,5495,5434,5435,-1,5495,5435,5496,-1,5496,5435,5436,-1,5496,5436,5497,-1,5497,5436,5437,-1,5497,5437,5498,-1,5498,5437,5438,-1,5498,5438,5499,-1,5499,5438,5439,-1,5499,5439,5500,-1,5500,5439,5440,-1,5500,5440,5501,-1,5501,5440,5441,-1,5501,5441,5502,-1,5502,5441,5442,-1,5502,5442,5503,-1,5503,5442,5443,-1,5503,5443,5504,-1,5504,5443,5444,-1,5504,5444,5505,-1,5505,5444,5445,-1,5505,5445,5506,-1,5506,5445,5446,-1,5506,5446,5507,-1,5507,5446,5447,-1,5507,5447,5508,-1,5508,5447,5448,-1,5508,5448,5509,-1,5509,5448,5449,-1,5509,5449,5510,-1,5510,5449,5450,-1,5510,5450,5511,-1,5511,5450,5451,-1,5511,5451,5512,-1,5512,5451,5452,-1,5512,5452,5513,-1,5513,5452,5453,-1,5513,5453,5514,-1,5514,5453,5454,-1,5514,5454,5515,-1,5515,5454,5455,-1,5515,5455,5516,-1,5516,5455,5456,-1,5516,5456,5517,-1,5517,5456,5457,-1,5517,5457,5518,-1,5518,5457,5458,-1,5518,5458,5519,-1,5519,5458,5459,-1,5519,5459,5520,-1,5520,5459,5460,-1,5520,5460,5521,-1,5521,5460,5461,-1,5521,5461,5522,-1,5522,5461,5462,-1,5522,5462,5523,-1,5523,5462,5463,-1,5523,5463,5524,-1,5524,5463,5464,-1,5524,5464,5525,-1,5525,5464,5465,-1,5525,5465,5526,-1,5526,5465,5466,-1,5526,5466,5527,-1,5527,5466,5467,-1,5527,5467,5528,-1,5528,5467,5468,-1,5528,5468,5529,-1,5529,5468,5469,-1,5529,5469,5530,-1,5530,5469,5470,-1,5530,5470,5531,-1,5531,5470,5471,-1,5531,5471,5532,-1,5532,5471,5472,-1,5532,5472,5533,-1,5533,5472,5473,-1,5533,5473,5534,-1,5534,5473,5474,-1,5534,5474,5535,-1,5535,5474,5475,-1,5535,5475,5536,-1,5536,5475,5476,-1,5536,5476,5537,-1,5537,5476,5477,-1,5537,5477,5538,-1,5538,5477,5478,-1,5538,5478,5539,-1,5539,5478,5479,-1,5539,5479,5540,-1,5540,5479,5480,-1,5540,5480,5541,-1,5541,5480,5481,-1,5541,5481,5542,-1,5542,5481,5482,-1,5542,5482,5543,-1,5543,5482,5483,-1,5543,5483,5544,-1,5544,5483,5484,-1,5544,5484,5545,-1,5545,5484,330,-1,5545,330,5546,-1,5546,330,325,-1,5546,325,322,-1,322,325,327,-1,322,327,323,-1,323,327,329,-1,5487,5486,5547,-1,5547,5486,5548,-1,5547,5548,5549,-1,5550,648,5551,-1,5551,648,647,-1,5551,647,5552,-1,80,247,78,-1,78,247,249,-1,78,249,5370,-1,5370,249,5429,-1,5370,5429,5553,-1,5553,5429,5431,-1,5553,5431,5550,-1,5550,5431,5489,-1,5550,5489,648,-1,648,5489,5488,-1,648,5488,649,-1,4796,5554,4794,-1,4794,5554,5555,-1,4794,5555,89,-1,89,5555,5556,-1,89,5556,4817,-1,4817,5556,5557,-1,4817,5557,4818,-1,4818,5557,5558,-1,4818,5558,4833,-1,4833,5558,5559,-1,4833,5559,4834,-1,4834,5559,5560,-1,4834,5560,4847,-1,4847,5560,5561,-1,4847,5561,4848,-1,4848,5561,5562,-1,4848,5562,4861,-1,4861,5562,5563,-1,4861,5563,4862,-1,4862,5563,5564,-1,4862,5564,4875,-1,4875,5564,5565,-1,4875,5565,4876,-1,4876,5565,5566,-1,4876,5566,4905,-1,4905,5566,5567,-1,4905,5567,4906,-1,4906,5567,5568,-1,4906,5568,4916,-1,4916,5568,5569,-1,4916,5569,4917,-1,4917,5569,5570,-1,4917,5570,4929,-1,4929,5570,5571,-1,4929,5571,4930,-1,4930,5571,5572,-1,4930,5572,4932,-1,4932,5572,5573,-1,4932,5573,4949,-1,4949,5573,5574,-1,4949,5574,4950,-1,4950,5574,5575,-1,4950,5575,4965,-1,4965,5575,5576,-1,4965,5576,4966,-1,4966,5576,5577,-1,4966,5577,4979,-1,4979,5577,5578,-1,4979,5578,4980,-1,4980,5578,5579,-1,4980,5579,4993,-1,4993,5579,5580,-1,4993,5580,4994,-1,4994,5580,5581,-1,4994,5581,5007,-1,5007,5581,5582,-1,5007,5582,5008,-1,5008,5582,5583,-1,5008,5583,5021,-1,5021,5583,5584,-1,5021,5584,5022,-1,5022,5584,5585,-1,5022,5585,5035,-1,5035,5585,5586,-1,5035,5586,5036,-1,5036,5586,5587,-1,5036,5587,5067,-1,5067,5587,5588,-1,5067,5588,5068,-1,5068,5588,5589,-1,5068,5589,5078,-1,5078,5589,5590,-1,5078,5590,5079,-1,5079,5590,5591,-1,5079,5591,5092,-1,5092,5591,5592,-1,5092,5592,5093,-1,5093,5592,5593,-1,5093,5593,5106,-1,5106,5593,5594,-1,5106,5594,5107,-1,5107,5594,5595,-1,5107,5595,5120,-1,5120,5595,5596,-1,5120,5596,5121,-1,5121,5596,5597,-1,5121,5597,5134,-1,5134,5597,5598,-1,5134,5598,5135,-1,5135,5598,5599,-1,5135,5599,5137,-1,5137,5599,5600,-1,5137,5600,5308,-1,5308,5600,5601,-1,5308,5601,5309,-1,5309,5601,5602,-1,5309,5602,5422,-1,5422,5602,5603,-1,5422,5603,5423,-1,5423,5603,5604,-1,5423,5604,5424,-1,5424,5604,5605,-1,5424,5605,5425,-1,5425,5605,5606,-1,5425,5606,391,-1,391,5606,5607,-1,391,5607,392,-1,392,5607,5608,-1,392,5608,397,-1,397,5608,5609,-1,397,5609,395,-1,395,5609,5610,-1,395,5610,401,-1,401,5610,5611,-1,401,5611,402,-1,402,5611,5612,-1,402,5612,404,-1,404,5612,411,-1,404,411,5613,-1,5613,411,412,-1,5549,5548,5614,-1,5614,5548,5615,-1,5614,5615,5616,-1,5617,5492,5618,-1,5618,5492,5493,-1,5618,5493,5619,-1,5619,5493,5494,-1,5619,5494,5620,-1,5620,5494,5495,-1,5620,5495,5621,-1,5621,5495,5496,-1,5621,5496,5622,-1,5622,5496,5497,-1,5622,5497,5623,-1,5623,5497,5498,-1,5623,5498,5624,-1,5624,5498,5499,-1,5624,5499,5625,-1,5625,5499,5500,-1,5625,5500,5626,-1,5626,5500,5501,-1,5626,5501,5627,-1,5627,5501,5502,-1,5627,5502,5628,-1,5628,5502,5503,-1,5628,5503,5629,-1,5629,5503,5504,-1,5629,5504,5630,-1,5630,5504,5505,-1,5630,5505,5631,-1,5631,5505,5506,-1,5631,5506,5632,-1,5632,5506,5507,-1,5632,5507,5633,-1,5633,5507,5508,-1,5633,5508,5634,-1,5634,5508,5509,-1,5634,5509,5635,-1,5635,5509,5510,-1,5635,5510,5636,-1,5636,5510,5511,-1,5636,5511,5637,-1,5637,5511,5512,-1,5637,5512,5638,-1,5638,5512,5513,-1,5638,5513,5639,-1,5639,5513,5514,-1,5639,5514,5640,-1,5640,5514,5515,-1,5640,5515,5641,-1,5641,5515,5516,-1,5641,5516,5642,-1,5642,5516,5517,-1,5642,5517,5643,-1,5643,5517,5518,-1,5643,5518,5644,-1,5644,5518,5519,-1,5644,5519,5645,-1,5645,5519,5520,-1,5645,5520,5646,-1,5646,5520,5521,-1,5646,5521,5647,-1,5647,5521,5522,-1,5647,5522,5648,-1,5648,5522,5523,-1,5648,5523,5649,-1,5649,5523,5524,-1,5649,5524,5650,-1,5650,5524,5525,-1,5650,5525,5651,-1,5651,5525,5526,-1,5651,5526,5652,-1,5652,5526,5527,-1,5652,5527,5653,-1,5653,5527,5528,-1,5653,5528,5654,-1,5654,5528,5529,-1,5654,5529,5655,-1,5655,5529,5530,-1,5655,5530,5656,-1,5656,5530,5531,-1,5656,5531,5657,-1,5657,5531,5532,-1,5657,5532,5658,-1,5658,5532,5533,-1,5658,5533,5659,-1,5659,5533,5534,-1,5659,5534,5660,-1,5660,5534,5535,-1,5660,5535,5661,-1,5661,5535,5536,-1,5661,5536,5662,-1,5662,5536,5537,-1,5662,5537,5663,-1,5663,5537,5538,-1,5663,5538,5664,-1,5664,5538,5539,-1,5664,5539,5665,-1,5665,5539,5540,-1,5665,5540,5666,-1,5666,5540,5541,-1,5666,5541,5667,-1,5667,5541,5542,-1,5667,5542,5668,-1,5668,5542,5543,-1,5668,5543,5669,-1,5669,5543,5544,-1,5669,5544,5670,-1,5670,5544,5545,-1,5670,5545,5671,-1,5671,5545,5546,-1,5671,5546,5672,-1,5672,5546,322,-1,5672,322,5673,-1,5673,322,319,-1,5673,319,5674,-1,5674,319,316,-1,5674,316,5675,-1,5675,316,315,-1,5675,315,310,-1,310,315,313,-1,310,313,311,-1,311,313,312,-1,5554,5676,5555,-1,5555,5676,5677,-1,5555,5677,5556,-1,5556,5677,5678,-1,5556,5678,5557,-1,5557,5678,5679,-1,5557,5679,5558,-1,5558,5679,5680,-1,5558,5680,5559,-1,5559,5680,5681,-1,5559,5681,5560,-1,5560,5681,5682,-1,5560,5682,5561,-1,5561,5682,5683,-1,5561,5683,5562,-1,5562,5683,5684,-1,5562,5684,5563,-1,5563,5684,5685,-1,5563,5685,5564,-1,5564,5685,5686,-1,5564,5686,5565,-1,5565,5686,5687,-1,5565,5687,5566,-1,5566,5687,5688,-1,5566,5688,5567,-1,5567,5688,5689,-1,5567,5689,5568,-1,5568,5689,5690,-1,5568,5690,5569,-1,5569,5690,5691,-1,5569,5691,5570,-1,5570,5691,5692,-1,5570,5692,5571,-1,5571,5692,5693,-1,5571,5693,5572,-1,5572,5693,5694,-1,5572,5694,5573,-1,5573,5694,5695,-1,5573,5695,5574,-1,5574,5695,5696,-1,5574,5696,5575,-1,5575,5696,5697,-1,5575,5697,5576,-1,5576,5697,5698,-1,5576,5698,5577,-1,5577,5698,5699,-1,5577,5699,5578,-1,5578,5699,5700,-1,5578,5700,5579,-1,5579,5700,5701,-1,5579,5701,5580,-1,5580,5701,5702,-1,5580,5702,5581,-1,5581,5702,5703,-1,5581,5703,5582,-1,5582,5703,5704,-1,5582,5704,5583,-1,5583,5704,5705,-1,5583,5705,5584,-1,5584,5705,5706,-1,5584,5706,5585,-1,5585,5706,5707,-1,5585,5707,5586,-1,5586,5707,5708,-1,5586,5708,5587,-1,5587,5708,5709,-1,5587,5709,5588,-1,5588,5709,5710,-1,5588,5710,5589,-1,5589,5710,5711,-1,5589,5711,5590,-1,5590,5711,5712,-1,5590,5712,5591,-1,5591,5712,5713,-1,5591,5713,5592,-1,5592,5713,5714,-1,5592,5714,5593,-1,5593,5714,5715,-1,5593,5715,5594,-1,5594,5715,5716,-1,5594,5716,5595,-1,5595,5716,5717,-1,5595,5717,5596,-1,5596,5717,5718,-1,5596,5718,5597,-1,5597,5718,5719,-1,5597,5719,5598,-1,5598,5719,5720,-1,5598,5720,5599,-1,5599,5720,5721,-1,5599,5721,5600,-1,5600,5721,5722,-1,5600,5722,5601,-1,5601,5722,5723,-1,5601,5723,5602,-1,5602,5723,5724,-1,5602,5724,5603,-1,5603,5724,5725,-1,5603,5725,5604,-1,5604,5725,5726,-1,5604,5726,5605,-1,5605,5726,5727,-1,5605,5727,5606,-1,5606,5727,5728,-1,5606,5728,5607,-1,5607,5728,5729,-1,5607,5729,5608,-1,5608,5729,5730,-1,5608,5730,5609,-1,5609,5730,5731,-1,5609,5731,5610,-1,5610,5731,5732,-1,5610,5732,5611,-1,5611,5732,5733,-1,5611,5733,5612,-1,5612,5733,5734,-1,5612,5734,411,-1,411,5734,5735,-1,411,5735,409,-1,409,5735,5736,-1,409,5736,407,-1,407,5736,417,-1,407,417,405,-1,405,417,416,-1,5616,5615,5737,-1,5737,5615,5738,-1,5737,5738,5739,-1,647,5740,5552,-1,5552,5740,5741,-1,5552,5741,5742,-1,5743,5617,5744,-1,5744,5617,5618,-1,5744,5618,5745,-1,5745,5618,5619,-1,5745,5619,5746,-1,5746,5619,5620,-1,5746,5620,5747,-1,5747,5620,5621,-1,5747,5621,5748,-1,5748,5621,5622,-1,5748,5622,5749,-1,5749,5622,5623,-1,5749,5623,5750,-1,5750,5623,5624,-1,5750,5624,5751,-1,5751,5624,5625,-1,5751,5625,5752,-1,5752,5625,5626,-1,5752,5626,5753,-1,5753,5626,5627,-1,5753,5627,5754,-1,5754,5627,5628,-1,5754,5628,5755,-1,5755,5628,5629,-1,5755,5629,5756,-1,5756,5629,5630,-1,5756,5630,5757,-1,5757,5630,5631,-1,5757,5631,5758,-1,5758,5631,5632,-1,5758,5632,5759,-1,5759,5632,5633,-1,5759,5633,5760,-1,5760,5633,5634,-1,5760,5634,5761,-1,5761,5634,5635,-1,5761,5635,5762,-1,5762,5635,5636,-1,5762,5636,5763,-1,5763,5636,5637,-1,5763,5637,5764,-1,5764,5637,5638,-1,5764,5638,5765,-1,5765,5638,5639,-1,5765,5639,5766,-1,5766,5639,5640,-1,5766,5640,5767,-1,5767,5640,5641,-1,5767,5641,5768,-1,5768,5641,5642,-1,5768,5642,5769,-1,5769,5642,5643,-1,5769,5643,5770,-1,5770,5643,5644,-1,5770,5644,5771,-1,5771,5644,5645,-1,5771,5645,5772,-1,5772,5645,5646,-1,5772,5646,5773,-1,5773,5646,5647,-1,5773,5647,5774,-1,5774,5647,5648,-1,5774,5648,5775,-1,5775,5648,5649,-1,5775,5649,5776,-1,5776,5649,5650,-1,5776,5650,5777,-1,5777,5650,5651,-1,5777,5651,5778,-1,5778,5651,5652,-1,5778,5652,5779,-1,5779,5652,5653,-1,5779,5653,5780,-1,5780,5653,5654,-1,5780,5654,5781,-1,5781,5654,5655,-1,5781,5655,5782,-1,5782,5655,5656,-1,5782,5656,5783,-1,5783,5656,5657,-1,5783,5657,5784,-1,5784,5657,5658,-1,5784,5658,5785,-1,5785,5658,5659,-1,5785,5659,5786,-1,5786,5659,5660,-1,5786,5660,5787,-1,5787,5660,5661,-1,5787,5661,5788,-1,5788,5661,5662,-1,5788,5662,5789,-1,5789,5662,5663,-1,5789,5663,5790,-1,5790,5663,5664,-1,5790,5664,5791,-1,5791,5664,5665,-1,5791,5665,5792,-1,5792,5665,5666,-1,5792,5666,5793,-1,5793,5666,5667,-1,5793,5667,5794,-1,5794,5667,5668,-1,5794,5668,5795,-1,5795,5668,5669,-1,5795,5669,5796,-1,5796,5669,5670,-1,5796,5670,5797,-1,5797,5670,5671,-1,5797,5671,5798,-1,5798,5671,5672,-1,5798,5672,5799,-1,5799,5672,5673,-1,5799,5673,5800,-1,5800,5673,5674,-1,5800,5674,5801,-1,5801,5674,5675,-1,5801,5675,5802,-1,5802,5675,310,-1,5802,310,5803,-1,5803,310,307,-1,5803,307,5804,-1,5804,307,304,-1,5804,304,298,-1,298,304,302,-1,298,302,299,-1,299,302,301,-1,5739,5738,5805,-1,5805,5738,77,-1,5805,77,5806,-1,5676,5807,5677,-1,5677,5807,5808,-1,5677,5808,5678,-1,5678,5808,5809,-1,5678,5809,5679,-1,5679,5809,5810,-1,5679,5810,5680,-1,5680,5810,5811,-1,5680,5811,5681,-1,5681,5811,5812,-1,5681,5812,5682,-1,5682,5812,5813,-1,5682,5813,5683,-1,5683,5813,5814,-1,5683,5814,5684,-1,5684,5814,5815,-1,5684,5815,5685,-1,5685,5815,5816,-1,5685,5816,5686,-1,5686,5816,5817,-1,5686,5817,5687,-1,5687,5817,5818,-1,5687,5818,5688,-1,5688,5818,5819,-1,5688,5819,5689,-1,5689,5819,5820,-1,5689,5820,5690,-1,5690,5820,5821,-1,5690,5821,5691,-1,5691,5821,5822,-1,5691,5822,5692,-1,5692,5822,5823,-1,5692,5823,5693,-1,5693,5823,5824,-1,5693,5824,5694,-1,5694,5824,5825,-1,5694,5825,5695,-1,5695,5825,5826,-1,5695,5826,5696,-1,5696,5826,5827,-1,5696,5827,5697,-1,5697,5827,5828,-1,5697,5828,5698,-1,5698,5828,5829,-1,5698,5829,5699,-1,5699,5829,5830,-1,5699,5830,5700,-1,5700,5830,5831,-1,5700,5831,5701,-1,5701,5831,5832,-1,5701,5832,5702,-1,5702,5832,5833,-1,5702,5833,5703,-1,5703,5833,5834,-1,5703,5834,5704,-1,5704,5834,5835,-1,5704,5835,5705,-1,5705,5835,5836,-1,5705,5836,5706,-1,5706,5836,5837,-1,5706,5837,5707,-1,5707,5837,5838,-1,5707,5838,5708,-1,5708,5838,5839,-1,5708,5839,5709,-1,5709,5839,5840,-1,5709,5840,5710,-1,5710,5840,5841,-1,5710,5841,5711,-1,5711,5841,5842,-1,5711,5842,5712,-1,5712,5842,5843,-1,5712,5843,5713,-1,5713,5843,5844,-1,5713,5844,5714,-1,5714,5844,5845,-1,5714,5845,5715,-1,5715,5845,5846,-1,5715,5846,5716,-1,5716,5846,5847,-1,5716,5847,5717,-1,5717,5847,5848,-1,5717,5848,5718,-1,5718,5848,5849,-1,5718,5849,5719,-1,5719,5849,5850,-1,5719,5850,5720,-1,5720,5850,5851,-1,5720,5851,5721,-1,5721,5851,5852,-1,5721,5852,5722,-1,5722,5852,5853,-1,5722,5853,5723,-1,5723,5853,5854,-1,5723,5854,5724,-1,5724,5854,5855,-1,5724,5855,5725,-1,5725,5855,5856,-1,5725,5856,5726,-1,5726,5856,5857,-1,5726,5857,5727,-1,5727,5857,5858,-1,5727,5858,5728,-1,5728,5858,5859,-1,5728,5859,5729,-1,5729,5859,5860,-1,5729,5860,5730,-1,5730,5860,5861,-1,5730,5861,5731,-1,5731,5861,5862,-1,5731,5862,5732,-1,5732,5862,5863,-1,5732,5863,5733,-1,5733,5863,5864,-1,5733,5864,5734,-1,5734,5864,5865,-1,5734,5865,5735,-1,5735,5865,5866,-1,5735,5866,5736,-1,5736,5866,5867,-1,5736,5867,417,-1,417,5867,5868,-1,417,5868,415,-1,415,5868,5869,-1,415,5869,413,-1,413,5869,5870,-1,413,5870,420,-1,420,5870,246,-1,420,246,418,-1,418,246,13,-1,418,13,2,-1,10,9,77,-1,77,9,5871,-1,77,5871,5806,-1,5807,4797,5808,-1,5808,4797,4799,-1,5808,4799,5809,-1,5809,4799,4801,-1,5809,4801,5810,-1,5810,4801,4820,-1,5810,4820,5811,-1,5811,4820,4822,-1,5811,4822,5812,-1,5812,4822,4824,-1,5812,4824,5813,-1,5813,4824,4836,-1,5813,4836,5814,-1,5814,4836,4838,-1,5814,4838,5815,-1,5815,4838,4850,-1,5815,4850,5816,-1,5816,4850,4852,-1,5816,4852,5817,-1,5817,4852,4864,-1,5817,4864,5818,-1,5818,4864,4866,-1,5818,4866,5819,-1,5819,4866,4878,-1,5819,4878,5820,-1,5820,4878,4880,-1,5820,4880,5821,-1,5821,4880,4908,-1,5821,4908,5822,-1,5822,4908,4910,-1,5822,4910,5823,-1,5823,4910,4919,-1,5823,4919,5824,-1,5824,4919,4921,-1,5824,4921,5825,-1,5825,4921,4934,-1,5825,4934,5826,-1,5826,4934,4936,-1,5826,4936,5827,-1,5827,4936,4952,-1,5827,4952,5828,-1,5828,4952,4954,-1,5828,4954,5829,-1,5829,4954,4956,-1,5829,4956,5830,-1,5830,4956,4968,-1,5830,4968,5831,-1,5831,4968,4970,-1,5831,4970,5832,-1,5832,4970,4982,-1,5832,4982,5833,-1,5833,4982,4984,-1,5833,4984,5834,-1,5834,4984,4996,-1,5834,4996,5835,-1,5835,4996,4998,-1,5835,4998,5836,-1,5836,4998,5010,-1,5836,5010,5837,-1,5837,5010,5012,-1,5837,5012,5838,-1,5838,5012,5024,-1,5838,5024,5839,-1,5839,5024,5026,-1,5839,5026,5840,-1,5840,5026,5038,-1,5840,5038,5841,-1,5841,5038,5040,-1,5841,5040,5842,-1,5842,5040,5070,-1,5842,5070,5843,-1,5843,5070,5072,-1,5843,5072,5844,-1,5844,5072,5081,-1,5844,5081,5845,-1,5845,5081,5083,-1,5845,5083,5846,-1,5846,5083,5095,-1,5846,5095,5847,-1,5847,5095,5097,-1,5847,5097,5848,-1,5848,5097,5109,-1,5848,5109,5849,-1,5849,5109,5111,-1,5849,5111,5850,-1,5850,5111,5123,-1,5850,5123,5851,-1,5851,5123,5125,-1,5851,5125,5852,-1,5852,5125,5139,-1,5852,5139,5853,-1,5853,5139,5141,-1,5853,5141,5854,-1,5854,5141,5311,-1,5854,5311,5855,-1,5855,5311,5313,-1,5855,5313,5856,-1,5856,5313,5315,-1,5856,5315,5857,-1,5857,5315,5367,-1,5857,5367,5858,-1,5858,5367,5369,-1,5858,5369,5859,-1,5859,5369,5426,-1,5859,5426,5860,-1,5860,5426,5428,-1,5860,5428,5861,-1,5861,5428,5485,-1,5861,5485,5862,-1,5862,5485,5487,-1,5862,5487,5863,-1,5863,5487,5547,-1,5863,5547,5864,-1,5864,5547,5549,-1,5864,5549,5865,-1,5865,5549,5614,-1,5865,5614,5866,-1,5866,5614,5616,-1,5866,5616,5867,-1,5867,5616,5737,-1,5867,5737,5868,-1,5868,5737,5739,-1,5868,5739,5869,-1,5869,5739,5805,-1,5869,5805,5870,-1,5870,5805,5806,-1,5870,5806,246,-1,246,5806,5871,-1,246,5871,8,-1,8,5871,9,-1,11,25,5872,-1,5872,25,77,-1,5872,77,5873,-1,5873,77,5738,-1,5873,5738,5874,-1,5874,5738,5615,-1,5874,5615,5875,-1,5875,5615,5548,-1,5875,5548,5876,-1,5876,5548,5486,-1,5876,5486,5877,-1,5877,5486,5427,-1,5877,5427,5878,-1,5878,5427,5368,-1,5878,5368,5879,-1,5879,5368,5314,-1,5879,5314,5880,-1,5880,5314,5312,-1,5880,5312,5881,-1,5881,5312,5140,-1,5881,5140,5882,-1,5882,5140,5124,-1,5882,5124,5883,-1,5883,5124,5110,-1,5883,5110,5884,-1,5884,5110,5096,-1,5884,5096,5885,-1,5885,5096,5082,-1,5885,5082,5886,-1,5886,5082,5071,-1,5886,5071,5887,-1,5887,5071,5039,-1,5887,5039,5888,-1,5888,5039,5025,-1,5888,5025,5889,-1,5889,5025,5011,-1,5889,5011,5890,-1,5890,5011,4997,-1,5890,4997,5891,-1,5891,4997,4983,-1,5891,4983,5892,-1,5892,4983,4969,-1,5892,4969,5893,-1,5893,4969,4955,-1,5893,4955,5894,-1,5894,4955,4953,-1,5894,4953,5895,-1,5895,4953,4935,-1,5895,4935,5896,-1,5896,4935,4920,-1,5896,4920,5897,-1,5897,4920,4909,-1,5897,4909,5898,-1,5898,4909,4879,-1,5898,4879,5899,-1,5899,4879,4865,-1,5899,4865,5900,-1,5900,4865,4851,-1,5900,4851,5901,-1,5901,4851,4837,-1,5901,4837,5902,-1,5902,4837,4823,-1,5902,4823,5903,-1,5903,4823,4821,-1,5903,4821,5904,-1,5904,4821,4800,-1,5904,4800,4786,-1,4786,4800,4798,-1,4786,4798,4785,-1,4785,4798,4797,-1,4785,4797,4784,-1,4784,4797,5807,-1,4784,5807,4783,-1,4783,5807,5676,-1,4783,5676,4782,-1,4782,5676,5554,-1,4782,5554,4781,-1,4781,5554,4796,-1,4781,4796,4780,-1,4780,4796,4795,-1,4780,4795,4779,-1,4779,4795,5282,-1,4779,5282,4668,-1,4668,5282,5206,-1,4668,5206,4667,-1,4667,5206,4814,-1,4667,4814,4660,-1,4660,4814,4815,-1,4660,4815,4659,-1,4659,4815,4816,-1,4659,4816,4658,-1,4658,4816,5159,-1,4658,5159,4778,-1,4778,5159,5234,-1,4778,5234,4765,-1,4765,5234,5317,-1,4765,5317,4752,-1,4752,5317,5371,-1,4752,5371,4739,-1,4739,5371,5432,-1,4739,5432,4726,-1,4726,5432,5492,-1,4726,5492,4713,-1,4713,5492,5617,-1,4713,5617,4700,-1,4700,5617,5743,-1,4700,5743,4699,-1,12,11,5905,-1,5905,11,5872,-1,5905,5872,5906,-1,5906,5872,5873,-1,5906,5873,5907,-1,5907,5873,5874,-1,5907,5874,5908,-1,5908,5874,5875,-1,5908,5875,5909,-1,5909,5875,5876,-1,5909,5876,5910,-1,5910,5876,5877,-1,5910,5877,5911,-1,5911,5877,5878,-1,5911,5878,5912,-1,5912,5878,5879,-1,5912,5879,5913,-1,5913,5879,5880,-1,5913,5880,5914,-1,5914,5880,5881,-1,5914,5881,5915,-1,5915,5881,5882,-1,5915,5882,5916,-1,5916,5882,5883,-1,5916,5883,5917,-1,5917,5883,5884,-1,5917,5884,5918,-1,5918,5884,5885,-1,5918,5885,5919,-1,5919,5885,5886,-1,5919,5886,5920,-1,5920,5886,5887,-1,5920,5887,5921,-1,5921,5887,5888,-1,5921,5888,5922,-1,5922,5888,5889,-1,5922,5889,5923,-1,5923,5889,5890,-1,5923,5890,5924,-1,5924,5890,5891,-1,5924,5891,5925,-1,5925,5891,5892,-1,5925,5892,5926,-1,5926,5892,5893,-1,5926,5893,5927,-1,5927,5893,5894,-1,5927,5894,5928,-1,5928,5894,5895,-1,5928,5895,5929,-1,5929,5895,5896,-1,5929,5896,5930,-1,5930,5896,5897,-1,5930,5897,5931,-1,5931,5897,5898,-1,5931,5898,5932,-1,5932,5898,5899,-1,5932,5899,5933,-1,5933,5899,5900,-1,5933,5900,5934,-1,5934,5900,5901,-1,5934,5901,5935,-1,5935,5901,5902,-1,5935,5902,5936,-1,5936,5902,5903,-1,5936,5903,5937,-1,5937,5903,5904,-1,5937,5904,5938,-1,5938,5904,4786,-1,5938,4786,5939,-1,5939,4786,4674,-1,5939,4674,5940,-1,5940,4674,4653,-1,5940,4653,5941,-1,5941,4653,4636,-1,5941,4636,5942,-1,5942,4636,4613,-1,5942,4613,5943,-1,5943,4613,4559,-1,5943,4559,5944,-1,5944,4559,4558,-1,5944,4558,5945,-1,5945,4558,4519,-1,5945,4519,5946,-1,5946,4519,4500,-1,5946,4500,5947,-1,5947,4500,4362,-1,5947,4362,5948,-1,5948,4362,4330,-1,5948,4330,5949,-1,5949,4330,4310,-1,5949,4310,5950,-1,5950,4310,4294,-1,5950,4294,5951,-1,5951,4294,4293,-1,5951,4293,5952,-1,5952,4293,4241,-1,5952,4241,5953,-1,5953,4241,4240,-1,5953,4240,5954,-1,5954,4240,4207,-1,5954,4207,5955,-1,5955,4207,4053,-1,5955,4053,5956,-1,5956,4053,4024,-1,5956,4024,5957,-1,5957,4024,4008,-1,5957,4008,5958,-1,5958,4008,3901,-1,5958,3901,5959,-1,5959,3901,3854,-1,5959,3854,5960,-1,5960,3854,3853,-1,5960,3853,5961,-1,5961,3853,4199,-1,5961,4199,5962,-1,5962,4199,3792,-1,5962,3792,5963,-1,5963,3792,3764,-1,5963,3764,5964,-1,5964,3764,3736,-1,5964,3736,5965,-1,5965,3736,3629,-1,5965,3629,5966,-1,5966,3629,3584,-1,5966,3584,5967,-1,5967,3584,3585,-1,5967,3585,5968,-1,5968,3585,3586,-1,5968,3586,5969,-1,5969,3586,3491,-1,5969,3491,5970,-1,5970,3491,3454,-1,5970,3454,5971,-1,5971,3454,3413,-1,5971,3413,5972,-1,5972,3413,3364,-1,5972,3364,5973,-1,5973,3364,3307,-1,5973,3307,5974,-1,5974,3307,3113,-1,5974,3113,5975,-1,5975,3113,3105,-1,5975,3105,5976,-1,5976,3105,2895,-1,5976,2895,5977,-1,5977,2895,2896,-1,5977,2896,5978,-1,5978,2896,2846,-1,5978,2846,5979,-1,5979,2846,2734,-1,5979,2734,5980,-1,5980,2734,2559,-1,5980,2559,5981,-1,5981,2559,2462,-1,5981,2462,5982,-1,5982,2462,2451,-1,5982,2451,5983,-1,5983,2451,2417,-1,5983,2417,5984,-1,5984,2417,2400,-1,5984,2400,5985,-1,5985,2400,2389,-1,5985,2389,5986,-1,5986,2389,2383,-1,5986,2383,5987,-1,5987,2383,2303,-1,5987,2303,5988,-1,5988,2303,2284,-1,5988,2284,5989,-1,5989,2284,2277,-1,5989,2277,5990,-1,5990,2277,2236,-1,5990,2236,5991,-1,5991,2236,2223,-1,5991,2223,5992,-1,5992,2223,2212,-1,5992,2212,5993,-1,5993,2212,2204,-1,5993,2204,5994,-1,5994,2204,2206,-1,5994,2206,5995,-1,5995,2206,2189,-1,5995,2189,5996,-1,5996,2189,2139,-1,5996,2139,5997,-1,5997,2139,2128,-1,5997,2128,5998,-1,5998,2128,2100,-1,5998,2100,5999,-1,5999,2100,2086,-1,5999,2086,6000,-1,6000,2086,2066,-1,6000,2066,6001,-1,6001,2066,2068,-1,6001,2068,6002,-1,6002,2068,2035,-1,6002,2035,6003,-1,6003,2035,1994,-1,6003,1994,6004,-1,6004,1994,1914,-1,6004,1914,6005,-1,6005,1914,1815,-1,6005,1815,6006,-1,6006,1815,1793,-1,6006,1793,6007,-1,6007,1793,1782,-1,6007,1782,6008,-1,6008,1782,1776,-1,6008,1776,6009,-1,6009,1776,1728,-1,6009,1728,6010,-1,6010,1728,1709,-1,6010,1709,6011,-1,6011,1709,1702,-1,6011,1702,6012,-1,6012,1702,1661,-1,6012,1661,6013,-1,6013,1661,1648,-1,6013,1648,6014,-1,6014,1648,1637,-1,6014,1637,6015,-1,6015,1637,1631,-1,6015,1631,6016,-1,6016,1631,1589,-1,6016,1589,6017,-1,6017,1589,1591,-1,6017,1591,6018,-1,6018,1591,1458,-1,6018,1458,6019,-1,6019,1458,1412,-1,6019,1412,6020,-1,6020,1412,1392,-1,6020,1392,6021,-1,6021,1392,1350,-1,6021,1350,6022,-1,6022,1350,1333,-1,6022,1333,6023,-1,6023,1333,1332,-1,6023,1332,6024,-1,6024,1332,1377,-1,6024,1377,6025,-1,6025,1377,1239,-1,6025,1239,6026,-1,6026,1239,1213,-1,6026,1213,6027,-1,6027,1213,1212,-1,6027,1212,6028,-1,6028,1212,1177,-1,6028,1177,6029,-1,6029,1177,1145,-1,6029,1145,6030,-1,6030,1145,1121,-1,6030,1121,6031,-1,6031,1121,1120,-1,6031,1120,1068,-1,1068,1120,1067,-1,14,12,76,-1,76,12,5905,-1,76,5905,5742,-1,5742,5905,5906,-1,5742,5906,5552,-1,5552,5906,5907,-1,5552,5907,5551,-1,5551,5907,5908,-1,5551,5908,5550,-1,5550,5908,5909,-1,5550,5909,5553,-1,5553,5909,5910,-1,5553,5910,5370,-1,5370,5910,5911,-1,5370,5911,5316,-1,5316,5911,5912,-1,5316,5912,5146,-1,5146,5912,5913,-1,5146,5913,5144,-1,5144,5913,5914,-1,5144,5914,5128,-1,5128,5914,5915,-1,5128,5915,5114,-1,5114,5915,5916,-1,5114,5916,5100,-1,5100,5916,5917,-1,5100,5917,5086,-1,5086,5917,5918,-1,5086,5918,5045,-1,5045,5918,5919,-1,5045,5919,5043,-1,5043,5919,5920,-1,5043,5920,5029,-1,5029,5920,5921,-1,5029,5921,5015,-1,5015,5921,5922,-1,5015,5922,5001,-1,5001,5922,5923,-1,5001,5923,4987,-1,4987,5923,5924,-1,4987,5924,4973,-1,4973,5924,5925,-1,4973,5925,4959,-1,4959,5925,5926,-1,4959,5926,4940,-1,4940,5926,5927,-1,4940,5927,4938,-1,4938,5927,5928,-1,4938,5928,4937,-1,4937,5928,5929,-1,4937,5929,4885,-1,4885,5929,5930,-1,4885,5930,4883,-1,4883,5930,5931,-1,4883,5931,4869,-1,4869,5931,5932,-1,4869,5932,4855,-1,4855,5932,5933,-1,4855,5933,4841,-1,4841,5933,5934,-1,4841,5934,4827,-1,4827,5934,5935,-1,4827,5935,4805,-1,4805,5935,5936,-1,4805,5936,4803,-1,4803,5936,5937,-1,4803,5937,4802,-1,4802,5937,5938,-1,4802,5938,4675,-1,4675,5938,5939,-1,4675,5939,4654,-1,4654,5939,5940,-1,4654,5940,4616,-1,4616,5940,5941,-1,4616,5941,4565,-1,4565,5941,5942,-1,4565,5942,4563,-1,4563,5942,5943,-1,4563,5943,4546,-1,4546,5943,5944,-1,4546,5944,4523,-1,4523,5944,5945,-1,4523,5945,4503,-1,4503,5945,5946,-1,4503,5946,4335,-1,4335,5946,5947,-1,4335,5947,4333,-1,4333,5947,5948,-1,4333,5948,4313,-1,4313,5948,5949,-1,4313,5949,4297,-1,4297,5949,5950,-1,4297,5950,4247,-1,4247,5950,5951,-1,4247,5951,4245,-1,4245,5951,5952,-1,4245,5952,4210,-1,4210,5952,5953,-1,4210,5953,4133,-1,4133,5953,5954,-1,4133,5954,4131,-1,4131,5954,5955,-1,4131,5955,4129,-1,4129,5955,5956,-1,4129,5956,4128,-1,4128,5956,5957,-1,4128,5957,4127,-1,4127,5957,5958,-1,4127,5958,4126,-1,4126,5958,5959,-1,4126,5959,4125,-1,4125,5959,5960,-1,4125,5960,4124,-1,4124,5960,5961,-1,4124,5961,4123,-1,4123,5961,5962,-1,4123,5962,4122,-1,4122,5962,5963,-1,4122,5963,4121,-1,4121,5963,5964,-1,4121,5964,4120,-1,4120,5964,5965,-1,4120,5965,4119,-1,4119,5965,5966,-1,4119,5966,4118,-1,4118,5966,5967,-1,4118,5967,4117,-1,4117,5967,5968,-1,4117,5968,4116,-1,4116,5968,5969,-1,4116,5969,4115,-1,4115,5969,5970,-1,4115,5970,4114,-1,4114,5970,5971,-1,4114,5971,4113,-1,4113,5971,5972,-1,4113,5972,4112,-1,4112,5972,5973,-1,4112,5973,4111,-1,4111,5973,5974,-1,4111,5974,4110,-1,4110,5974,5975,-1,4110,5975,4109,-1,4109,5975,5976,-1,4109,5976,4108,-1,4108,5976,5977,-1,4108,5977,4107,-1,4107,5977,5978,-1,4107,5978,4106,-1,4106,5978,5979,-1,4106,5979,4105,-1,4105,5979,5980,-1,4105,5980,4104,-1,4104,5980,5981,-1,4104,5981,4103,-1,4103,5981,5982,-1,4103,5982,4102,-1,4102,5982,5983,-1,4102,5983,4101,-1,4101,5983,5984,-1,4101,5984,4100,-1,4100,5984,5985,-1,4100,5985,4099,-1,4099,5985,5986,-1,4099,5986,4098,-1,4098,5986,5987,-1,4098,5987,4097,-1,4097,5987,5988,-1,4097,5988,4096,-1,4096,5988,5989,-1,4096,5989,4095,-1,4095,5989,5990,-1,4095,5990,4094,-1,4094,5990,5991,-1,4094,5991,4093,-1,4093,5991,5992,-1,4093,5992,4092,-1,4092,5992,5993,-1,4092,5993,4091,-1,4091,5993,5994,-1,4091,5994,4090,-1,4090,5994,5995,-1,4090,5995,4089,-1,4089,5995,5996,-1,4089,5996,4088,-1,4088,5996,5997,-1,4088,5997,4087,-1,4087,5997,5998,-1,4087,5998,4086,-1,4086,5998,5999,-1,4086,5999,4085,-1,4085,5999,6000,-1,4085,6000,4084,-1,4084,6000,6001,-1,4084,6001,4083,-1,4083,6001,6002,-1,4083,6002,4082,-1,4082,6002,6003,-1,4082,6003,4081,-1,4081,6003,6004,-1,4081,6004,4080,-1,4080,6004,6005,-1,4080,6005,4079,-1,4079,6005,6006,-1,4079,6006,4078,-1,4078,6006,6007,-1,4078,6007,4077,-1,4077,6007,6008,-1,4077,6008,4076,-1,4076,6008,6009,-1,4076,6009,4075,-1,4075,6009,6010,-1,4075,6010,4074,-1,4074,6010,6011,-1,4074,6011,4073,-1,4073,6011,6012,-1,4073,6012,4072,-1,4072,6012,6013,-1,4072,6013,4071,-1,4071,6013,6014,-1,4071,6014,4070,-1,4070,6014,6015,-1,4070,6015,4069,-1,4069,6015,6016,-1,4069,6016,4068,-1,4068,6016,6017,-1,4068,6017,4067,-1,4067,6017,6018,-1,4067,6018,4066,-1,4066,6018,6019,-1,4066,6019,4065,-1,4065,6019,6020,-1,4065,6020,4064,-1,4064,6020,6021,-1,4064,6021,4063,-1,4063,6021,6022,-1,4063,6022,4062,-1,4062,6022,6023,-1,4062,6023,4061,-1,4061,6023,6024,-1,4061,6024,4060,-1,4060,6024,6025,-1,4060,6025,4059,-1,4059,6025,6026,-1,4059,6026,4058,-1,4058,6026,6027,-1,4058,6027,4057,-1,4057,6027,6028,-1,4057,6028,4056,-1,4056,6028,6029,-1,4056,6029,4055,-1,4055,6029,6030,-1,4055,6030,4054,-1,4054,6030,6031,-1,4054,6031,1069,-1,1069,6031,1068,-1,17,16,6032,-1,6032,16,15,-1,6032,15,6033,-1,6033,15,76,-1,6033,76,6034,-1,6034,76,5742,-1,6034,5742,6035,-1,6035,5742,5741,-1,649,6036,647,-1,647,6036,6037,-1,647,6037,5740,-1,5740,6037,6038,-1,5740,6038,5741,-1,5741,6038,6039,-1,5741,6039,6035,-1,6035,6039,6040,-1,6035,6040,6034,-1,6034,6040,6041,-1,6034,6041,6033,-1,6033,6041,6042,-1,6033,6042,6032,-1,6032,6042,245,-1,6032,245,17,-1,17,245,18,-1,4026,6043,4027,-1,4027,6043,6044,-1,4027,6044,4134,-1,4134,6044,6045,-1,4134,6045,4208,-1,4208,6045,6046,-1,4208,6046,4566,-1,4566,6046,6047,-1,4566,6047,4567,-1,4567,6047,6048,-1,4567,6048,4568,-1,4568,6048,6049,-1,4568,6049,4569,-1,4569,6049,6050,-1,4569,6050,4570,-1,4570,6050,6051,-1,4570,6051,4571,-1,4571,6051,6052,-1,4571,6052,4572,-1,4572,6052,6053,-1,4572,6053,4573,-1,4573,6053,6054,-1,4573,6054,4574,-1,4574,6054,6055,-1,4574,6055,4575,-1,4575,6055,6056,-1,4575,6056,4576,-1,4576,6056,6057,-1,4576,6057,4577,-1,4577,6057,6058,-1,4577,6058,4578,-1,4578,6058,6059,-1,4578,6059,4579,-1,4579,6059,6060,-1,4579,6060,4580,-1,4580,6060,6061,-1,4580,6061,4581,-1,4581,6061,6062,-1,4581,6062,4582,-1,4582,6062,6063,-1,4582,6063,4583,-1,4583,6063,6064,-1,4583,6064,4584,-1,4584,6064,6065,-1,4584,6065,4585,-1,4585,6065,6066,-1,4585,6066,4586,-1,4586,6066,6067,-1,4586,6067,4614,-1,4614,6067,6068,-1,4614,6068,4637,-1,4637,6068,6069,-1,4637,6069,98,-1,98,6069,6070,-1,98,6070,254,-1,254,6070,6071,-1,254,6071,92,-1,92,6071,6072,-1,92,6072,251,-1,251,6072,6073,-1,251,6073,252,-1,252,6073,6074,-1,252,6074,4788,-1,4788,6074,6075,-1,4788,6075,4886,-1,4886,6075,6076,-1,4886,6076,4887,-1,4887,6076,6077,-1,4887,6077,4888,-1,4888,6077,6078,-1,4888,6078,4889,-1,4889,6078,6079,-1,4889,6079,4890,-1,4890,6079,6080,-1,4890,6080,4891,-1,4891,6080,6081,-1,4891,6081,4892,-1,4892,6081,6082,-1,4892,6082,4893,-1,4893,6082,6083,-1,4893,6083,4894,-1,4894,6083,6084,-1,4894,6084,4895,-1,4895,6084,6085,-1,4895,6085,4896,-1,4896,6085,6086,-1,4896,6086,4897,-1,4897,6086,6087,-1,4897,6087,4898,-1,4898,6087,6088,-1,4898,6088,4899,-1,4899,6088,6089,-1,4899,6089,84,-1,84,6089,6090,-1,84,6090,85,-1,85,6090,6091,-1,85,6091,4923,-1,4923,6091,6092,-1,4923,6092,5046,-1,5046,6092,6093,-1,5046,6093,5047,-1,5047,6093,6094,-1,5047,6094,5048,-1,5048,6094,6095,-1,5048,6095,5049,-1,5049,6095,6096,-1,5049,6096,5050,-1,5050,6096,6097,-1,5050,6097,5051,-1,5051,6097,6098,-1,5051,6098,5052,-1,5052,6098,6099,-1,5052,6099,5053,-1,5053,6099,6100,-1,5053,6100,5054,-1,5054,6100,6101,-1,5054,6101,5055,-1,5055,6101,6102,-1,5055,6102,5056,-1,5056,6102,6103,-1,5056,6103,5057,-1,5057,6103,6104,-1,5057,6104,5058,-1,5058,6104,6105,-1,5058,6105,5059,-1,5059,6105,6106,-1,5059,6106,5060,-1,5060,6106,6107,-1,5060,6107,5061,-1,5061,6107,6108,-1,5061,6108,5062,-1,5062,6108,6109,-1,5062,6109,5147,-1,5147,6109,6110,-1,5147,6110,5148,-1,5148,6110,6111,-1,5148,6111,5149,-1,5149,6111,6112,-1,5149,6112,5150,-1,5150,6112,6113,-1,5150,6113,5151,-1,5151,6113,6114,-1,5151,6114,5152,-1,5152,6114,6115,-1,5152,6115,5153,-1,5153,6115,6116,-1,5153,6116,5154,-1,5154,6116,6117,-1,5154,6117,5155,-1,5155,6117,6118,-1,5155,6118,5156,-1,5156,6118,6119,-1,5156,6119,5157,-1,5157,6119,6120,-1,5157,6120,5158,-1,5158,6120,6121,-1,5158,6121,5233,-1,5233,6121,6122,-1,5233,6122,83,-1,83,6122,6123,-1,83,6123,250,-1,250,6123,6124,-1,250,6124,80,-1,80,6124,6125,-1,80,6125,247,-1,247,6125,6126,-1,247,6126,248,-1,248,6126,6127,-1,248,6127,5430,-1,5430,6127,6128,-1,5430,6128,5491,-1,5491,6128,6129,-1,5491,6129,5490,-1,5490,6129,6130,-1,5490,6130,5488,-1,5488,6130,6131,-1,5488,6131,649,-1,649,6131,6132,-1,649,6132,6036,-1,6036,6132,6133,-1,6036,6133,6037,-1,6037,6133,6134,-1,6037,6134,6038,-1,6038,6134,6135,-1,6038,6135,6039,-1,6039,6135,6136,-1,6039,6136,6040,-1,6040,6136,6137,-1,6040,6137,6041,-1,6041,6137,6138,-1,6041,6138,6042,-1,6042,6138,6139,-1,6042,6139,245,-1,245,6139,6140,-1,245,6140,19,-1,19,6140,20,-1,3766,6141,3767,-1,3767,6141,6142,-1,3767,6142,3795,-1,3795,6142,6143,-1,3795,6143,3835,-1,3835,6143,6144,-1,3835,6144,3836,-1,3836,6144,6145,-1,3836,6145,3859,-1,3859,6145,6146,-1,3859,6146,3858,-1,3858,6146,6147,-1,3858,6147,3856,-1,3856,6147,6148,-1,3856,6148,620,-1,620,6148,6149,-1,620,6149,4009,-1,4009,6149,6150,-1,4009,6150,4010,-1,4010,6150,6151,-1,4010,6151,4026,-1,4026,6151,6152,-1,4026,6152,6043,-1,6043,6152,6153,-1,6043,6153,6044,-1,6044,6153,6154,-1,6044,6154,6045,-1,6045,6154,6155,-1,6045,6155,6046,-1,6046,6155,6156,-1,6046,6156,6047,-1,6047,6156,6157,-1,6047,6157,6048,-1,6048,6157,6158,-1,6048,6158,6049,-1,6049,6158,6159,-1,6049,6159,6050,-1,6050,6159,6160,-1,6050,6160,6051,-1,6051,6160,6161,-1,6051,6161,6052,-1,6052,6161,6162,-1,6052,6162,6053,-1,6053,6162,6163,-1,6053,6163,6054,-1,6054,6163,6164,-1,6054,6164,6055,-1,6055,6164,6165,-1,6055,6165,6056,-1,6056,6165,6166,-1,6056,6166,6057,-1,6057,6166,6167,-1,6057,6167,6058,-1,6058,6167,6168,-1,6058,6168,6059,-1,6059,6168,6169,-1,6059,6169,6060,-1,6060,6169,6170,-1,6060,6170,6061,-1,6061,6170,6171,-1,6061,6171,6062,-1,6062,6171,6172,-1,6062,6172,6063,-1,6063,6172,6173,-1,6063,6173,6064,-1,6064,6173,6174,-1,6064,6174,6065,-1,6065,6174,6175,-1,6065,6175,6066,-1,6066,6175,6176,-1,6066,6176,6067,-1,6067,6176,6177,-1,6067,6177,6068,-1,6068,6177,6178,-1,6068,6178,6069,-1,6069,6178,6179,-1,6069,6179,6070,-1,6070,6179,6180,-1,6070,6180,6071,-1,6071,6180,6181,-1,6071,6181,6072,-1,6072,6181,6182,-1,6072,6182,6073,-1,6073,6182,6183,-1,6073,6183,6074,-1,6074,6183,6184,-1,6074,6184,6075,-1,6075,6184,6185,-1,6075,6185,6076,-1,6076,6185,6186,-1,6076,6186,6077,-1,6077,6186,6187,-1,6077,6187,6078,-1,6078,6187,6188,-1,6078,6188,6079,-1,6079,6188,6189,-1,6079,6189,6080,-1,6080,6189,6190,-1,6080,6190,6081,-1,6081,6190,6191,-1,6081,6191,6082,-1,6082,6191,6192,-1,6082,6192,6083,-1,6083,6192,6193,-1,6083,6193,6084,-1,6084,6193,6194,-1,6084,6194,6085,-1,6085,6194,6195,-1,6085,6195,6086,-1,6086,6195,6196,-1,6086,6196,6087,-1,6087,6196,6197,-1,6087,6197,6088,-1,6088,6197,6198,-1,6088,6198,6089,-1,6089,6198,6199,-1,6089,6199,6090,-1,6090,6199,6200,-1,6090,6200,6091,-1,6091,6200,6201,-1,6091,6201,6092,-1,6092,6201,6202,-1,6092,6202,6093,-1,6093,6202,6203,-1,6093,6203,6094,-1,6094,6203,6204,-1,6094,6204,6095,-1,6095,6204,6205,-1,6095,6205,6096,-1,6096,6205,6206,-1,6096,6206,6097,-1,6097,6206,6207,-1,6097,6207,6098,-1,6098,6207,6208,-1,6098,6208,6099,-1,6099,6208,6209,-1,6099,6209,6100,-1,6100,6209,6210,-1,6100,6210,6101,-1,6101,6210,6211,-1,6101,6211,6102,-1,6102,6211,6212,-1,6102,6212,6103,-1,6103,6212,6213,-1,6103,6213,6104,-1,6104,6213,6214,-1,6104,6214,6105,-1,6105,6214,6215,-1,6105,6215,6106,-1,6106,6215,6216,-1,6106,6216,6107,-1,6107,6216,6217,-1,6107,6217,6108,-1,6108,6217,6218,-1,6108,6218,6109,-1,6109,6218,6219,-1,6109,6219,6110,-1,6110,6219,6220,-1,6110,6220,6111,-1,6111,6220,6221,-1,6111,6221,6112,-1,6112,6221,6222,-1,6112,6222,6113,-1,6113,6222,6223,-1,6113,6223,6114,-1,6114,6223,6224,-1,6114,6224,6115,-1,6115,6224,6225,-1,6115,6225,6116,-1,6116,6225,6226,-1,6116,6226,6117,-1,6117,6226,6227,-1,6117,6227,6118,-1,6118,6227,6228,-1,6118,6228,6119,-1,6119,6228,6229,-1,6119,6229,6120,-1,6120,6229,6230,-1,6120,6230,6121,-1,6121,6230,6231,-1,6121,6231,6122,-1,6122,6231,6232,-1,6122,6232,6123,-1,6123,6232,6233,-1,6123,6233,6124,-1,6124,6233,6234,-1,6124,6234,6125,-1,6125,6234,6235,-1,6125,6235,6126,-1,6126,6235,6236,-1,6126,6236,6127,-1,6127,6236,6237,-1,6127,6237,6128,-1,6128,6237,6238,-1,6128,6238,6129,-1,6129,6238,6239,-1,6129,6239,6130,-1,6130,6239,6240,-1,6130,6240,6131,-1,6131,6240,6241,-1,6131,6241,6132,-1,6132,6241,6242,-1,6132,6242,6133,-1,6133,6242,6243,-1,6133,6243,6134,-1,6134,6243,6244,-1,6134,6244,6135,-1,6135,6244,6245,-1,6135,6245,6136,-1,6136,6245,6246,-1,6136,6246,6137,-1,6137,6246,6247,-1,6137,6247,6138,-1,6138,6247,6248,-1,6138,6248,6139,-1,6139,6248,6249,-1,6139,6249,6140,-1,6140,6249,6250,-1,6140,6250,20,-1,20,6250,21,-1,22,21,6251,-1,6251,21,6250,-1,6251,6250,6252,-1,6252,6250,6249,-1,6252,6249,6253,-1,6253,6249,6248,-1,6253,6248,6254,-1,6254,6248,6247,-1,6254,6247,6255,-1,6255,6247,6246,-1,6255,6246,6256,-1,6256,6246,6245,-1,6256,6245,6257,-1,6257,6245,6244,-1,6257,6244,6258,-1,6258,6244,6243,-1,6258,6243,6259,-1,6259,6243,6242,-1,6259,6242,6260,-1,6260,6242,6241,-1,6260,6241,6261,-1,6261,6241,6240,-1,6261,6240,6262,-1,6262,6240,6239,-1,6262,6239,6263,-1,6263,6239,6238,-1,6263,6238,6264,-1,6264,6238,6237,-1,6264,6237,6265,-1,6265,6237,6236,-1,6265,6236,6266,-1,6266,6236,6235,-1,6266,6235,6267,-1,6267,6235,6234,-1,6267,6234,6268,-1,6268,6234,6233,-1,6268,6233,6269,-1,6269,6233,6232,-1,6269,6232,6270,-1,6270,6232,6231,-1,6270,6231,6271,-1,6271,6231,6230,-1,6271,6230,6272,-1,6272,6230,6229,-1,6272,6229,6273,-1,6273,6229,6228,-1,6273,6228,6274,-1,6274,6228,6227,-1,6274,6227,6275,-1,6275,6227,6226,-1,6275,6226,6276,-1,6276,6226,6225,-1,6276,6225,6277,-1,6277,6225,6224,-1,6277,6224,6278,-1,6278,6224,6223,-1,6278,6223,6279,-1,6279,6223,6222,-1,6279,6222,6280,-1,6280,6222,6221,-1,6280,6221,6281,-1,6281,6221,6220,-1,6281,6220,6282,-1,6282,6220,6219,-1,6282,6219,6283,-1,6283,6219,6218,-1,6283,6218,6284,-1,6284,6218,6217,-1,6284,6217,6285,-1,6285,6217,6216,-1,6285,6216,6286,-1,6286,6216,6215,-1,6286,6215,6287,-1,6287,6215,6214,-1,6287,6214,6288,-1,6288,6214,6213,-1,6288,6213,6289,-1,6289,6213,6212,-1,6289,6212,6290,-1,6290,6212,6211,-1,6290,6211,6291,-1,6291,6211,6210,-1,6291,6210,6292,-1,6292,6210,6209,-1,6292,6209,6293,-1,6293,6209,6208,-1,6293,6208,6294,-1,6294,6208,6207,-1,6294,6207,6295,-1,6295,6207,6206,-1,6295,6206,6296,-1,6296,6206,6205,-1,6296,6205,6297,-1,6297,6205,6204,-1,6297,6204,6298,-1,6298,6204,6203,-1,6298,6203,6299,-1,6299,6203,6202,-1,6299,6202,6300,-1,6300,6202,6201,-1,6300,6201,6301,-1,6301,6201,6200,-1,6301,6200,6302,-1,6302,6200,6199,-1,6302,6199,6303,-1,6303,6199,6198,-1,6303,6198,6304,-1,6304,6198,6197,-1,6304,6197,6305,-1,6305,6197,6196,-1,6305,6196,6306,-1,6306,6196,6195,-1,6306,6195,6307,-1,6307,6195,6194,-1,6307,6194,6308,-1,6308,6194,6193,-1,6308,6193,6309,-1,6309,6193,6192,-1,6309,6192,6310,-1,6310,6192,6191,-1,6310,6191,6311,-1,6311,6191,6190,-1,6311,6190,6312,-1,6312,6190,6189,-1,6312,6189,6313,-1,6313,6189,6188,-1,6313,6188,6314,-1,6314,6188,6187,-1,6314,6187,6315,-1,6315,6187,6186,-1,6315,6186,6316,-1,6316,6186,6185,-1,6316,6185,6317,-1,6317,6185,6184,-1,6317,6184,6318,-1,6318,6184,6183,-1,6318,6183,6319,-1,6319,6183,6182,-1,6319,6182,6320,-1,6320,6182,6181,-1,6320,6181,6321,-1,6321,6181,6180,-1,6321,6180,6322,-1,6322,6180,6179,-1,6322,6179,6323,-1,6323,6179,6178,-1,6323,6178,6324,-1,6324,6178,6177,-1,6324,6177,6325,-1,6325,6177,6176,-1,6325,6176,6326,-1,6326,6176,6175,-1,6326,6175,6327,-1,6327,6175,6174,-1,6327,6174,6328,-1,6328,6174,6173,-1,6328,6173,6329,-1,6329,6173,6172,-1,6329,6172,6330,-1,6330,6172,6171,-1,6330,6171,6331,-1,6331,6171,6170,-1,6331,6170,6332,-1,6332,6170,6169,-1,6332,6169,6333,-1,6333,6169,6168,-1,6333,6168,6334,-1,6334,6168,6167,-1,6334,6167,6335,-1,6335,6167,6166,-1,6335,6166,6336,-1,6336,6166,6165,-1,6336,6165,6337,-1,6337,6165,6164,-1,6337,6164,6338,-1,6338,6164,6163,-1,6338,6163,6339,-1,6339,6163,6162,-1,6339,6162,6340,-1,6340,6162,6161,-1,6340,6161,6341,-1,6341,6161,6160,-1,6341,6160,6342,-1,6342,6160,6159,-1,6342,6159,6343,-1,6343,6159,6158,-1,6343,6158,6344,-1,6344,6158,6157,-1,6344,6157,6345,-1,6345,6157,6156,-1,6345,6156,6346,-1,6346,6156,6155,-1,6346,6155,6347,-1,6347,6155,6154,-1,6347,6154,6348,-1,6348,6154,6153,-1,6348,6153,6349,-1,6349,6153,6152,-1,6349,6152,6350,-1,6350,6152,6151,-1,6350,6151,6351,-1,6351,6151,6150,-1,6351,6150,6352,-1,6352,6150,6149,-1,6352,6149,6353,-1,6353,6149,6148,-1,6353,6148,6354,-1,6354,6148,6147,-1,6354,6147,6355,-1,6355,6147,6146,-1,6355,6146,6356,-1,6356,6146,6145,-1,6356,6145,6357,-1,6357,6145,6144,-1,6357,6144,6358,-1,6358,6144,6143,-1,6358,6143,6359,-1,6359,6143,6142,-1,6359,6142,6360,-1,6360,6142,6141,-1,6360,6141,6361,-1,6361,6141,3766,-1,6361,3766,6362,-1,6362,3766,129,-1,6362,129,6363,-1,6363,129,128,-1,6363,128,6364,-1,6364,128,265,-1,6364,265,6365,-1,6365,265,264,-1,6365,264,6366,-1,6366,264,3587,-1,6366,3587,6367,-1,6367,3587,3589,-1,6367,3589,6368,-1,6368,3589,3590,-1,6368,3590,6369,-1,6369,3590,3523,-1,6369,3523,6370,-1,6370,3523,3521,-1,6370,3521,6371,-1,6371,3521,3520,-1,6371,3520,6372,-1,6372,3520,3497,-1,6372,3497,6373,-1,6373,3497,3496,-1,6373,3496,6374,-1,6374,3496,3461,-1,6374,3461,6375,-1,6375,3461,3460,-1,6375,3460,6376,-1,6376,3460,3373,-1,6376,3373,6377,-1,6377,3373,3314,-1,6377,3314,592,-1,592,3314,593,-1,23,22,244,-1,244,22,6251,-1,244,6251,6378,-1,6378,6251,6252,-1,6378,6252,6379,-1,6379,6252,6253,-1,6379,6253,6380,-1,6380,6253,6254,-1,6380,6254,6381,-1,6381,6254,6255,-1,6381,6255,6382,-1,6382,6255,6256,-1,6382,6256,6383,-1,6383,6256,6257,-1,6383,6257,6384,-1,6384,6257,6258,-1,6384,6258,6385,-1,6385,6258,6259,-1,6385,6259,6386,-1,6386,6259,6260,-1,6386,6260,6387,-1,6387,6260,6261,-1,6387,6261,6388,-1,6388,6261,6262,-1,6388,6262,6389,-1,6389,6262,6263,-1,6389,6263,6390,-1,6390,6263,6264,-1,6390,6264,6391,-1,6391,6264,6265,-1,6391,6265,6392,-1,6392,6265,6266,-1,6392,6266,6393,-1,6393,6266,6267,-1,6393,6267,6394,-1,6394,6267,6268,-1,6394,6268,6395,-1,6395,6268,6269,-1,6395,6269,6396,-1,6396,6269,6270,-1,6396,6270,6397,-1,6397,6270,6271,-1,6397,6271,6398,-1,6398,6271,6272,-1,6398,6272,6399,-1,6399,6272,6273,-1,6399,6273,6400,-1,6400,6273,6274,-1,6400,6274,6401,-1,6401,6274,6275,-1,6401,6275,6402,-1,6402,6275,6276,-1,6402,6276,6403,-1,6403,6276,6277,-1,6403,6277,6404,-1,6404,6277,6278,-1,6404,6278,6405,-1,6405,6278,6279,-1,6405,6279,6406,-1,6406,6279,6280,-1,6406,6280,6407,-1,6407,6280,6281,-1,6407,6281,6408,-1,6408,6281,6282,-1,6408,6282,6409,-1,6409,6282,6283,-1,6409,6283,6410,-1,6410,6283,6284,-1,6410,6284,6411,-1,6411,6284,6285,-1,6411,6285,6412,-1,6412,6285,6286,-1,6412,6286,6413,-1,6413,6286,6287,-1,6413,6287,6414,-1,6414,6287,6288,-1,6414,6288,6415,-1,6415,6288,6289,-1,6415,6289,6416,-1,6416,6289,6290,-1,6416,6290,6417,-1,6417,6290,6291,-1,6417,6291,6418,-1,6418,6291,6292,-1,6418,6292,6419,-1,6419,6292,6293,-1,6419,6293,6420,-1,6420,6293,6294,-1,6420,6294,6421,-1,6421,6294,6295,-1,6421,6295,6422,-1,6422,6295,6296,-1,6422,6296,6423,-1,6423,6296,6297,-1,6423,6297,6424,-1,6424,6297,6298,-1,6424,6298,6425,-1,6425,6298,6299,-1,6425,6299,6426,-1,6426,6299,6300,-1,6426,6300,6427,-1,6427,6300,6301,-1,6427,6301,6428,-1,6428,6301,6302,-1,6428,6302,6429,-1,6429,6302,6303,-1,6429,6303,6430,-1,6430,6303,6304,-1,6430,6304,6431,-1,6431,6304,6305,-1,6431,6305,6432,-1,6432,6305,6306,-1,6432,6306,6433,-1,6433,6306,6307,-1,6433,6307,6434,-1,6434,6307,6308,-1,6434,6308,6435,-1,6435,6308,6309,-1,6435,6309,6436,-1,6436,6309,6310,-1,6436,6310,6437,-1,6437,6310,6311,-1,6437,6311,6438,-1,6438,6311,6312,-1,6438,6312,6439,-1,6439,6312,6313,-1,6439,6313,6440,-1,6440,6313,6314,-1,6440,6314,6441,-1,6441,6314,6315,-1,6441,6315,6442,-1,6442,6315,6316,-1,6442,6316,6443,-1,6443,6316,6317,-1,6443,6317,6444,-1,6444,6317,6318,-1,6444,6318,6445,-1,6445,6318,6319,-1,6445,6319,6446,-1,6446,6319,6320,-1,6446,6320,6447,-1,6447,6320,6321,-1,6447,6321,6448,-1,6448,6321,6322,-1,6448,6322,6449,-1,6449,6322,6323,-1,6449,6323,6450,-1,6450,6323,6324,-1,6450,6324,6451,-1,6451,6324,6325,-1,6451,6325,6452,-1,6452,6325,6326,-1,6452,6326,6453,-1,6453,6326,6327,-1,6453,6327,6454,-1,6454,6327,6328,-1,6454,6328,6455,-1,6455,6328,6329,-1,6455,6329,6456,-1,6456,6329,6330,-1,6456,6330,6457,-1,6457,6330,6331,-1,6457,6331,6458,-1,6458,6331,6332,-1,6458,6332,6459,-1,6459,6332,6333,-1,6459,6333,6460,-1,6460,6333,6334,-1,6460,6334,6461,-1,6461,6334,6335,-1,6461,6335,6462,-1,6462,6335,6336,-1,6462,6336,6463,-1,6463,6336,6337,-1,6463,6337,6464,-1,6464,6337,6338,-1,6464,6338,6465,-1,6465,6338,6339,-1,6465,6339,6466,-1,6466,6339,6340,-1,6466,6340,6467,-1,6467,6340,6341,-1,6467,6341,6468,-1,6468,6341,6342,-1,6468,6342,6469,-1,6469,6342,6343,-1,6469,6343,6470,-1,6470,6343,6344,-1,6470,6344,6471,-1,6471,6344,6345,-1,6471,6345,6472,-1,6472,6345,6346,-1,6472,6346,6473,-1,6473,6346,6347,-1,6473,6347,6474,-1,6474,6347,6348,-1,6474,6348,6475,-1,6475,6348,6349,-1,6475,6349,6476,-1,6476,6349,6350,-1,6476,6350,6477,-1,6477,6350,6351,-1,6477,6351,6478,-1,6478,6351,6352,-1,6478,6352,6479,-1,6479,6352,6353,-1,6479,6353,6480,-1,6480,6353,6354,-1,6480,6354,6481,-1,6481,6354,6355,-1,6481,6355,6482,-1,6482,6355,6356,-1,6482,6356,6483,-1,6483,6356,6357,-1,6483,6357,6484,-1,6484,6357,6358,-1,6484,6358,6485,-1,6485,6358,6359,-1,6485,6359,6486,-1,6486,6359,6360,-1,6486,6360,6487,-1,6487,6360,6361,-1,6487,6361,6488,-1,6488,6361,6362,-1,6488,6362,6489,-1,6489,6362,6363,-1,6489,6363,6490,-1,6490,6363,6364,-1,6490,6364,6491,-1,6491,6364,6365,-1,6491,6365,6492,-1,6492,6365,6366,-1,6492,6366,6493,-1,6493,6366,6367,-1,6493,6367,6494,-1,6494,6367,6368,-1,6494,6368,6495,-1,6495,6368,6369,-1,6495,6369,6496,-1,6496,6369,6370,-1,6496,6370,6497,-1,6497,6370,6371,-1,6497,6371,6498,-1,6498,6371,6372,-1,6498,6372,6499,-1,6499,6372,6373,-1,6499,6373,6500,-1,6500,6373,6374,-1,6500,6374,6501,-1,6501,6374,6375,-1,6501,6375,6502,-1,6502,6375,6376,-1,6502,6376,6503,-1,6503,6376,6377,-1,6503,6377,3380,-1,3380,6377,592,-1,5,24,243,-1,243,24,244,-1,243,244,6504,-1,6504,244,6378,-1,6504,6378,6505,-1,6505,6378,6379,-1,6505,6379,6506,-1,6506,6379,6380,-1,6506,6380,6507,-1,6507,6380,6381,-1,6507,6381,6508,-1,6508,6381,6382,-1,6508,6382,6509,-1,6509,6382,6383,-1,6509,6383,6510,-1,6510,6383,6384,-1,6510,6384,6511,-1,6511,6384,6385,-1,6511,6385,6512,-1,6512,6385,6386,-1,6512,6386,6513,-1,6513,6386,6387,-1,6513,6387,6514,-1,6514,6387,6388,-1,6514,6388,6515,-1,6515,6388,6389,-1,6515,6389,6516,-1,6516,6389,6390,-1,6516,6390,6517,-1,6517,6390,6391,-1,6517,6391,6518,-1,6518,6391,6392,-1,6518,6392,6519,-1,6519,6392,6393,-1,6519,6393,6520,-1,6520,6393,6394,-1,6520,6394,6521,-1,6521,6394,6395,-1,6521,6395,6522,-1,6522,6395,6396,-1,6522,6396,6523,-1,6523,6396,6397,-1,6523,6397,6524,-1,6524,6397,6398,-1,6524,6398,6525,-1,6525,6398,6399,-1,6525,6399,6526,-1,6526,6399,6400,-1,6526,6400,6527,-1,6527,6400,6401,-1,6527,6401,6528,-1,6528,6401,6402,-1,6528,6402,6529,-1,6529,6402,6403,-1,6529,6403,6530,-1,6530,6403,6404,-1,6530,6404,6531,-1,6531,6404,6405,-1,6531,6405,6532,-1,6532,6405,6406,-1,6532,6406,6533,-1,6533,6406,6407,-1,6533,6407,6534,-1,6534,6407,6408,-1,6534,6408,6535,-1,6535,6408,6409,-1,6535,6409,6536,-1,6536,6409,6410,-1,6536,6410,6537,-1,6537,6410,6411,-1,6537,6411,6538,-1,6538,6411,6412,-1,6538,6412,6539,-1,6539,6412,6413,-1,6539,6413,6540,-1,6540,6413,6414,-1,6540,6414,6541,-1,6541,6414,6415,-1,6541,6415,6542,-1,6542,6415,6416,-1,6542,6416,6543,-1,6543,6416,6417,-1,6543,6417,6544,-1,6544,6417,6418,-1,6544,6418,6545,-1,6545,6418,6419,-1,6545,6419,6546,-1,6546,6419,6420,-1,6546,6420,6547,-1,6547,6420,6421,-1,6547,6421,6548,-1,6548,6421,6422,-1,6548,6422,6549,-1,6549,6422,6423,-1,6549,6423,6550,-1,6550,6423,6424,-1,6550,6424,6551,-1,6551,6424,6425,-1,6551,6425,6552,-1,6552,6425,6426,-1,6552,6426,6553,-1,6553,6426,6427,-1,6553,6427,6554,-1,6554,6427,6428,-1,6554,6428,6555,-1,6555,6428,6429,-1,6555,6429,6556,-1,6556,6429,6430,-1,6556,6430,6557,-1,6557,6430,6431,-1,6557,6431,6558,-1,6558,6431,6432,-1,6558,6432,6559,-1,6559,6432,6433,-1,6559,6433,6560,-1,6560,6433,6434,-1,6560,6434,6561,-1,6561,6434,6435,-1,6561,6435,6562,-1,6562,6435,6436,-1,6562,6436,6563,-1,6563,6436,6437,-1,6563,6437,6564,-1,6564,6437,6438,-1,6564,6438,6565,-1,6565,6438,6439,-1,6565,6439,6566,-1,6566,6439,6440,-1,6566,6440,6567,-1,6567,6440,6441,-1,6567,6441,6568,-1,6568,6441,6442,-1,6568,6442,6569,-1,6569,6442,6443,-1,6569,6443,6570,-1,6570,6443,6444,-1,6570,6444,6571,-1,6571,6444,6445,-1,6571,6445,6572,-1,6572,6445,6446,-1,6572,6446,6573,-1,6573,6446,6447,-1,6573,6447,6574,-1,6574,6447,6448,-1,6574,6448,6575,-1,6575,6448,6449,-1,6575,6449,6576,-1,6576,6449,6450,-1,6576,6450,6577,-1,6577,6450,6451,-1,6577,6451,6578,-1,6578,6451,6452,-1,6578,6452,6579,-1,6579,6452,6453,-1,6579,6453,6580,-1,6580,6453,6454,-1,6580,6454,6581,-1,6581,6454,6455,-1,6581,6455,6582,-1,6582,6455,6456,-1,6582,6456,6583,-1,6583,6456,6457,-1,6583,6457,6584,-1,6584,6457,6458,-1,6584,6458,6585,-1,6585,6458,6459,-1,6585,6459,6586,-1,6586,6459,6460,-1,6586,6460,6587,-1,6587,6460,6461,-1,6587,6461,6588,-1,6588,6461,6462,-1,6588,6462,6589,-1,6589,6462,6463,-1,6589,6463,6590,-1,6590,6463,6464,-1,6590,6464,6591,-1,6591,6464,6465,-1,6591,6465,6592,-1,6592,6465,6466,-1,6592,6466,6593,-1,6593,6466,6467,-1,6593,6467,6594,-1,6594,6467,6468,-1,6594,6468,6595,-1,6595,6468,6469,-1,6595,6469,6596,-1,6596,6469,6470,-1,6596,6470,6597,-1,6597,6470,6471,-1,6597,6471,6598,-1,6598,6471,6472,-1,6598,6472,6599,-1,6599,6472,6473,-1,6599,6473,6600,-1,6600,6473,6474,-1,6600,6474,6601,-1,6601,6474,6475,-1,6601,6475,6602,-1,6602,6475,6476,-1,6602,6476,6603,-1,6603,6476,6477,-1,6603,6477,6604,-1,6604,6477,6478,-1,6604,6478,6605,-1,6605,6478,6479,-1,6605,6479,6606,-1,6606,6479,6480,-1,6606,6480,6607,-1,6607,6480,6481,-1,6607,6481,6608,-1,6608,6481,6482,-1,6608,6482,6609,-1,6609,6482,6483,-1,6609,6483,6610,-1,6610,6483,6484,-1,6610,6484,6611,-1,6611,6484,6485,-1,6611,6485,6612,-1,6612,6485,6486,-1,6612,6486,6613,-1,6613,6486,6487,-1,6613,6487,6614,-1,6614,6487,6488,-1,6614,6488,6615,-1,6615,6488,6489,-1,6615,6489,6616,-1,6616,6489,6490,-1,6616,6490,6617,-1,6617,6490,6491,-1,6617,6491,6618,-1,6618,6491,6492,-1,6618,6492,6619,-1,6619,6492,6493,-1,6619,6493,6620,-1,6620,6493,6494,-1,6620,6494,6621,-1,6621,6494,6495,-1,6621,6495,6622,-1,6622,6495,6496,-1,6622,6496,6623,-1,6623,6496,6497,-1,6623,6497,6624,-1,6624,6497,6498,-1,6624,6498,6625,-1,6625,6498,6499,-1,6625,6499,6626,-1,6626,6499,6500,-1,6626,6500,6627,-1,6627,6500,6501,-1,6627,6501,6628,-1,6628,6501,6502,-1,6628,6502,6629,-1,6629,6502,6503,-1,6629,6503,3379,-1,3379,6503,3380,-1,3,4,242,-1,242,4,243,-1,242,243,6630,-1,6630,243,6504,-1,6630,6504,6631,-1,6631,6504,6505,-1,6631,6505,6632,-1,6632,6505,6506,-1,6632,6506,6633,-1,6633,6506,6507,-1,6633,6507,6634,-1,6634,6507,6508,-1,6634,6508,6635,-1,6635,6508,6509,-1,6635,6509,6636,-1,6636,6509,6510,-1,6636,6510,6637,-1,6637,6510,6511,-1,6637,6511,6638,-1,6638,6511,6512,-1,6638,6512,6639,-1,6639,6512,6513,-1,6639,6513,6640,-1,6640,6513,6514,-1,6640,6514,6641,-1,6641,6514,6515,-1,6641,6515,6642,-1,6642,6515,6516,-1,6642,6516,6643,-1,6643,6516,6517,-1,6643,6517,6644,-1,6644,6517,6518,-1,6644,6518,6645,-1,6645,6518,6519,-1,6645,6519,6646,-1,6646,6519,6520,-1,6646,6520,6647,-1,6647,6520,6521,-1,6647,6521,6648,-1,6648,6521,6522,-1,6648,6522,6649,-1,6649,6522,6523,-1,6649,6523,6650,-1,6650,6523,6524,-1,6650,6524,6651,-1,6651,6524,6525,-1,6651,6525,6652,-1,6652,6525,6526,-1,6652,6526,6653,-1,6653,6526,6527,-1,6653,6527,6654,-1,6654,6527,6528,-1,6654,6528,6655,-1,6655,6528,6529,-1,6655,6529,6656,-1,6656,6529,6530,-1,6656,6530,6657,-1,6657,6530,6531,-1,6657,6531,6658,-1,6658,6531,6532,-1,6658,6532,6659,-1,6659,6532,6533,-1,6659,6533,6660,-1,6660,6533,6534,-1,6660,6534,6661,-1,6661,6534,6535,-1,6661,6535,6662,-1,6662,6535,6536,-1,6662,6536,6663,-1,6663,6536,6537,-1,6663,6537,6664,-1,6664,6537,6538,-1,6664,6538,6665,-1,6665,6538,6539,-1,6665,6539,6666,-1,6666,6539,6540,-1,6666,6540,6667,-1,6667,6540,6541,-1,6667,6541,6668,-1,6668,6541,6542,-1,6668,6542,6669,-1,6669,6542,6543,-1,6669,6543,6670,-1,6670,6543,6544,-1,6670,6544,6671,-1,6671,6544,6545,-1,6671,6545,6672,-1,6672,6545,6546,-1,6672,6546,6673,-1,6673,6546,6547,-1,6673,6547,6674,-1,6674,6547,6548,-1,6674,6548,6675,-1,6675,6548,6549,-1,6675,6549,6676,-1,6676,6549,6550,-1,6676,6550,6677,-1,6677,6550,6551,-1,6677,6551,6678,-1,6678,6551,6552,-1,6678,6552,6679,-1,6679,6552,6553,-1,6679,6553,6680,-1,6680,6553,6554,-1,6680,6554,6681,-1,6681,6554,6555,-1,6681,6555,6682,-1,6682,6555,6556,-1,6682,6556,6683,-1,6683,6556,6557,-1,6683,6557,6684,-1,6684,6557,6558,-1,6684,6558,6685,-1,6685,6558,6559,-1,6685,6559,6686,-1,6686,6559,6560,-1,6686,6560,6687,-1,6687,6560,6561,-1,6687,6561,6688,-1,6688,6561,6562,-1,6688,6562,6689,-1,6689,6562,6563,-1,6689,6563,6690,-1,6690,6563,6564,-1,6690,6564,6691,-1,6691,6564,6565,-1,6691,6565,6692,-1,6692,6565,6566,-1,6692,6566,6693,-1,6693,6566,6567,-1,6693,6567,6694,-1,6694,6567,6568,-1,6694,6568,6695,-1,6695,6568,6569,-1,6695,6569,6696,-1,6696,6569,6570,-1,6696,6570,6697,-1,6697,6570,6571,-1,6697,6571,6698,-1,6698,6571,6572,-1,6698,6572,6699,-1,6699,6572,6573,-1,6699,6573,6700,-1,6700,6573,6574,-1,6700,6574,6701,-1,6701,6574,6575,-1,6701,6575,6702,-1,6702,6575,6576,-1,6702,6576,6703,-1,6703,6576,6577,-1,6703,6577,6704,-1,6704,6577,6578,-1,6704,6578,6705,-1,6705,6578,6579,-1,6705,6579,6706,-1,6706,6579,6580,-1,6706,6580,6707,-1,6707,6580,6581,-1,6707,6581,6708,-1,6708,6581,6582,-1,6708,6582,6709,-1,6709,6582,6583,-1,6709,6583,6710,-1,6710,6583,6584,-1,6710,6584,6711,-1,6711,6584,6585,-1,6711,6585,6712,-1,6712,6585,6586,-1,6712,6586,6713,-1,6713,6586,6587,-1,6713,6587,6714,-1,6714,6587,6588,-1,6714,6588,6715,-1,6715,6588,6589,-1,6715,6589,6716,-1,6716,6589,6590,-1,6716,6590,6717,-1,6717,6590,6591,-1,6717,6591,6718,-1,6718,6591,6592,-1,6718,6592,6719,-1,6719,6592,6593,-1,6719,6593,6720,-1,6720,6593,6594,-1,6720,6594,6721,-1,6721,6594,6595,-1,6721,6595,6722,-1,6722,6595,6596,-1,6722,6596,6723,-1,6723,6596,6597,-1,6723,6597,6724,-1,6724,6597,6598,-1,6724,6598,6725,-1,6725,6598,6599,-1,6725,6599,6726,-1,6726,6599,6600,-1,6726,6600,6727,-1,6727,6600,6601,-1,6727,6601,6728,-1,6728,6601,6602,-1,6728,6602,6729,-1,6729,6602,6603,-1,6729,6603,6730,-1,6730,6603,6604,-1,6730,6604,6731,-1,6731,6604,6605,-1,6731,6605,6732,-1,6732,6605,6606,-1,6732,6606,6733,-1,6733,6606,6607,-1,6733,6607,6734,-1,6734,6607,6608,-1,6734,6608,6735,-1,6735,6608,6609,-1,6735,6609,6736,-1,6736,6609,6610,-1,6736,6610,6737,-1,6737,6610,6611,-1,6737,6611,6738,-1,6738,6611,6612,-1,6738,6612,6739,-1,6739,6612,6613,-1,6739,6613,6740,-1,6740,6613,6614,-1,6740,6614,6741,-1,6741,6614,6615,-1,6741,6615,6742,-1,6742,6615,6616,-1,6742,6616,6743,-1,6743,6616,6617,-1,6743,6617,6744,-1,6744,6617,6618,-1,6744,6618,6745,-1,6745,6618,6619,-1,6745,6619,6746,-1,6746,6619,6620,-1,6746,6620,6747,-1,6747,6620,6621,-1,6747,6621,6748,-1,6748,6621,6622,-1,6748,6622,6749,-1,6749,6622,6623,-1,6749,6623,6750,-1,6750,6623,6624,-1,6750,6624,6751,-1,6751,6624,6625,-1,6751,6625,6752,-1,6752,6625,6626,-1,6752,6626,6753,-1,6753,6626,6627,-1,6753,6627,6754,-1,6754,6627,6628,-1,6754,6628,6755,-1,6755,6628,6629,-1,6755,6629,3378,-1,3378,6629,3379,-1,7,6,6756,-1,6756,6,242,-1,6756,242,6757,-1,6757,242,6630,-1,6757,6630,6758,-1,6758,6630,6631,-1,6758,6631,6759,-1,6759,6631,6632,-1,6759,6632,6760,-1,6760,6632,6633,-1,6760,6633,6761,-1,6761,6633,6634,-1,6761,6634,6762,-1,6762,6634,6635,-1,6762,6635,6763,-1,6763,6635,6636,-1,6763,6636,6764,-1,6764,6636,6637,-1,6764,6637,6765,-1,6765,6637,6638,-1,6765,6638,6766,-1,6766,6638,6639,-1,6766,6639,6767,-1,6767,6639,6640,-1,6767,6640,6768,-1,6768,6640,6641,-1,6768,6641,6769,-1,6769,6641,6642,-1,6769,6642,6770,-1,6770,6642,6643,-1,6770,6643,6771,-1,6771,6643,6644,-1,6771,6644,6772,-1,6772,6644,6645,-1,6772,6645,6773,-1,6773,6645,6646,-1,6773,6646,6774,-1,6774,6646,6647,-1,6774,6647,6775,-1,6775,6647,6648,-1,6775,6648,6776,-1,6776,6648,6649,-1,6776,6649,6777,-1,6777,6649,6650,-1,6777,6650,6778,-1,6778,6650,6651,-1,6778,6651,6779,-1,6779,6651,6652,-1,6779,6652,6780,-1,6780,6652,6653,-1,6780,6653,6781,-1,6781,6653,6654,-1,6781,6654,6782,-1,6782,6654,6655,-1,6782,6655,6783,-1,6783,6655,6656,-1,6783,6656,6784,-1,6784,6656,6657,-1,6784,6657,6785,-1,6785,6657,6658,-1,6785,6658,6786,-1,6786,6658,6659,-1,6786,6659,6787,-1,6787,6659,6660,-1,6787,6660,6788,-1,6788,6660,6661,-1,6788,6661,6789,-1,6789,6661,6662,-1,6789,6662,6790,-1,6790,6662,6663,-1,6790,6663,6791,-1,6791,6663,6664,-1,6791,6664,6792,-1,6792,6664,6665,-1,6792,6665,6793,-1,6793,6665,6666,-1,6793,6666,6794,-1,6794,6666,6667,-1,6794,6667,6795,-1,6795,6667,6668,-1,6795,6668,6796,-1,6796,6668,6669,-1,6796,6669,6797,-1,6797,6669,6670,-1,6797,6670,6798,-1,6798,6670,6671,-1,6798,6671,6799,-1,6799,6671,6672,-1,6799,6672,6800,-1,6800,6672,6673,-1,6800,6673,6801,-1,6801,6673,6674,-1,6801,6674,6802,-1,6802,6674,6675,-1,6802,6675,6803,-1,6803,6675,6676,-1,6803,6676,6804,-1,6804,6676,6677,-1,6804,6677,6805,-1,6805,6677,6678,-1,6805,6678,6806,-1,6806,6678,6679,-1,6806,6679,6807,-1,6807,6679,6680,-1,6807,6680,6808,-1,6808,6680,6681,-1,6808,6681,6809,-1,6809,6681,6682,-1,6809,6682,6810,-1,6810,6682,6683,-1,6810,6683,6811,-1,6811,6683,6684,-1,6811,6684,6812,-1,6812,6684,6685,-1,6812,6685,6813,-1,6813,6685,6686,-1,6813,6686,6814,-1,6814,6686,6687,-1,6814,6687,6815,-1,6815,6687,6688,-1,6815,6688,6816,-1,6816,6688,6689,-1,6816,6689,6817,-1,6817,6689,6690,-1,6817,6690,6818,-1,6818,6690,6691,-1,6818,6691,6819,-1,6819,6691,6692,-1,6819,6692,6820,-1,6820,6692,6693,-1,6820,6693,6821,-1,6821,6693,6694,-1,6821,6694,6822,-1,6822,6694,6695,-1,6822,6695,6823,-1,6823,6695,6696,-1,6823,6696,6824,-1,6824,6696,6697,-1,6824,6697,6825,-1,6825,6697,6698,-1,6825,6698,6826,-1,6826,6698,6699,-1,6826,6699,6827,-1,6827,6699,6700,-1,6827,6700,6828,-1,6828,6700,6701,-1,6828,6701,6829,-1,6829,6701,6702,-1,6829,6702,6830,-1,6830,6702,6703,-1,6830,6703,6831,-1,6831,6703,6704,-1,6831,6704,6832,-1,6832,6704,6705,-1,6832,6705,6833,-1,6833,6705,6706,-1,6833,6706,6834,-1,6834,6706,6707,-1,6834,6707,6835,-1,6835,6707,6708,-1,6835,6708,6836,-1,6836,6708,6709,-1,6836,6709,6837,-1,6837,6709,6710,-1,6837,6710,6838,-1,6838,6710,6711,-1,6838,6711,6839,-1,6839,6711,6712,-1,6839,6712,6840,-1,6840,6712,6713,-1,6840,6713,6841,-1,6841,6713,6714,-1,6841,6714,6842,-1,6842,6714,6715,-1,6842,6715,6843,-1,6843,6715,6716,-1,6843,6716,6844,-1,6844,6716,6717,-1,6844,6717,6845,-1,6845,6717,6718,-1,6845,6718,6846,-1,6846,6718,6719,-1,6846,6719,6847,-1,6847,6719,6720,-1,6847,6720,6848,-1,6848,6720,6721,-1,6848,6721,6849,-1,6849,6721,6722,-1,6849,6722,6850,-1,6850,6722,6723,-1,6850,6723,6851,-1,6851,6723,6724,-1,6851,6724,6852,-1,6852,6724,6725,-1,6852,6725,6853,-1,6853,6725,6726,-1,6853,6726,6854,-1,6854,6726,6727,-1,6854,6727,6855,-1,6855,6727,6728,-1,6855,6728,6856,-1,6856,6728,6729,-1,6856,6729,6857,-1,6857,6729,6730,-1,6857,6730,6858,-1,6858,6730,6731,-1,6858,6731,6859,-1,6859,6731,6732,-1,6859,6732,6860,-1,6860,6732,6733,-1,6860,6733,6861,-1,6861,6733,6734,-1,6861,6734,6862,-1,6862,6734,6735,-1,6862,6735,6863,-1,6863,6735,6736,-1,6863,6736,6864,-1,6864,6736,6737,-1,6864,6737,6865,-1,6865,6737,6738,-1,6865,6738,6866,-1,6866,6738,6739,-1,6866,6739,6867,-1,6867,6739,6740,-1,6867,6740,6868,-1,6868,6740,6741,-1,6868,6741,6869,-1,6869,6741,6742,-1,6869,6742,6870,-1,6870,6742,6743,-1,6870,6743,6871,-1,6871,6743,6744,-1,6871,6744,6872,-1,6872,6744,6745,-1,6872,6745,6873,-1,6873,6745,6746,-1,6873,6746,6874,-1,6874,6746,6747,-1,6874,6747,6875,-1,6875,6747,6748,-1,6875,6748,6876,-1,6876,6748,6749,-1,6876,6749,6877,-1,6877,6749,6750,-1,6877,6750,6878,-1,6878,6750,6751,-1,6878,6751,6879,-1,6879,6751,6752,-1,6879,6752,6880,-1,6880,6752,6753,-1,6880,6753,6881,-1,6881,6753,6754,-1,6881,6754,6882,-1,6882,6754,6755,-1,6882,6755,3377,-1,3377,6755,3378,-1,0,7,292,-1,292,7,6756,-1,292,6756,294,-1,294,6756,6757,-1,294,6757,296,-1,296,6757,6758,-1,296,6758,298,-1,298,6758,6759,-1,298,6759,5804,-1,5804,6759,6760,-1,5804,6760,5803,-1,5803,6760,6761,-1,5803,6761,5802,-1,5802,6761,6762,-1,5802,6762,5801,-1,5801,6762,6763,-1,5801,6763,5800,-1,5800,6763,6764,-1,5800,6764,5799,-1,5799,6764,6765,-1,5799,6765,5798,-1,5798,6765,6766,-1,5798,6766,5797,-1,5797,6766,6767,-1,5797,6767,5796,-1,5796,6767,6768,-1,5796,6768,5795,-1,5795,6768,6769,-1,5795,6769,5794,-1,5794,6769,6770,-1,5794,6770,5793,-1,5793,6770,6771,-1,5793,6771,5792,-1,5792,6771,6772,-1,5792,6772,5791,-1,5791,6772,6773,-1,5791,6773,5790,-1,5790,6773,6774,-1,5790,6774,5789,-1,5789,6774,6775,-1,5789,6775,5788,-1,5788,6775,6776,-1,5788,6776,5787,-1,5787,6776,6777,-1,5787,6777,5786,-1,5786,6777,6778,-1,5786,6778,5785,-1,5785,6778,6779,-1,5785,6779,5784,-1,5784,6779,6780,-1,5784,6780,5783,-1,5783,6780,6781,-1,5783,6781,5782,-1,5782,6781,6782,-1,5782,6782,5781,-1,5781,6782,6783,-1,5781,6783,5780,-1,5780,6783,6784,-1,5780,6784,5779,-1,5779,6784,6785,-1,5779,6785,5778,-1,5778,6785,6786,-1,5778,6786,5777,-1,5777,6786,6787,-1,5777,6787,5776,-1,5776,6787,6788,-1,5776,6788,5775,-1,5775,6788,6789,-1,5775,6789,5774,-1,5774,6789,6790,-1,5774,6790,5773,-1,5773,6790,6791,-1,5773,6791,5772,-1,5772,6791,6792,-1,5772,6792,5771,-1,5771,6792,6793,-1,5771,6793,5770,-1,5770,6793,6794,-1,5770,6794,5769,-1,5769,6794,6795,-1,5769,6795,5768,-1,5768,6795,6796,-1,5768,6796,5767,-1,5767,6796,6797,-1,5767,6797,5766,-1,5766,6797,6798,-1,5766,6798,5765,-1,5765,6798,6799,-1,5765,6799,5764,-1,5764,6799,6800,-1,5764,6800,5763,-1,5763,6800,6801,-1,5763,6801,5762,-1,5762,6801,6802,-1,5762,6802,5761,-1,5761,6802,6803,-1,5761,6803,5760,-1,5760,6803,6804,-1,5760,6804,5759,-1,5759,6804,6805,-1,5759,6805,5758,-1,5758,6805,6806,-1,5758,6806,5757,-1,5757,6806,6807,-1,5757,6807,5756,-1,5756,6807,6808,-1,5756,6808,5755,-1,5755,6808,6809,-1,5755,6809,5754,-1,5754,6809,6810,-1,5754,6810,5753,-1,5753,6810,6811,-1,5753,6811,5752,-1,5752,6811,6812,-1,5752,6812,5751,-1,5751,6812,6813,-1,5751,6813,5750,-1,5750,6813,6814,-1,5750,6814,5749,-1,5749,6814,6815,-1,5749,6815,5748,-1,5748,6815,6816,-1,5748,6816,5747,-1,5747,6816,6817,-1,5747,6817,5746,-1,5746,6817,6818,-1,5746,6818,5745,-1,5745,6818,6819,-1,5745,6819,5744,-1,5744,6819,6820,-1,5744,6820,5743,-1,5743,6820,6821,-1,5743,6821,4699,-1,4699,6821,6822,-1,4699,6822,4697,-1,4697,6822,6823,-1,4697,6823,4695,-1,4695,6823,6824,-1,4695,6824,4693,-1,4693,6824,6825,-1,4693,6825,4691,-1,4691,6825,6826,-1,4691,6826,4689,-1,4689,6826,6827,-1,4689,6827,4687,-1,4687,6827,6828,-1,4687,6828,4685,-1,4685,6828,6829,-1,4685,6829,4683,-1,4683,6829,6830,-1,4683,6830,4681,-1,4681,6830,6831,-1,4681,6831,4679,-1,4679,6831,6832,-1,4679,6832,4677,-1,4677,6832,6833,-1,4677,6833,99,-1,99,6833,6834,-1,99,6834,100,-1,100,6834,6835,-1,100,6835,4492,-1,4492,6835,6836,-1,4492,6836,4388,-1,4388,6836,6837,-1,4388,6837,4386,-1,4386,6837,6838,-1,4386,6838,4384,-1,4384,6838,6839,-1,4384,6839,4382,-1,4382,6839,6840,-1,4382,6840,4380,-1,4380,6840,6841,-1,4380,6841,4378,-1,4378,6841,6842,-1,4378,6842,4376,-1,4376,6842,6843,-1,4376,6843,4374,-1,4374,6843,6844,-1,4374,6844,4372,-1,4372,6844,6845,-1,4372,6845,4370,-1,4370,6845,6846,-1,4370,6846,4368,-1,4368,6846,6847,-1,4368,6847,4366,-1,4366,6847,6848,-1,4366,6848,4364,-1,4364,6848,6849,-1,4364,6849,4150,-1,4150,6849,6850,-1,4150,6850,4148,-1,4148,6850,6851,-1,4148,6851,4146,-1,4146,6851,6852,-1,4146,6852,4144,-1,4144,6852,6853,-1,4144,6853,4142,-1,4142,6853,6854,-1,4142,6854,4140,-1,4140,6854,6855,-1,4140,6855,4138,-1,4138,6855,6856,-1,4138,6856,4136,-1,4136,6856,6857,-1,4136,6857,616,-1,616,6857,6858,-1,616,6858,114,-1,114,6858,6859,-1,114,6859,115,-1,115,6859,6860,-1,115,6860,117,-1,117,6860,6861,-1,117,6861,118,-1,118,6861,6862,-1,118,6862,120,-1,120,6862,6863,-1,120,6863,122,-1,122,6863,6864,-1,122,6864,123,-1,123,6864,6865,-1,123,6865,3782,-1,3782,6865,6866,-1,3782,6866,3750,-1,3750,6866,6867,-1,3750,6867,3751,-1,3751,6867,6868,-1,3751,6868,3725,-1,3725,6868,6869,-1,3725,6869,3726,-1,3726,6869,6870,-1,3726,6870,3604,-1,3604,6870,6871,-1,3604,6871,3605,-1,3605,6871,6872,-1,3605,6872,3564,-1,3564,6872,6873,-1,3564,6873,3538,-1,3538,6873,6874,-1,3538,6874,3539,-1,3539,6874,6875,-1,3539,6875,3512,-1,3512,6875,6876,-1,3512,6876,137,-1,137,6876,6877,-1,137,6877,138,-1,138,6877,6878,-1,138,6878,3475,-1,3475,6878,6879,-1,3475,6879,3437,-1,3437,6879,6880,-1,3437,6880,3438,-1,3438,6880,6881,-1,3438,6881,3425,-1,3425,6881,6882,-1,3425,6882,3376,-1,3376,6882,3377,-1,6883,6884,6885,-1,6885,6884,6886,-1,6885,6886,6887,-1,6887,6886,6888,-1,6889,6884,6890,-1,6890,6884,6883,-1,6883,6885,6890,-1,6890,6885,6887,-1,6888,6886,6889,-1,6889,6886,6884,-1,6891,6892,6893,-1,6893,6892,6894,-1,6894,6895,6893,-1,6893,6895,6896,-1,6893,6896,6897,-1,6898,6899,6893,-1,6893,6899,6900,-1,6893,6900,6901,-1,6902,6903,6904,-1,6904,6903,6905,-1,6906,6907,6898,-1,6898,6907,6908,-1,6898,6908,6899,-1,6899,6908,6903,-1,6899,6903,6909,-1,6909,6903,6902,-1,6901,6910,6893,-1,6893,6910,6911,-1,6893,6911,6891,-1,6897,6912,6893,-1,6893,6912,6913,-1,6893,6913,6914,-1,6914,6915,6893,-1,6893,6915,6916,-1,6893,6916,6917,-1,6918,6919,6920,-1,6920,6919,6921,-1,6920,6921,6922,-1,6908,6907,6922,-1,6922,6907,6920,-1,6918,6906,6919,-1,6919,6906,6898,-1,6923,6924,6925,-1,6925,6924,6926,-1,6927,6923,6928,-1,6928,6923,6925,-1,6929,6927,6930,-1,6930,6927,6928,-1,6924,6929,6926,-1,6926,6929,6930,-1,6927,6929,6923,-1,6923,6929,6924,-1,6919,6898,6893,-1,6921,6931,6922,-1,6922,6931,6932,-1,6922,6932,6908,-1,6933,6894,6892,-1,6933,6934,6894,-1,6894,6934,6935,-1,6894,6935,6895,-1,6935,6936,6895,-1,6895,6936,6937,-1,6895,6937,6896,-1,6937,6938,6896,-1,6896,6938,6939,-1,6896,6939,6897,-1,6939,6940,6897,-1,6897,6940,6941,-1,6897,6941,6912,-1,6941,6942,6912,-1,6912,6942,6943,-1,6912,6943,6913,-1,6943,6944,6913,-1,6913,6944,6945,-1,6913,6945,6914,-1,6945,6946,6914,-1,6914,6946,6947,-1,6914,6947,6915,-1,6947,6948,6915,-1,6915,6948,6949,-1,6915,6949,6916,-1,6949,6950,6916,-1,6916,6950,6951,-1,6916,6951,6917,-1,6951,6952,6917,-1,6917,6952,6953,-1,6917,6953,6893,-1,6893,6953,6954,-1,6893,6954,6919,-1,6919,6954,6955,-1,6919,6955,6921,-1,6921,6955,6956,-1,6921,6956,6931,-1,6908,6932,6903,-1,6903,6932,6957,-1,6903,6957,6905,-1,6957,6958,6905,-1,6905,6958,6959,-1,6905,6959,6904,-1,6959,6960,6904,-1,6904,6960,6961,-1,6904,6961,6902,-1,6961,6962,6902,-1,6902,6962,6963,-1,6902,6963,6909,-1,6963,6964,6909,-1,6909,6964,6965,-1,6909,6965,6899,-1,6965,6966,6899,-1,6899,6966,6967,-1,6899,6967,6900,-1,6967,6968,6900,-1,6900,6968,6969,-1,6900,6969,6901,-1,6969,6970,6901,-1,6901,6970,6971,-1,6901,6971,6910,-1,6971,6972,6910,-1,6910,6972,6973,-1,6910,6973,6911,-1,6973,6974,6911,-1,6911,6974,6975,-1,6911,6975,6891,-1,6975,6976,6891,-1,6891,6976,6977,-1,6891,6977,6892,-1,6892,6977,6978,-1,6892,6978,6933,-1,6979,6980,6981,-1,6981,6980,6982,-1,6981,6982,6983,-1,6983,6982,6984,-1,6983,6984,6985,-1,6985,6984,6986,-1,6985,6986,6987,-1,6987,6986,6988,-1,6987,6988,6989,-1,6989,6988,6990,-1,6989,6990,6991,-1,6991,6990,6992,-1,6991,6992,6993,-1,6993,6992,6994,-1,6993,6994,6995,-1,6995,6994,6996,-1,6995,6996,6997,-1,6996,6998,6997,-1,6997,6998,6999,-1,6997,6999,7000,-1,7000,6999,7001,-1,7000,7001,7002,-1,7002,7001,7003,-1,7002,7003,7004,-1,7004,7003,7005,-1,7004,7005,7006,-1,7006,7005,7007,-1,7006,7007,7008,-1,7008,7007,7009,-1,7008,7009,7010,-1,7010,7009,7011,-1,7010,7011,7012,-1,7012,7011,7013,-1,7012,7013,7014,-1,7013,7015,7014,-1,7014,7015,7016,-1,7014,7016,7017,-1,7017,7016,7018,-1,7017,7018,7019,-1,7019,7018,7020,-1,7019,7020,7021,-1,7021,7020,7022,-1,7021,7022,7023,-1,7023,7022,7024,-1,7023,7024,7025,-1,7025,7024,7026,-1,7025,7026,7027,-1,7027,7026,7028,-1,7027,7028,7029,-1,7029,7028,7030,-1,7029,7030,6979,-1,6979,7030,7031,-1,6979,7031,6980,-1,7032,7033,7034,-1,7034,7033,7035,-1,7034,7035,7036,-1,7037,7038,7034,-1,7034,7038,7039,-1,7034,7039,7032,-1,7040,7041,7034,-1,7034,7041,7042,-1,7034,7042,7037,-1,7043,7044,7034,-1,7034,7044,7045,-1,7034,7045,7040,-1,7046,7047,7034,-1,7034,7047,7048,-1,7034,7048,7043,-1,7049,7050,7034,-1,7034,7050,7051,-1,7034,7051,7046,-1,7052,7053,7034,-1,7034,7053,7054,-1,7034,7054,7049,-1,7036,7055,7034,-1,7034,7055,7056,-1,7034,7056,7052,-1,7057,7058,7059,-1,7059,7060,7057,-1,7057,7060,7061,-1,7057,7061,7062,-1,7061,7063,7062,-1,7062,7063,7064,-1,7062,7064,7065,-1,7064,7066,7065,-1,7065,7066,7067,-1,7065,7067,7068,-1,7067,7069,7068,-1,7068,7069,7070,-1,7068,7070,7071,-1,7070,7072,7071,-1,7071,7072,7073,-1,7071,7073,7074,-1,7073,7075,7074,-1,7074,7075,7076,-1,7074,7076,7077,-1,7076,7078,7077,-1,7077,7078,7079,-1,7077,7079,7080,-1,7079,7081,7080,-1,7080,7081,7082,-1,7080,7082,7083,-1,7082,7084,7083,-1,7083,7084,7085,-1,7083,7085,7086,-1,7086,7085,7087,-1,7086,7087,7088,-1,7087,7089,7088,-1,7088,7089,7090,-1,7088,7090,7091,-1,7090,7092,7091,-1,7091,7092,7093,-1,7091,7093,7094,-1,7093,7095,7094,-1,7094,7095,7096,-1,7094,7096,7097,-1,7096,7098,7097,-1,7097,7098,7099,-1,7097,7099,7100,-1,7099,7101,7100,-1,7100,7101,7102,-1,7100,7102,7103,-1,7102,7104,7103,-1,7103,7104,7105,-1,7103,7105,7106,-1,7105,7107,7106,-1,7106,7107,7108,-1,7106,7108,7109,-1,7108,7110,7109,-1,7109,7110,7111,-1,7109,7111,7112,-1,7111,7113,7112,-1,7112,7113,7114,-1,7112,7114,7115,-1,7115,7114,7116,-1,7116,7117,7115,-1,7115,7117,7118,-1,7115,7118,7119,-1,7118,7120,7119,-1,7119,7120,7121,-1,7119,7121,7122,-1,7121,7123,7122,-1,7122,7123,7124,-1,7122,7124,7125,-1,7125,7124,7126,-1,7125,7126,7127,-1,7127,7126,7128,-1,7127,7128,7058,-1,7058,7128,7129,-1,7058,7129,7059,-1,7125,7130,7122,-1,7122,7130,7131,-1,7122,7131,7119,-1,7119,7131,7132,-1,7119,7132,7115,-1,7115,7132,7133,-1,7115,7133,7112,-1,7112,7133,7134,-1,7112,7134,7109,-1,7109,7134,7135,-1,7109,7135,7106,-1,7106,7135,7136,-1,7106,7136,7103,-1,7103,7136,7137,-1,7103,7137,7100,-1,7100,7137,7138,-1,7100,7138,7097,-1,7097,7138,7139,-1,7097,7139,7094,-1,7094,7139,7140,-1,7094,7140,7091,-1,7091,7140,7141,-1,7091,7141,7088,-1,7088,7141,7142,-1,7088,7142,7086,-1,7086,7142,7143,-1,7086,7143,7083,-1,7083,7143,7144,-1,7083,7144,7080,-1,7080,7144,7145,-1,7080,7145,7077,-1,7077,7145,7146,-1,7077,7146,7074,-1,7074,7146,7147,-1,7074,7147,7071,-1,7071,7147,7148,-1,7071,7148,7068,-1,7068,7148,7149,-1,7068,7149,7065,-1,7065,7149,7150,-1,7065,7150,7062,-1,7062,7150,7151,-1,7062,7151,7057,-1,7057,7151,7152,-1,7057,7152,7058,-1,7058,7152,7153,-1,7058,7153,7127,-1,7127,7153,7154,-1,7127,7154,7125,-1,7125,7154,7130,-1,7154,7155,7130,-1,7130,7155,7156,-1,7130,7156,7131,-1,7131,7156,7157,-1,7131,7157,7132,-1,7132,7157,7158,-1,7132,7158,7133,-1,7133,7158,7159,-1,7133,7159,7134,-1,7134,7159,7160,-1,7134,7160,7135,-1,7135,7160,7161,-1,7135,7161,7136,-1,7136,7161,7162,-1,7136,7162,7137,-1,7137,7162,7163,-1,7137,7163,7138,-1,7138,7163,7164,-1,7138,7164,7139,-1,7139,7164,7165,-1,7139,7165,7140,-1,7140,7165,7166,-1,7140,7166,7141,-1,7141,7166,7167,-1,7141,7167,7142,-1,7142,7167,7168,-1,7142,7168,7143,-1,7143,7168,7169,-1,7143,7169,7144,-1,7144,7169,7170,-1,7144,7170,7145,-1,7145,7170,7171,-1,7145,7171,7146,-1,7146,7171,7172,-1,7146,7172,7147,-1,7147,7172,7173,-1,7147,7173,7148,-1,7148,7173,7174,-1,7148,7174,7149,-1,7149,7174,7175,-1,7149,7175,7150,-1,7150,7175,7176,-1,7150,7176,7151,-1,7151,7176,7177,-1,7151,7177,7152,-1,7152,7177,7178,-1,7152,7178,7153,-1,7153,7178,7179,-1,7153,7179,7154,-1,7154,7179,7155,-1,7179,7180,7155,-1,7155,7180,7181,-1,7155,7181,7156,-1,7156,7181,7182,-1,7156,7182,7157,-1,7157,7182,7183,-1,7157,7183,7158,-1,7158,7183,7184,-1,7158,7184,7159,-1,7159,7184,7185,-1,7159,7185,7160,-1,7160,7185,7186,-1,7160,7186,7161,-1,7161,7186,7187,-1,7161,7187,7162,-1,7162,7187,7188,-1,7162,7188,7163,-1,7163,7188,7189,-1,7163,7189,7164,-1,7164,7189,7190,-1,7164,7190,7165,-1,7165,7190,7191,-1,7165,7191,7166,-1,7166,7191,7192,-1,7166,7192,7167,-1,7167,7192,7193,-1,7167,7193,7168,-1,7168,7193,7194,-1,7168,7194,7169,-1,7169,7194,7195,-1,7169,7195,7170,-1,7170,7195,7196,-1,7170,7196,7171,-1,7171,7196,7197,-1,7171,7197,7172,-1,7172,7197,7198,-1,7172,7198,7173,-1,7173,7198,7199,-1,7173,7199,7174,-1,7174,7199,7200,-1,7174,7200,7175,-1,7175,7200,7201,-1,7175,7201,7176,-1,7176,7201,7202,-1,7176,7202,7177,-1,7177,7202,7203,-1,7177,7203,7178,-1,7178,7203,7204,-1,7178,7204,7179,-1,7179,7204,7180,-1,7204,7205,7180,-1,7180,7205,7206,-1,7180,7206,7181,-1,7181,7206,7207,-1,7181,7207,7182,-1,7182,7207,7208,-1,7182,7208,7183,-1,7183,7208,7209,-1,7183,7209,7184,-1,7184,7209,7210,-1,7184,7210,7185,-1,7185,7210,7211,-1,7185,7211,7186,-1,7186,7211,7212,-1,7186,7212,7187,-1,7187,7212,7213,-1,7187,7213,7188,-1,7188,7213,7214,-1,7188,7214,7189,-1,7189,7214,7215,-1,7189,7215,7190,-1,7190,7215,7216,-1,7190,7216,7191,-1,7191,7216,7217,-1,7191,7217,7192,-1,7192,7217,7218,-1,7192,7218,7193,-1,7193,7218,7219,-1,7193,7219,7194,-1,7194,7219,7220,-1,7194,7220,7195,-1,7195,7220,7221,-1,7195,7221,7196,-1,7196,7221,7222,-1,7196,7222,7197,-1,7197,7222,7223,-1,7197,7223,7198,-1,7198,7223,7224,-1,7198,7224,7199,-1,7199,7224,7225,-1,7199,7225,7200,-1,7200,7225,7226,-1,7200,7226,7201,-1,7201,7226,7227,-1,7201,7227,7202,-1,7202,7227,7228,-1,7202,7228,7203,-1,7203,7228,7229,-1,7203,7229,7204,-1,7204,7229,7205,-1,7229,6991,7205,-1,7205,6991,6993,-1,7205,6993,7206,-1,7206,6993,6995,-1,7206,6995,7207,-1,7207,6995,6997,-1,7207,6997,7208,-1,7208,6997,7000,-1,7208,7000,7209,-1,7209,7000,7002,-1,7209,7002,7210,-1,7210,7002,7004,-1,7210,7004,7211,-1,7211,7004,7006,-1,7211,7006,7212,-1,7212,7006,7008,-1,7212,7008,7213,-1,7213,7008,7010,-1,7213,7010,7214,-1,7214,7010,7012,-1,7214,7012,7215,-1,7215,7012,7014,-1,7215,7014,7216,-1,7216,7014,7017,-1,7216,7017,7217,-1,7217,7017,7019,-1,7217,7019,7218,-1,7218,7019,7021,-1,7218,7021,7219,-1,7219,7021,7023,-1,7219,7023,7220,-1,7220,7023,7025,-1,7220,7025,7221,-1,7221,7025,7027,-1,7221,7027,7222,-1,7222,7027,7029,-1,7222,7029,7223,-1,7223,7029,6979,-1,7223,6979,7224,-1,7224,6979,6981,-1,7224,6981,7225,-1,7225,6981,6983,-1,7225,6983,7226,-1,7226,6983,6985,-1,7226,6985,7227,-1,7227,6985,6987,-1,7227,6987,7228,-1,7228,6987,6989,-1,7228,6989,7229,-1,7229,6989,6991,-1,7123,7121,7230,-1,7111,7110,7231,-1,7108,7107,7232,-1,7105,7104,7233,-1,7102,7101,7234,-1,7099,7098,7235,-1,7096,7095,7236,-1,7093,7092,7237,-1,7090,7089,7238,-1,7087,7085,7239,-1,7084,7082,7240,-1,7081,7079,7241,-1,7078,7076,7242,-1,7075,7073,7243,-1,7072,7070,7244,-1,7069,7067,7245,-1,7066,7064,7246,-1,7063,7061,7247,-1,7060,7059,7248,-1,7129,7128,7249,-1,7126,7124,7250,-1,7251,7252,7253,-1,7051,7050,7254,-1,7048,7252,7043,-1,7043,7252,7251,-1,7043,7251,7044,-1,7255,7253,7256,-1,7256,7253,7252,-1,7256,7252,7257,-1,7257,7252,7048,-1,7257,7048,7047,-1,7258,7255,7259,-1,7259,7255,7256,-1,7259,7256,7260,-1,7260,7256,7257,-1,7260,7257,7261,-1,7261,7257,7047,-1,7261,7047,7046,-1,7235,7258,7262,-1,7262,7258,7259,-1,7262,7259,7263,-1,7263,7259,7260,-1,7263,7260,7264,-1,7264,7260,7261,-1,7264,7261,7265,-1,7265,7261,7046,-1,7265,7046,7051,-1,7266,7267,7268,-1,7128,7126,7249,-1,7249,7126,7250,-1,7249,7250,7269,-1,7269,7250,7270,-1,7269,7270,7271,-1,7271,7270,7272,-1,7271,7272,7273,-1,7273,7272,7274,-1,7273,7274,7275,-1,7275,7274,7276,-1,7275,7276,7052,-1,7052,7276,7053,-1,7059,7129,7248,-1,7248,7129,7249,-1,7248,7249,7277,-1,7277,7249,7269,-1,7277,7269,7278,-1,7278,7269,7271,-1,7278,7271,7279,-1,7279,7271,7273,-1,7279,7273,7280,-1,7280,7273,7275,-1,7280,7275,7056,-1,7056,7275,7052,-1,7061,7060,7247,-1,7247,7060,7248,-1,7247,7248,7281,-1,7281,7248,7277,-1,7281,7277,7282,-1,7282,7277,7278,-1,7282,7278,7283,-1,7283,7278,7279,-1,7283,7279,7284,-1,7284,7279,7280,-1,7284,7280,7055,-1,7055,7280,7056,-1,7064,7063,7246,-1,7246,7063,7247,-1,7246,7247,7285,-1,7285,7247,7281,-1,7285,7281,7286,-1,7286,7281,7282,-1,7286,7282,7287,-1,7287,7282,7283,-1,7287,7283,7288,-1,7288,7283,7284,-1,7288,7284,7036,-1,7036,7284,7055,-1,7067,7066,7245,-1,7245,7066,7246,-1,7245,7246,7289,-1,7289,7246,7285,-1,7289,7285,7290,-1,7290,7285,7286,-1,7290,7286,7291,-1,7291,7286,7287,-1,7291,7287,7292,-1,7292,7287,7288,-1,7292,7288,7035,-1,7035,7288,7036,-1,7070,7069,7244,-1,7244,7069,7245,-1,7244,7245,7293,-1,7293,7245,7289,-1,7293,7289,7294,-1,7294,7289,7290,-1,7294,7290,7295,-1,7295,7290,7291,-1,7295,7291,7296,-1,7296,7291,7292,-1,7296,7292,7033,-1,7033,7292,7035,-1,7073,7072,7243,-1,7243,7072,7244,-1,7243,7244,7297,-1,7297,7244,7293,-1,7297,7293,7298,-1,7298,7293,7294,-1,7298,7294,7299,-1,7299,7294,7295,-1,7299,7295,7300,-1,7300,7295,7296,-1,7300,7296,7032,-1,7032,7296,7033,-1,7076,7075,7242,-1,7242,7075,7243,-1,7242,7243,7301,-1,7301,7243,7297,-1,7301,7297,7302,-1,7302,7297,7298,-1,7302,7298,7303,-1,7303,7298,7299,-1,7303,7299,7304,-1,7304,7299,7300,-1,7304,7300,7039,-1,7039,7300,7032,-1,7079,7078,7241,-1,7241,7078,7242,-1,7241,7242,7305,-1,7305,7242,7301,-1,7305,7301,7306,-1,7306,7301,7302,-1,7306,7302,7307,-1,7307,7302,7303,-1,7307,7303,7308,-1,7308,7303,7304,-1,7308,7304,7038,-1,7038,7304,7039,-1,7082,7081,7240,-1,7240,7081,7241,-1,7240,7241,7309,-1,7309,7241,7305,-1,7309,7305,7310,-1,7310,7305,7306,-1,7310,7306,7311,-1,7311,7306,7307,-1,7311,7307,7312,-1,7312,7307,7308,-1,7312,7308,7037,-1,7037,7308,7038,-1,7085,7084,7239,-1,7239,7084,7240,-1,7239,7240,7313,-1,7313,7240,7309,-1,7313,7309,7314,-1,7314,7309,7310,-1,7314,7310,7315,-1,7315,7310,7311,-1,7315,7311,7316,-1,7316,7311,7312,-1,7316,7312,7042,-1,7042,7312,7037,-1,7089,7087,7238,-1,7238,7087,7239,-1,7238,7239,7317,-1,7317,7239,7313,-1,7317,7313,7318,-1,7318,7313,7314,-1,7318,7314,7319,-1,7319,7314,7315,-1,7319,7315,7320,-1,7320,7315,7316,-1,7320,7316,7041,-1,7041,7316,7042,-1,7092,7090,7237,-1,7237,7090,7238,-1,7237,7238,7321,-1,7321,7238,7317,-1,7321,7317,7322,-1,7322,7317,7318,-1,7322,7318,7323,-1,7323,7318,7319,-1,7323,7319,7324,-1,7324,7319,7320,-1,7324,7320,7040,-1,7040,7320,7041,-1,7095,7093,7236,-1,7236,7093,7237,-1,7236,7237,7325,-1,7325,7237,7321,-1,7325,7321,7326,-1,7326,7321,7322,-1,7326,7322,7327,-1,7327,7322,7323,-1,7327,7323,7328,-1,7328,7323,7324,-1,7328,7324,7045,-1,7045,7324,7040,-1,7098,7096,7235,-1,7235,7096,7236,-1,7235,7236,7258,-1,7258,7236,7325,-1,7258,7325,7255,-1,7255,7325,7326,-1,7255,7326,7253,-1,7253,7326,7327,-1,7253,7327,7251,-1,7251,7327,7328,-1,7251,7328,7044,-1,7044,7328,7045,-1,7051,7254,7265,-1,7265,7254,7329,-1,7265,7329,7264,-1,7264,7329,7330,-1,7264,7330,7263,-1,7263,7330,7331,-1,7263,7331,7262,-1,7262,7331,7234,-1,7262,7234,7235,-1,7235,7234,7101,-1,7235,7101,7099,-1,7050,7332,7254,-1,7254,7332,7333,-1,7254,7333,7329,-1,7329,7333,7334,-1,7329,7334,7330,-1,7330,7334,7335,-1,7330,7335,7331,-1,7331,7335,7233,-1,7331,7233,7234,-1,7234,7233,7104,-1,7234,7104,7102,-1,7332,7336,7333,-1,7333,7336,7337,-1,7333,7337,7334,-1,7334,7337,7338,-1,7334,7338,7335,-1,7335,7338,7232,-1,7335,7232,7233,-1,7233,7232,7107,-1,7233,7107,7105,-1,7336,7339,7337,-1,7337,7339,7340,-1,7337,7340,7338,-1,7338,7340,7231,-1,7338,7231,7232,-1,7232,7231,7110,-1,7232,7110,7108,-1,7339,7268,7340,-1,7340,7268,7267,-1,7340,7267,7231,-1,7231,7267,7113,-1,7231,7113,7111,-1,7120,7118,7341,-1,7341,7118,7266,-1,7341,7266,7342,-1,7342,7266,7268,-1,7342,7268,7343,-1,7343,7268,7339,-1,7343,7339,7344,-1,7344,7339,7336,-1,7344,7336,7345,-1,7345,7336,7332,-1,7345,7332,7049,-1,7049,7332,7050,-1,7118,7117,7266,-1,7266,7117,7116,-1,7266,7116,7267,-1,7267,7116,7114,-1,7267,7114,7113,-1,7121,7120,7230,-1,7230,7120,7341,-1,7230,7341,7346,-1,7346,7341,7342,-1,7346,7342,7347,-1,7347,7342,7343,-1,7347,7343,7348,-1,7348,7343,7344,-1,7348,7344,7349,-1,7349,7344,7345,-1,7349,7345,7054,-1,7054,7345,7049,-1,7124,7123,7250,-1,7250,7123,7230,-1,7250,7230,7270,-1,7270,7230,7346,-1,7270,7346,7272,-1,7272,7346,7347,-1,7272,7347,7274,-1,7274,7347,7348,-1,7274,7348,7276,-1,7276,7348,7349,-1,7276,7349,7053,-1,7053,7349,7054,-1,6976,6975,7350,-1,6974,6973,7351,-1,6964,6963,7352,-1,6962,6961,7353,-1,6954,6953,7354,-1,6952,6951,7355,-1,6942,6941,7356,-1,6940,6939,7357,-1,6988,6986,7358,-1,7358,6986,7359,-1,7358,7359,7360,-1,7360,7359,7361,-1,7360,7361,7362,-1,7362,7361,7363,-1,7362,7363,7364,-1,7364,7363,7365,-1,7364,7365,7366,-1,7366,7365,7367,-1,7028,7026,7368,-1,7368,7026,7369,-1,7368,7369,7370,-1,7370,7369,7371,-1,7370,7371,7372,-1,7372,7371,7373,-1,7372,7373,7374,-1,7374,7373,7375,-1,7374,7375,7376,-1,7376,7375,7377,-1,7015,7013,7378,-1,7378,7013,7379,-1,7378,7379,7380,-1,7380,7379,7381,-1,7380,7381,7382,-1,7382,7381,7383,-1,7382,7383,7384,-1,7384,7383,7385,-1,7384,7385,7386,-1,7386,7385,7387,-1,7001,6999,7388,-1,7388,6999,7389,-1,7388,7389,7390,-1,7390,7389,7391,-1,7390,7391,7392,-1,7392,7391,7393,-1,7392,7393,7394,-1,7394,7393,7395,-1,7394,7395,7396,-1,7396,7395,7397,-1,6990,6988,7398,-1,7398,6988,7358,-1,7398,7358,7399,-1,7399,7358,7360,-1,7399,7360,7400,-1,7400,7360,7362,-1,7400,7362,7401,-1,7401,7362,7364,-1,7401,7364,7402,-1,7402,7364,7366,-1,7402,7366,6978,-1,6978,7366,6933,-1,6938,6937,7403,-1,7403,6937,7367,-1,7403,7367,7404,-1,7404,7367,7365,-1,7404,7365,7405,-1,7405,7365,7363,-1,7405,7363,7406,-1,7406,7363,7361,-1,7406,7361,7407,-1,7407,7361,7359,-1,7407,7359,6984,-1,6984,7359,6986,-1,6937,6936,7367,-1,7367,6936,6935,-1,7367,6935,7366,-1,7366,6935,6934,-1,7366,6934,6933,-1,6939,6938,7357,-1,7357,6938,7403,-1,7357,7403,7408,-1,7408,7403,7404,-1,7408,7404,7409,-1,7409,7404,7405,-1,7409,7405,7410,-1,7410,7405,7406,-1,7410,7406,7411,-1,7411,7406,7407,-1,7411,7407,6982,-1,6982,7407,6984,-1,6941,6940,7356,-1,7356,6940,7357,-1,7356,7357,7412,-1,7412,7357,7408,-1,7412,7408,7413,-1,7413,7408,7409,-1,7413,7409,7414,-1,7414,7409,7410,-1,7414,7410,7415,-1,7415,7410,7411,-1,7415,7411,6980,-1,6980,7411,6982,-1,6943,6942,7416,-1,7416,6942,7356,-1,7416,7356,7417,-1,7417,7356,7412,-1,7417,7412,7418,-1,7418,7412,7413,-1,7418,7413,7419,-1,7419,7413,7414,-1,7419,7414,7420,-1,7420,7414,7415,-1,7420,7415,7031,-1,7031,7415,6980,-1,7031,7030,7420,-1,7420,7030,7421,-1,7420,7421,7419,-1,7419,7421,7422,-1,7419,7422,7418,-1,7418,7422,7423,-1,7418,7423,7417,-1,7417,7423,7424,-1,7417,7424,7416,-1,7416,7424,7425,-1,7416,7425,6943,-1,6943,7425,6944,-1,7030,7028,7421,-1,7421,7028,7368,-1,7421,7368,7422,-1,7422,7368,7370,-1,7422,7370,7423,-1,7423,7370,7372,-1,7423,7372,7424,-1,7424,7372,7374,-1,7424,7374,7425,-1,7425,7374,7376,-1,7425,7376,6944,-1,6944,7376,6945,-1,6950,6949,7426,-1,7426,6949,7377,-1,7426,7377,7427,-1,7427,7377,7375,-1,7427,7375,7428,-1,7428,7375,7373,-1,7428,7373,7429,-1,7429,7373,7371,-1,7429,7371,7430,-1,7430,7371,7369,-1,7430,7369,7024,-1,7024,7369,7026,-1,6949,6948,7377,-1,7377,6948,6947,-1,7377,6947,7376,-1,7376,6947,6946,-1,7376,6946,6945,-1,6951,6950,7355,-1,7355,6950,7426,-1,7355,7426,7431,-1,7431,7426,7427,-1,7431,7427,7432,-1,7432,7427,7428,-1,7432,7428,7433,-1,7433,7428,7429,-1,7433,7429,7434,-1,7434,7429,7430,-1,7434,7430,7022,-1,7022,7430,7024,-1,6953,6952,7354,-1,7354,6952,7355,-1,7354,7355,7435,-1,7435,7355,7431,-1,7435,7431,7436,-1,7436,7431,7432,-1,7436,7432,7437,-1,7437,7432,7433,-1,7437,7433,7438,-1,7438,7433,7434,-1,7438,7434,7020,-1,7020,7434,7022,-1,6955,6954,7439,-1,7439,6954,7354,-1,7439,7354,7440,-1,7440,7354,7435,-1,7440,7435,7441,-1,7441,7435,7436,-1,7441,7436,7442,-1,7442,7436,7437,-1,7442,7437,7443,-1,7443,7437,7438,-1,7443,7438,7018,-1,7018,7438,7020,-1,7018,7016,7443,-1,7443,7016,7444,-1,7443,7444,7442,-1,7442,7444,7445,-1,7442,7445,7441,-1,7441,7445,7446,-1,7441,7446,7440,-1,7440,7446,7447,-1,7440,7447,7439,-1,7439,7447,7448,-1,7439,7448,6955,-1,6955,7448,6956,-1,7016,7015,7444,-1,7444,7015,7378,-1,7444,7378,7445,-1,7445,7378,7380,-1,7445,7380,7446,-1,7446,7380,7382,-1,7446,7382,7447,-1,7447,7382,7384,-1,7447,7384,7448,-1,7448,7384,7386,-1,7448,7386,6956,-1,6956,7386,6931,-1,6960,6959,7449,-1,7449,6959,7387,-1,7449,7387,7450,-1,7450,7387,7385,-1,7450,7385,7451,-1,7451,7385,7383,-1,7451,7383,7452,-1,7452,7383,7381,-1,7452,7381,7453,-1,7453,7381,7379,-1,7453,7379,7011,-1,7011,7379,7013,-1,6959,6958,7387,-1,7387,6958,6957,-1,7387,6957,7386,-1,7386,6957,6932,-1,7386,6932,6931,-1,6961,6960,7353,-1,7353,6960,7449,-1,7353,7449,7454,-1,7454,7449,7450,-1,7454,7450,7455,-1,7455,7450,7451,-1,7455,7451,7456,-1,7456,7451,7452,-1,7456,7452,7457,-1,7457,7452,7453,-1,7457,7453,7009,-1,7009,7453,7011,-1,6963,6962,7352,-1,7352,6962,7353,-1,7352,7353,7458,-1,7458,7353,7454,-1,7458,7454,7459,-1,7459,7454,7455,-1,7459,7455,7460,-1,7460,7455,7456,-1,7460,7456,7461,-1,7461,7456,7457,-1,7461,7457,7007,-1,7007,7457,7009,-1,6965,6964,7462,-1,7462,6964,7352,-1,7462,7352,7463,-1,7463,7352,7458,-1,7463,7458,7464,-1,7464,7458,7459,-1,7464,7459,7465,-1,7465,7459,7460,-1,7465,7460,7466,-1,7466,7460,7461,-1,7466,7461,7005,-1,7005,7461,7007,-1,7005,7003,7466,-1,7466,7003,7467,-1,7466,7467,7465,-1,7465,7467,7468,-1,7465,7468,7464,-1,7464,7468,7469,-1,7464,7469,7463,-1,7463,7469,7470,-1,7463,7470,7462,-1,7462,7470,7471,-1,7462,7471,6965,-1,6965,7471,6966,-1,7003,7001,7467,-1,7467,7001,7388,-1,7467,7388,7468,-1,7468,7388,7390,-1,7468,7390,7469,-1,7469,7390,7392,-1,7469,7392,7470,-1,7470,7392,7394,-1,7470,7394,7471,-1,7471,7394,7396,-1,7471,7396,6966,-1,6966,7396,6967,-1,6972,6971,7472,-1,7472,6971,7397,-1,7472,7397,7473,-1,7473,7397,7395,-1,7473,7395,7474,-1,7474,7395,7393,-1,7474,7393,7475,-1,7475,7393,7391,-1,7475,7391,7476,-1,7476,7391,7389,-1,7476,7389,6998,-1,6998,7389,6999,-1,6971,6970,7397,-1,7397,6970,6969,-1,7397,6969,7396,-1,7396,6969,6968,-1,7396,6968,6967,-1,6973,6972,7351,-1,7351,6972,7472,-1,7351,7472,7477,-1,7477,7472,7473,-1,7477,7473,7478,-1,7478,7473,7474,-1,7478,7474,7479,-1,7479,7474,7475,-1,7479,7475,7480,-1,7480,7475,7476,-1,7480,7476,6996,-1,6996,7476,6998,-1,6975,6974,7350,-1,7350,6974,7351,-1,7350,7351,7481,-1,7481,7351,7477,-1,7481,7477,7482,-1,7482,7477,7478,-1,7482,7478,7483,-1,7483,7478,7479,-1,7483,7479,7484,-1,7484,7479,7480,-1,7484,7480,6994,-1,6994,7480,6996,-1,6977,6976,7485,-1,7485,6976,7350,-1,7485,7350,7486,-1,7486,7350,7481,-1,7486,7481,7487,-1,7487,7481,7482,-1,7487,7482,7488,-1,7488,7482,7483,-1,7488,7483,7489,-1,7489,7483,7484,-1,7489,7484,6992,-1,6992,7484,6994,-1,6992,6990,7489,-1,7489,6990,7398,-1,7489,7398,7488,-1,7488,7398,7399,-1,7488,7399,7487,-1,7487,7399,7400,-1,7487,7400,7486,-1,7486,7400,7401,-1,7486,7401,7485,-1,7485,7401,7402,-1,7485,7402,6977,-1,6977,7402,6978,-1,
        ]
    }
}
Shape{
    appearance Appearance {
        material  Material 	{
            diffuseColor 0.25098039215686274 0.25098039215686274 0.25098039215686274
            specularColor 0.12549019607843137 0.12549019607843137 0.12549019607843137
            ambientIntensity 0.251
            transparency 0.0
            shininess 0.5
        }
    }
    geometry IndexedFaceSet {
        ccw TRUE
        solid FALSE
        coord DEF co Coordinate {
            point [
                9.5453 0.885 2.9654, 9.5453 0.8628 3.1626, 9.5453 -0.0008 2.9654, 9.5453 0.6918 2.4131, 9.5453 0.7973 2.5811, 9.5453 0.8628 2.7683, 9.5453 0.1963 2.1018, 9.5453 0.3836 2.1673, 9.5453 0.5515 2.2729, 9.5453 -0.3851 2.1673, 9.5453 -0.1979 2.1018, 9.5453 -0.0008 2.0796, 9.5453 -0.7989 2.5811, 9.5453 -0.6934 2.4131, 9.5453 -0.5531 2.2729, 9.5453 -0.8644 3.1626, 9.5453 -0.8866 2.9654, 9.5453 -0.8644 2.7683, 9.5453 -0.5531 3.658, 9.5453 -0.6934 3.5177, 9.5453 -0.7989 3.3498, 9.5453 -0.0008 3.8513, 9.5453 -0.1979 3.8291, 9.5453 -0.3851 3.7635, 9.5453 0.5515 3.658, 9.5453 0.3836 3.7635, 9.5453 0.1963 3.8291, 9.5453 0.7973 3.3498, 9.5453 0.6918 3.5177, 9.6437 -0.9596 3.1842, 9.6437 -0.8941 3.3787, 9.6692 -0.8971 3.3801, 9.6437 -0.8863 3.3917, 9.6437 -0.7843 3.5611, 9.6692 -0.787 3.5631, 9.6437 -0.7687 3.5776, 9.6437 -0.638 3.7156, 9.6692 -0.6402 3.7182, 9.6437 -0.6129 3.7326, 9.6437 -0.4618 3.835, 9.6692 -0.4634 3.838, 9.6437 -0.4266 3.8491, 9.6437 -0.2641 3.9138, 9.6692 -0.265 3.917, 9.6437 -0.2192 3.9212, 9.6437 -0.0541 3.9482, 9.6692 -0.0543 3.9516, 9.6437 -0.001 3.9454, 9.6437 0.1584 3.9367, 9.6692 0.159 3.94, 9.6437 0.217 3.9205, 9.6437 0.3635 3.8798, 9.6692 0.3648 3.8829, 9.6437 0.4239 3.8478, 9.6437 0.5516 3.7801, 9.6692 0.5534 3.7829, 9.6437 0.6095 3.7309, 9.6437 0.7138 3.6423, 9.6692 0.7162 3.6446, 9.6437 0.7643 3.5758, 9.6437 0.8426 3.4729, 9.6692 0.8454 3.4746, 9.6437 0.8809 3.3901, 9.6437 0.9319 3.2797, 9.6692 0.9351 3.2808, 9.6437 0.9532 3.1832, 9.6437 0.9777 3.0719, 9.6692 0.981 3.0722, 9.6437 0.9777 2.9654, 9.6437 0.9777 2.859, 9.6692 0.981 2.8587, 9.6437 0.9532 2.7477, 9.6437 0.9319 2.6512, 9.6692 0.9351 2.6501, 9.6437 0.8809 2.5408, 9.6437 0.8426 2.458, 9.6692 0.8454 2.4563, 9.6437 0.217 2.0104, 9.6437 0.1584 1.9942, 9.6692 0.159 1.9908, 9.6437 -0.001 1.9855, 9.6437 -0.0541 1.9826, 9.6692 -0.0543 1.9793, 9.6437 -0.2192 2.0097, 9.6437 -0.2641 2.0171, 9.6692 -0.265 2.0138, 9.6437 -0.4266 2.0818, 9.6437 -0.4618 2.0958, 9.6692 -0.4634 2.0929, 9.6437 -0.6129 2.1983, 9.6437 -0.638 2.2153, 9.6692 -0.6402 2.2127, 9.6437 -0.7687 2.3533, 9.6437 -0.7843 2.3698, 9.6692 -0.787 2.3678, 9.6437 -0.8863 2.5392, 9.6437 -0.8941 2.5522, 9.6692 -0.8971 2.5508, 9.6437 -0.9596 2.7467, 9.6437 -0.962 2.7539, 9.6692 -0.9653 2.7531, 9.7388 0.3905 1.9833, 9.7421 0.4 1.9597, 9.7421 0.6068 2.0693, 9.7388 0.1702 1.9222, 9.7421 0.1744 1.897, 9.7388 -0.058 1.9098, 9.7421 -0.0594 1.8844, 9.7388 -0.2836 1.9468, 9.7421 -0.2904 1.9222, 9.7421 -0.5079 2.0089, 9.7388 -0.496 2.0314, 9.7289 -0.4849 2.0524, 9.7421 -0.7017 2.1403, 9.7388 -0.6852 2.1597, 9.7289 -0.6698 2.1778, 9.7133 -0.6566 2.1933, 9.7421 -0.8627 2.3102, 9.7388 -0.8424 2.3256, 9.7289 -0.8235 2.34, 9.7133 -0.8073 2.3524, 9.6929 -0.7948 2.3618, 9.7421 -0.9834 2.5108, 9.7388 -0.9603 2.5215, 9.7289 -0.9387 2.5315, 9.7133 -0.9202 2.5401, 9.6929 -0.906 2.5466, 9.6929 0.559 2.1399, 9.6692 0.5534 2.148, 9.6692 0.3648 2.048, 9.7421 -1.0835 2.9654, 9.7421 -1.0582 2.7327, 9.7388 -1.058 2.9654, 9.7388 -1.0333 2.7382, 9.7289 -1.0343 2.9654, 9.7289 -1.0101 2.7433, 9.7133 -1.0139 2.9654, 9.7133 -0.9902 2.7477, 9.6929 -0.9982 2.9654, 9.6929 -0.9749 2.751, 9.6692 -0.9884 2.9654, 9.6437 -0.985 2.9654, 9.7289 -0.2773 1.9696, 9.7133 -0.4753 2.0704, 9.6929 -0.6465 2.2052, 9.7289 -0.0567 1.9335, 9.7133 -0.2718 1.9893, 9.6929 -0.468 2.0842, 9.7289 0.1664 1.9456, 9.7133 -0.0556 1.9538, 9.6929 -0.2676 2.0044, 9.7388 0.5925 2.0904, 9.7289 0.3817 2.0054, 9.7133 0.1631 1.9657, 9.6929 -0.0548 1.9695, 9.7289 0.5792 2.1101, 9.7133 0.3742 2.0243, 9.6929 0.1606 1.9811, 9.7133 0.5677 2.1269, 9.6929 0.3684 2.0388, 9.6437 0.3635 2.0511, 9.6437 0.7643 2.3551, 9.6437 0.7138 2.2886, 9.6692 0.7162 2.2863, 9.6929 0.7233 2.2795, 9.7133 0.7347 2.2687, 9.7289 0.7495 2.2547, 9.7388 0.7667 2.2384, 9.7421 0.7852 2.2209, 9.6437 0.6095 2.2, 9.6437 0.5516 2.1508, 9.6437 0.4239 2.0831, 9.7421 0.9269 2.4073, 9.7388 0.9051 2.4204, 9.7289 0.8847 2.4326, 9.7133 0.8673 2.4431, 9.6929 0.8539 2.4512, 9.7421 1.0252 2.6197, 9.7388 1.0011 2.6279, 9.7289 0.9786 2.6355, 9.7133 0.9593 2.642, 9.6929 0.9444 2.647, 9.7421 1.0755 2.8484, 9.7388 1.0502 2.8511, 9.7289 1.0266 2.8537, 9.7133 1.0064 2.8559, 9.6929 0.9908 2.8576, 9.6929 0.9908 3.0733, 9.7133 1.0064 3.075, 9.7289 1.0266 3.0772, 9.7388 1.0502 3.0797, 9.7421 1.0755 3.0825, 9.6929 0.9444 3.2839, 9.7133 0.9593 3.2889, 9.7289 0.9786 3.2954, 9.7388 1.0011 3.303, 9.7421 1.0252 3.3111, 9.6929 0.8539 3.4797, 9.7133 0.8673 3.4877, 9.7289 0.8847 3.4982, 9.7388 0.9051 3.5105, 9.7421 0.9269 3.5236, 9.6929 0.7233 3.6514, 9.7133 0.7347 3.6621, 9.7289 0.7495 3.6762, 9.7388 0.7667 3.6925, 9.7421 0.7852 3.71, 9.6929 0.559 3.791, 9.7133 0.5677 3.804, 9.7289 0.5792 3.8208, 9.7388 0.5925 3.8405, 9.7421 0.6068 3.8616, 9.6929 0.3684 3.892, 9.7133 0.3742 3.9066, 9.7289 0.3817 3.9255, 9.7388 0.3905 3.9476, 9.7421 0.4 3.9712, 9.6929 0.1606 3.9497, 9.7133 0.1631 3.9652, 9.7289 0.1664 3.9853, 9.7388 0.1702 4.0087, 9.7421 0.1744 4.0339, 9.6929 -0.0548 3.9614, 9.7133 -0.0556 3.977, 9.7289 -0.0567 3.9974, 9.7388 -0.058 4.0211, 9.7421 -0.0594 4.0465, 9.6929 -0.2676 3.9265, 9.7133 -0.2718 3.9416, 9.7289 -0.2773 3.9612, 9.7388 -0.2836 3.9841, 9.7421 -0.2904 4.0087, 9.6929 -0.468 3.8467, 9.7133 -0.4753 3.8605, 9.7289 -0.4849 3.8785, 9.7388 -0.496 3.8995, 9.7421 -0.5079 3.922, 9.6929 -0.6465 3.7256, 9.7133 -0.6566 3.7376, 9.7289 -0.6698 3.7531, 9.7388 -0.6852 3.7712, 9.7421 -0.7017 3.7906, 9.6929 -0.7948 3.5691, 9.7133 -0.8073 3.5785, 9.7289 -0.8235 3.5909, 9.7388 -0.8424 3.6052, 9.7421 -0.8627 3.6206, 9.6929 -0.906 3.3843, 9.7133 -0.9202 3.3908, 9.7289 -0.9387 3.3994, 9.7388 -0.9603 3.4093, 9.7421 -0.9834 3.42, 9.6437 -0.962 3.177, 9.6692 -0.9653 3.1777, 9.6929 -0.9749 3.1799, 9.7133 -0.9902 3.1832, 9.7289 -1.0101 3.1876, 9.7388 -1.0333 3.1927, 9.7421 -1.0582 3.1982, 9.6218 -0.6129 2.1979, 9.6218 -0.4268 2.0809, 9.6218 -0.2193 2.0083, 9.6218 -0.0008 1.9837, 9.6218 0.2177 2.0083, 9.6218 0.4252 2.0809, 9.6218 0.6113 2.1979, 9.6218 0.7668 2.3533, 9.6218 0.8838 2.5395, 9.5477 -0.3946 2.1476, 9.5477 -0.5667 2.2557, 9.555 -0.5797 2.2395, 9.5477 0.8842 3.1674, 9.5477 0.817 3.3593, 9.5477 0.7089 3.5314, 9.5477 0.5652 3.6751, 9.5477 0.3931 3.7833, 9.5477 0.2012 3.8504, 9.5477 -0.0008 3.8732, 9.5477 -0.2028 3.8504, 9.5477 -0.3946 3.7833, 9.5477 -0.5667 3.6751, 9.5477 -0.7105 3.5314, 9.5477 -0.8186 3.3593, 9.5477 -0.8858 3.1674, 9.5477 0.2012 2.0805, 9.5477 -0.0008 2.0577, 9.555 -0.0008 2.0369, 9.5477 0.3931 2.1476, 9.555 0.2058 2.0602, 9.5667 -0.0008 2.0182, 9.5667 -0.7413 2.3749, 9.555 -0.7267 2.3865, 9.5477 -0.7105 2.3995, 9.5477 0.5652 2.2557, 9.555 0.4021 2.1289, 9.5667 0.21 2.042, 9.5823 -0.0008 2.0027, 9.5823 -0.8682 2.5477, 9.5667 -0.8542 2.5545, 9.555 -0.8374 2.5626, 9.5477 -0.8186 2.5716, 9.5477 0.7089 2.3995, 9.555 0.5781 2.2395, 9.5667 0.4102 2.112, 9.5823 0.2134 2.0268, 9.601 -0.0008 1.9909, 9.601 -0.9509 2.7486, 9.5823 -0.9394 2.7512, 9.5667 -0.9242 2.7547, 9.555 -0.906 2.7588, 9.5477 -0.8858 2.7635, 9.5477 0.817 2.5716, 9.555 0.7252 2.3865, 9.5667 0.5898 2.2249, 9.5823 0.4169 2.098, 9.601 0.2161 2.0154, 9.6218 -0.9826 2.9654, 9.601 -0.9753 2.9654, 9.5823 -0.9636 2.9654, 9.5667 -0.948 2.9654, 9.555 -0.9293 2.9654, 9.5477 -0.9085 2.9654, 9.6218 0.9564 2.747, 9.6218 0.981 2.9654, 9.601 0.9737 2.9654, 9.6218 -0.8853 2.5395, 9.6218 -0.7684 2.3533, 9.601 -0.7627 2.3578, 9.601 0.9493 2.7486, 9.5823 0.962 2.9654, 9.601 0.8772 2.5426, 9.5823 0.9378 2.7512, 9.5667 0.9464 2.9654, 9.601 0.7611 2.3578, 9.5823 0.8666 2.5477, 9.5667 0.9227 2.7547, 9.555 0.9277 2.9654, 9.601 0.6068 2.2035, 9.5823 0.7519 2.3652, 9.5667 0.8526 2.5545, 9.555 0.9045 2.7588, 9.5477 0.9069 2.9654, 9.601 0.422 2.0874, 9.5823 0.5995 2.2127, 9.5667 0.7398 2.3749, 9.555 0.8358 2.5626, 9.5477 0.8842 2.7635, 9.555 -0.2074 2.0602, 9.5667 -0.2116 2.042, 9.5823 -0.215 2.0268, 9.601 -0.2176 2.0154, 9.5667 -0.4118 2.112, 9.5823 -0.4185 2.098, 9.601 -0.4236 2.0874, 9.5823 -0.6011 2.2127, 9.601 -0.6084 2.2035, 9.6218 -0.958 2.747, 9.601 -0.8788 2.5426, 9.5823 -0.7535 2.3652, 9.5667 -0.5914 2.2249, 9.555 -0.4037 2.1289, 9.5477 -0.2028 2.0805, 9.6218 -0.958 3.1839, 9.555 -0.906 3.1721, 9.5667 -0.9242 3.1762, 9.5823 -0.9394 3.1797, 9.601 -0.9509 3.1823, 9.6218 -0.8853 3.3914, 9.555 -0.8374 3.3683, 9.5667 -0.8542 3.3764, 9.5823 -0.8682 3.3832, 9.601 -0.8788 3.3883, 9.6218 -0.7684 3.5776, 9.555 -0.7267 3.5444, 9.5667 -0.7413 3.556, 9.5823 -0.7535 3.5657, 9.601 -0.7627 3.573, 9.6218 -0.6129 3.733, 9.555 -0.5797 3.6914, 9.5667 -0.5914 3.706, 9.5823 -0.6011 3.7182, 9.601 -0.6084 3.7273, 9.6218 -0.4268 3.85, 9.555 -0.4037 3.802, 9.5667 -0.4118 3.8188, 9.5823 -0.4185 3.8329, 9.601 -0.4236 3.8434, 9.6218 -0.2193 3.9226, 9.555 -0.2074 3.8707, 9.5667 -0.2116 3.8889, 9.5823 -0.215 3.9041, 9.601 -0.2176 3.9155, 9.6218 -0.0008 3.9472, 9.555 -0.0008 3.894, 9.5667 -0.0008 3.9126, 9.5823 -0.0008 3.9282, 9.601 -0.0008 3.9399, 9.6218 0.2177 3.9226, 9.555 0.2058 3.8707, 9.5667 0.21 3.8889, 9.5823 0.2134 3.9041, 9.601 0.2161 3.9155, 9.6218 0.4252 3.85, 9.555 0.4021 3.802, 9.5667 0.4102 3.8188, 9.5823 0.4169 3.8329, 9.601 0.422 3.8434, 9.6218 0.6113 3.733, 9.555 0.5781 3.6914, 9.5667 0.5898 3.706, 9.5823 0.5995 3.7182, 9.601 0.6068 3.7273, 9.6218 0.7668 3.5776, 9.555 0.7252 3.5444, 9.5667 0.7398 3.556, 9.5823 0.7519 3.5657, 9.601 0.7611 3.573, 9.6218 0.8838 3.3914, 9.555 0.8358 3.3683, 9.5667 0.8526 3.3764, 9.5823 0.8666 3.3832, 9.601 0.8772 3.3883, 9.6218 0.9564 3.1839, 9.555 0.9045 3.1721, 9.5667 0.9227 3.1762, 9.5823 0.9378 3.1797, 9.601 0.9493 3.1823, 3.607 -1.1036 0.315, -3.6109 -1.1036 0.315, 3.607 -1.1036 0.3937, -3.6109 -1.1036 0.3937, -3.6109 1.1021 0.315, -3.6109 1.1021 0.3937, 3.607 1.1021 0.315, 3.607 1.1021 0.3937, 3.607 0.5157 0.315, 3.607 0.5157 0.3937, 4.4474 0.5157 0.315, 4.4474 0.5157 0.3937, 4.4474 -0.5173 0.315, 4.4474 -0.5173 0.3937, 3.607 -0.5173 0.315, 3.607 -0.5173 0.3937, 3.5282 0.437 0.315, 4.3687 0.437 0.315, 4.3687 -0.4385 0.315, 3.5282 -0.4385 0.315, 3.5282 -1.0249 0.315, -3.5322 -1.0249 0.315, -3.5322 1.0233 0.315, 3.5282 1.0233 0.315, -3.5322 -1.0249 0.3937, 3.5282 -1.0249 0.3937, -3.5322 1.0233 0.3937, 3.5282 1.0233 0.3937, 3.5282 0.437 0.3937, 4.3687 0.437 0.3937, 4.3687 -0.4385 0.3937, 3.5282 -0.4385 0.3937
            ]
        }
        coordIndex [
            0,1,2,-1,3,4,2,-1,2,4,5,-1,2,5,0,-1,6,7,2,-1,2,7,8,-1,2,8,3,-1,9,10,2,-1,2,10,11,-1,2,11,6,-1,12,13,2,-1,2,13,14,-1,2,14,9,-1,15,16,2,-1,2,16,17,-1,2,17,12,-1,18,19,2,-1,2,19,20,-1,2,20,15,-1,21,22,2,-1,2,22,23,-1,2,23,18,-1,24,25,2,-1,2,25,26,-1,2,26,21,-1,1,27,2,-1,2,27,28,-1,2,28,24,-1,29,30,31,-1,32,33,34,-1,35,36,37,-1,38,39,40,-1,41,42,43,-1,44,45,46,-1,47,48,49,-1,50,51,52,-1,53,54,55,-1,56,57,58,-1,59,60,61,-1,62,63,64,-1,65,66,67,-1,68,69,70,-1,71,72,73,-1,74,75,76,-1,77,78,79,-1,80,81,82,-1,83,84,85,-1,86,87,88,-1,89,90,91,-1,92,93,94,-1,95,96,97,-1,98,99,100,-1,101,102,103,-1,104,105,102,-1,106,107,105,-1,108,109,107,-1,110,109,111,-1,111,109,108,-1,111,108,112,-1,113,110,114,-1,114,110,111,-1,114,111,115,-1,115,111,112,-1,115,112,116,-1,117,113,118,-1,118,113,114,-1,118,114,119,-1,119,114,115,-1,119,115,120,-1,120,115,116,-1,120,116,121,-1,122,117,123,-1,123,117,118,-1,123,118,124,-1,124,118,119,-1,124,119,125,-1,125,119,120,-1,125,120,126,-1,126,120,121,-1,126,121,97,-1,127,128,129,-1,130,131,132,-1,132,131,133,-1,132,133,134,-1,134,133,135,-1,134,135,136,-1,136,135,137,-1,136,137,138,-1,138,137,139,-1,138,139,140,-1,140,139,100,-1,140,100,141,-1,141,100,99,-1,96,98,97,-1,97,98,100,-1,97,100,126,-1,126,100,139,-1,126,139,125,-1,125,139,137,-1,125,137,124,-1,124,137,135,-1,124,135,123,-1,123,135,133,-1,123,133,122,-1,122,133,131,-1,107,106,108,-1,108,106,142,-1,108,142,112,-1,112,142,143,-1,112,143,116,-1,116,143,144,-1,116,144,121,-1,121,144,94,-1,121,94,97,-1,97,94,93,-1,97,93,95,-1,105,104,106,-1,106,104,145,-1,106,145,142,-1,142,145,146,-1,142,146,143,-1,143,146,147,-1,143,147,144,-1,144,147,91,-1,144,91,94,-1,94,91,90,-1,94,90,92,-1,102,101,104,-1,104,101,148,-1,104,148,145,-1,145,148,149,-1,145,149,146,-1,146,149,150,-1,146,150,147,-1,147,150,88,-1,147,88,91,-1,91,88,87,-1,91,87,89,-1,103,151,101,-1,101,151,152,-1,101,152,148,-1,148,152,153,-1,148,153,149,-1,149,153,154,-1,149,154,150,-1,150,154,85,-1,150,85,88,-1,88,85,84,-1,88,84,86,-1,151,155,152,-1,152,155,156,-1,152,156,153,-1,153,156,157,-1,153,157,154,-1,154,157,82,-1,154,82,85,-1,85,82,81,-1,85,81,83,-1,155,158,156,-1,156,158,159,-1,156,159,157,-1,157,159,79,-1,157,79,82,-1,82,79,78,-1,82,78,80,-1,158,127,159,-1,159,127,129,-1,159,129,79,-1,79,129,160,-1,79,160,77,-1,161,162,163,-1,163,162,128,-1,163,128,164,-1,164,128,127,-1,164,127,165,-1,165,127,158,-1,165,158,166,-1,166,158,155,-1,166,155,167,-1,167,155,151,-1,167,151,168,-1,168,151,103,-1,162,169,128,-1,128,169,170,-1,128,170,129,-1,129,170,171,-1,129,171,160,-1,168,172,167,-1,167,172,173,-1,167,173,166,-1,166,173,174,-1,166,174,165,-1,165,174,175,-1,165,175,164,-1,164,175,176,-1,164,176,163,-1,163,176,76,-1,163,76,161,-1,161,76,75,-1,172,177,173,-1,173,177,178,-1,173,178,174,-1,174,178,179,-1,174,179,175,-1,175,179,180,-1,175,180,176,-1,176,180,181,-1,176,181,76,-1,76,181,73,-1,76,73,74,-1,74,73,72,-1,177,182,178,-1,178,182,183,-1,178,183,179,-1,179,183,184,-1,179,184,180,-1,180,184,185,-1,180,185,181,-1,181,185,186,-1,181,186,73,-1,73,186,70,-1,73,70,71,-1,71,70,69,-1,66,68,67,-1,67,68,70,-1,67,70,187,-1,187,70,186,-1,187,186,188,-1,188,186,185,-1,188,185,189,-1,189,185,184,-1,189,184,190,-1,190,184,183,-1,190,183,191,-1,191,183,182,-1,63,65,64,-1,64,65,67,-1,64,67,192,-1,192,67,187,-1,192,187,193,-1,193,187,188,-1,193,188,194,-1,194,188,189,-1,194,189,195,-1,195,189,190,-1,195,190,196,-1,196,190,191,-1,60,62,61,-1,61,62,64,-1,61,64,197,-1,197,64,192,-1,197,192,198,-1,198,192,193,-1,198,193,199,-1,199,193,194,-1,199,194,200,-1,200,194,195,-1,200,195,201,-1,201,195,196,-1,57,59,58,-1,58,59,61,-1,58,61,202,-1,202,61,197,-1,202,197,203,-1,203,197,198,-1,203,198,204,-1,204,198,199,-1,204,199,205,-1,205,199,200,-1,205,200,206,-1,206,200,201,-1,54,56,55,-1,55,56,58,-1,55,58,207,-1,207,58,202,-1,207,202,208,-1,208,202,203,-1,208,203,209,-1,209,203,204,-1,209,204,210,-1,210,204,205,-1,210,205,211,-1,211,205,206,-1,51,53,52,-1,52,53,55,-1,52,55,212,-1,212,55,207,-1,212,207,213,-1,213,207,208,-1,213,208,214,-1,214,208,209,-1,214,209,215,-1,215,209,210,-1,215,210,216,-1,216,210,211,-1,48,50,49,-1,49,50,52,-1,49,52,217,-1,217,52,212,-1,217,212,218,-1,218,212,213,-1,218,213,219,-1,219,213,214,-1,219,214,220,-1,220,214,215,-1,220,215,221,-1,221,215,216,-1,45,47,46,-1,46,47,49,-1,46,49,222,-1,222,49,217,-1,222,217,223,-1,223,217,218,-1,223,218,224,-1,224,218,219,-1,224,219,225,-1,225,219,220,-1,225,220,226,-1,226,220,221,-1,42,44,43,-1,43,44,46,-1,43,46,227,-1,227,46,222,-1,227,222,228,-1,228,222,223,-1,228,223,229,-1,229,223,224,-1,229,224,230,-1,230,224,225,-1,230,225,231,-1,231,225,226,-1,39,41,40,-1,40,41,43,-1,40,43,232,-1,232,43,227,-1,232,227,233,-1,233,227,228,-1,233,228,234,-1,234,228,229,-1,234,229,235,-1,235,229,230,-1,235,230,236,-1,236,230,231,-1,36,38,37,-1,37,38,40,-1,37,40,237,-1,237,40,232,-1,237,232,238,-1,238,232,233,-1,238,233,239,-1,239,233,234,-1,239,234,240,-1,240,234,235,-1,240,235,241,-1,241,235,236,-1,33,35,34,-1,34,35,37,-1,34,37,242,-1,242,37,237,-1,242,237,243,-1,243,237,238,-1,243,238,244,-1,244,238,239,-1,244,239,245,-1,245,239,240,-1,245,240,246,-1,246,240,241,-1,30,32,31,-1,31,32,34,-1,31,34,247,-1,247,34,242,-1,247,242,248,-1,248,242,243,-1,248,243,249,-1,249,243,244,-1,249,244,250,-1,250,244,245,-1,250,245,251,-1,251,245,246,-1,252,29,253,-1,253,29,31,-1,253,31,254,-1,254,31,247,-1,254,247,255,-1,255,247,248,-1,255,248,256,-1,256,248,249,-1,256,249,257,-1,257,249,250,-1,257,250,258,-1,258,250,251,-1,258,130,257,-1,257,130,132,-1,257,132,256,-1,256,132,134,-1,256,134,255,-1,255,134,136,-1,255,136,254,-1,254,136,138,-1,254,138,253,-1,253,138,140,-1,253,140,252,-1,252,140,141,-1,90,89,259,-1,87,86,260,-1,84,83,261,-1,81,80,262,-1,78,77,263,-1,160,171,264,-1,170,169,265,-1,162,161,266,-1,75,74,267,-1,268,269,270,-1,27,1,271,-1,28,27,272,-1,24,28,273,-1,25,24,274,-1,26,25,275,-1,21,26,276,-1,22,21,277,-1,23,22,278,-1,18,23,279,-1,19,18,280,-1,20,19,281,-1,15,20,282,-1,16,15,283,-1,7,6,284,-1,284,6,285,-1,284,285,286,-1,14,269,9,-1,9,269,268,-1,9,268,10,-1,8,7,287,-1,287,7,284,-1,287,284,288,-1,288,284,286,-1,288,286,289,-1,290,270,291,-1,291,270,269,-1,291,269,292,-1,292,269,14,-1,292,14,13,-1,3,8,293,-1,293,8,287,-1,293,287,294,-1,294,287,288,-1,294,288,295,-1,295,288,289,-1,295,289,296,-1,297,290,298,-1,298,290,291,-1,298,291,299,-1,299,291,292,-1,299,292,300,-1,300,292,13,-1,300,13,12,-1,4,3,301,-1,301,3,293,-1,301,293,302,-1,302,293,294,-1,302,294,303,-1,303,294,295,-1,303,295,304,-1,304,295,296,-1,304,296,305,-1,306,297,307,-1,307,297,298,-1,307,298,308,-1,308,298,299,-1,308,299,309,-1,309,299,300,-1,309,300,310,-1,310,300,12,-1,310,12,17,-1,5,4,311,-1,311,4,301,-1,311,301,312,-1,312,301,302,-1,312,302,313,-1,313,302,303,-1,313,303,314,-1,314,303,304,-1,314,304,315,-1,315,304,305,-1,315,305,262,-1,316,306,317,-1,317,306,307,-1,317,307,318,-1,318,307,308,-1,318,308,319,-1,319,308,309,-1,319,309,320,-1,320,309,310,-1,320,310,321,-1,321,310,17,-1,321,17,16,-1,322,323,324,-1,325,326,327,-1,74,72,267,-1,267,72,322,-1,267,322,328,-1,328,322,324,-1,328,324,329,-1,161,75,266,-1,266,75,267,-1,266,267,330,-1,330,267,328,-1,330,328,331,-1,331,328,329,-1,331,329,332,-1,169,162,265,-1,265,162,266,-1,265,266,333,-1,333,266,330,-1,333,330,334,-1,334,330,331,-1,334,331,335,-1,335,331,332,-1,335,332,336,-1,171,170,264,-1,264,170,265,-1,264,265,337,-1,337,265,333,-1,337,333,338,-1,338,333,334,-1,338,334,339,-1,339,334,335,-1,339,335,340,-1,340,335,336,-1,340,336,341,-1,77,160,263,-1,263,160,264,-1,263,264,342,-1,342,264,337,-1,342,337,343,-1,343,337,338,-1,343,338,344,-1,344,338,339,-1,344,339,345,-1,345,339,340,-1,345,340,346,-1,346,340,341,-1,346,341,0,-1,0,341,1,-1,80,78,262,-1,262,78,263,-1,262,263,315,-1,315,263,342,-1,315,342,314,-1,314,342,343,-1,314,343,313,-1,313,343,344,-1,313,344,312,-1,312,344,345,-1,312,345,311,-1,311,345,346,-1,311,346,5,-1,5,346,0,-1,285,347,286,-1,286,347,348,-1,286,348,289,-1,289,348,349,-1,289,349,296,-1,296,349,350,-1,296,350,305,-1,305,350,261,-1,305,261,262,-1,262,261,83,-1,262,83,81,-1,347,351,348,-1,348,351,352,-1,348,352,349,-1,349,352,353,-1,349,353,350,-1,350,353,260,-1,350,260,261,-1,261,260,86,-1,261,86,84,-1,351,354,352,-1,352,354,355,-1,352,355,353,-1,353,355,259,-1,353,259,260,-1,260,259,89,-1,260,89,87,-1,354,327,355,-1,355,327,326,-1,355,326,259,-1,259,326,92,-1,259,92,90,-1,99,98,356,-1,356,98,325,-1,356,325,357,-1,357,325,327,-1,357,327,358,-1,358,327,354,-1,358,354,359,-1,359,354,351,-1,359,351,360,-1,360,351,347,-1,360,347,361,-1,361,347,285,-1,361,285,11,-1,11,285,6,-1,98,96,325,-1,325,96,95,-1,325,95,326,-1,326,95,93,-1,326,93,92,-1,141,99,316,-1,316,99,356,-1,316,356,306,-1,306,356,357,-1,306,357,297,-1,297,357,358,-1,297,358,290,-1,290,358,359,-1,290,359,270,-1,270,359,360,-1,270,360,268,-1,268,360,361,-1,268,361,10,-1,10,361,11,-1,362,29,252,-1,16,283,321,-1,321,283,363,-1,321,363,320,-1,320,363,364,-1,320,364,319,-1,319,364,365,-1,319,365,318,-1,318,365,366,-1,318,366,317,-1,317,366,362,-1,317,362,316,-1,316,362,252,-1,316,252,141,-1,367,32,30,-1,15,282,283,-1,283,282,368,-1,283,368,363,-1,363,368,369,-1,363,369,364,-1,364,369,370,-1,364,370,365,-1,365,370,371,-1,365,371,366,-1,366,371,367,-1,366,367,362,-1,362,367,30,-1,362,30,29,-1,372,35,33,-1,20,281,282,-1,282,281,373,-1,282,373,368,-1,368,373,374,-1,368,374,369,-1,369,374,375,-1,369,375,370,-1,370,375,376,-1,370,376,371,-1,371,376,372,-1,371,372,367,-1,367,372,33,-1,367,33,32,-1,377,38,36,-1,19,280,281,-1,281,280,378,-1,281,378,373,-1,373,378,379,-1,373,379,374,-1,374,379,380,-1,374,380,375,-1,375,380,381,-1,375,381,376,-1,376,381,377,-1,376,377,372,-1,372,377,36,-1,372,36,35,-1,382,41,39,-1,18,279,280,-1,280,279,383,-1,280,383,378,-1,378,383,384,-1,378,384,379,-1,379,384,385,-1,379,385,380,-1,380,385,386,-1,380,386,381,-1,381,386,382,-1,381,382,377,-1,377,382,39,-1,377,39,38,-1,387,44,42,-1,23,278,279,-1,279,278,388,-1,279,388,383,-1,383,388,389,-1,383,389,384,-1,384,389,390,-1,384,390,385,-1,385,390,391,-1,385,391,386,-1,386,391,387,-1,386,387,382,-1,382,387,42,-1,382,42,41,-1,392,47,45,-1,22,277,278,-1,278,277,393,-1,278,393,388,-1,388,393,394,-1,388,394,389,-1,389,394,395,-1,389,395,390,-1,390,395,396,-1,390,396,391,-1,391,396,392,-1,391,392,387,-1,387,392,45,-1,387,45,44,-1,397,50,48,-1,21,276,277,-1,277,276,398,-1,277,398,393,-1,393,398,399,-1,393,399,394,-1,394,399,400,-1,394,400,395,-1,395,400,401,-1,395,401,396,-1,396,401,397,-1,396,397,392,-1,392,397,48,-1,392,48,47,-1,402,53,51,-1,26,275,276,-1,276,275,403,-1,276,403,398,-1,398,403,404,-1,398,404,399,-1,399,404,405,-1,399,405,400,-1,400,405,406,-1,400,406,401,-1,401,406,402,-1,401,402,397,-1,397,402,51,-1,397,51,50,-1,407,56,54,-1,25,274,275,-1,275,274,408,-1,275,408,403,-1,403,408,409,-1,403,409,404,-1,404,409,410,-1,404,410,405,-1,405,410,411,-1,405,411,406,-1,406,411,407,-1,406,407,402,-1,402,407,54,-1,402,54,53,-1,412,59,57,-1,24,273,274,-1,274,273,413,-1,274,413,408,-1,408,413,414,-1,408,414,409,-1,409,414,415,-1,409,415,410,-1,410,415,416,-1,410,416,411,-1,411,416,412,-1,411,412,407,-1,407,412,57,-1,407,57,56,-1,417,62,60,-1,28,272,273,-1,273,272,418,-1,273,418,413,-1,413,418,419,-1,413,419,414,-1,414,419,420,-1,414,420,415,-1,415,420,421,-1,415,421,416,-1,416,421,417,-1,416,417,412,-1,412,417,60,-1,412,60,59,-1,422,65,63,-1,27,271,272,-1,272,271,423,-1,272,423,418,-1,418,423,424,-1,418,424,419,-1,419,424,425,-1,419,425,420,-1,420,425,426,-1,420,426,421,-1,421,426,422,-1,421,422,417,-1,417,422,63,-1,417,63,62,-1,72,71,322,-1,322,71,69,-1,322,69,323,-1,323,69,68,-1,323,68,66,-1,1,341,271,-1,271,341,336,-1,271,336,423,-1,423,336,332,-1,423,332,424,-1,424,332,329,-1,424,329,425,-1,425,329,324,-1,425,324,426,-1,426,324,323,-1,426,323,422,-1,422,323,66,-1,422,66,65,-1,427,428,429,-1,429,428,430,-1,428,431,430,-1,430,431,432,-1,431,433,432,-1,432,433,434,-1,433,435,434,-1,434,435,436,-1,435,437,436,-1,436,437,438,-1,437,439,438,-1,438,439,440,-1,439,441,440,-1,440,441,442,-1,441,427,442,-1,442,427,429,-1,435,443,437,-1,437,443,444,-1,437,444,439,-1,439,444,445,-1,439,445,441,-1,441,445,446,-1,441,446,427,-1,427,446,447,-1,427,447,428,-1,428,447,448,-1,428,448,431,-1,431,448,449,-1,431,449,433,-1,433,449,450,-1,433,450,435,-1,435,450,443,-1,448,447,451,-1,451,447,452,-1,449,448,453,-1,453,448,451,-1,450,449,454,-1,454,449,453,-1,443,450,455,-1,455,450,454,-1,444,443,456,-1,456,443,455,-1,445,444,457,-1,457,444,456,-1,446,445,458,-1,458,445,457,-1,447,446,452,-1,452,446,458,-1,451,452,453,-1,453,452,458,-1,454,453,455,-1,455,453,458,-1,455,458,456,-1,456,458,457,-1,
        ]
    }
}
Shape{
    appearance Appearance {
        material  Material 	{
            diffuseColor 1.0 1.0 1.0
            specularColor 0.5019607843137255 0.5019607843137255 0.5019607843137255
            ambientIntensity 1.0
            transparency 0.0
            shininess 0.5
        }
    }
    geometry IndexedFaceSet {
        ccw TRUE
        solid FALSE
        coord DEF co Coordinate {
            point [
                9.7461 0.124 1.2103, 9.7461 0.124 1.1799, 9.7421 0.124 1.2103, 9.7421 0.124 1.1799, 9.7461 0.0177 1.2103, 9.7421 0.0177 1.2103, 9.7461 0.0177 1.4468, 9.7421 0.0177 1.4468, 9.7461 -0.0168 1.4468, 9.7421 -0.0168 1.4468, 9.7461 -0.0168 1.1799, 9.7421 -0.0168 1.1799, 9.7421 0.3233 1.1864, 9.7461 0.3302 1.1887, 9.7421 0.3015 1.1793, 9.7461 0.3015 1.1793, 9.7421 0.2844 1.1776, 9.7461 0.2608 1.1754, 9.7421 0.2608 1.1754, 9.7421 0.3302 1.1887, 9.7421 0.3347 1.1909, 9.7461 0.3347 1.1909, 9.7461 0.3347 1.224, 9.7421 0.3347 1.224, 9.7421 0.3233 1.2187, 9.7461 0.3104 1.2128, 9.7421 0.3104 1.2128, 9.7421 0.2806 1.2067, 9.7461 0.2806 1.2067, 9.7421 0.2658 1.2061, 9.7461 0.2658 1.2061, 9.7421 0.2395 1.2092, 9.7461 0.2395 1.2092, 9.7421 0.2204 1.2164, 9.7461 0.2204 1.2164, 9.7421 0.2028 1.2287, 9.7461 0.2028 1.2287, 9.7421 0.1972 1.2342, 9.7461 0.1972 1.2342, 9.7421 0.1837 1.2533, 9.7461 0.1837 1.2533, 9.7421 0.1753 1.275, 9.7461 0.1753 1.275, 9.7421 0.1711 1.3078, 9.7461 0.1711 1.3078, 9.7421 0.171 1.3103, 9.7461 0.171 1.3103, 9.7421 0.1742 1.3418, 9.7461 0.1742 1.3418, 9.7421 0.1824 1.3661, 9.7461 0.1824 1.3661, 9.7421 0.1945 1.3854, 9.7461 0.1945 1.3854, 9.7421 0.1991 1.3906, 9.7461 0.1991 1.3906, 9.7421 0.2179 1.406, 9.7461 0.2179 1.406, 9.7421 0.239 1.4155, 9.7461 0.239 1.4155, 9.7421 0.2624 1.4198, 9.7461 0.2624 1.4198, 9.7421 0.2718 1.4202, 9.7461 0.2718 1.4202, 9.7421 0.3014 1.417, 9.7421 0.3233 1.4093, 9.7461 0.3289 1.4074, 9.7461 0.3014 1.417, 9.7421 0.3289 1.4074, 9.7421 0.3347 1.4043, 9.7461 0.3347 1.4043, 9.7461 0.3347 1.4404, 9.7421 0.3347 1.4404, 9.7421 0.2715 1.4513, 9.7461 0.2715 1.4513, 9.7461 0.2752 1.4513, 9.7421 0.3233 1.4438, 9.7461 0.3095 1.448, 9.7421 0.3095 1.448, 9.7421 0.2984 1.449, 9.7421 0.2752 1.4513, 9.7421 0.2528 1.449, 9.7461 0.2332 1.4467, 9.7421 0.2332 1.4467, 9.7421 0.2053 1.4359, 9.7461 0.2053 1.4359, 9.7421 0.1794 1.4178, 9.7461 0.1794 1.4178, 9.7421 0.1734 1.412, 9.7461 0.1734 1.412, 9.7421 0.1558 1.3896, 9.7461 0.1558 1.3896, 9.7421 0.1424 1.3604, 9.7461 0.1424 1.3604, 9.7421 0.1357 1.3264, 9.7461 0.1357 1.3264, 9.7421 0.1349 1.3083, 9.7461 0.1349 1.3083, 9.7421 0.14 1.2654, 9.7461 0.14 1.2654, 9.7421 0.1508 1.2374, 9.7461 0.1508 1.2374, 9.7421 0.1666 1.2145, 9.7461 0.1666 1.2145, 9.7421 0.1691 1.2118, 9.7461 0.1691 1.2118, 9.7421 0.2145 1.1825, 9.7461 0.1895 1.1947, 9.7421 0.1895 1.1947, 9.7421 0.237 1.1776, 9.7461 0.2432 1.1763, 9.7461 0.2145 1.1825, 9.7421 0.2432 1.1763, 9.7461 0.5317 1.2103, 9.7461 0.5317 1.1799, 9.7421 0.5317 1.2103, 9.7421 0.5317 1.1799, 9.7421 0.4226 1.2103, 9.7461 0.4226 1.2103, 9.7421 0.4947 1.2103, 9.7461 0.4226 1.3001, 9.7421 0.4226 1.3001, 9.7421 0.518 1.3001, 9.7461 0.518 1.3001, 9.7421 0.4947 1.3001, 9.7461 0.518 1.3307, 9.7421 0.518 1.3307, 9.7421 0.4226 1.3307, 9.7461 0.4226 1.3307, 9.7421 0.4947 1.3307, 9.7461 0.4226 1.4161, 9.7421 0.4226 1.4161, 9.7421 0.5256 1.4161, 9.7461 0.5256 1.4161, 9.7421 0.4947 1.4161, 9.7461 0.5256 1.4468, 9.7421 0.5256 1.4468, 9.7421 0.3881 1.4468, 9.7461 0.3881 1.4468, 9.7421 0.4947 1.4468, 9.7461 0.3881 1.1799, 9.7421 0.3881 1.1799, 9.7421 0.4947 1.1799, 9.7461 0.6906 1.4124, 9.7461 0.6632 1.4467, 9.7461 0.6569 1.4161, 9.7461 0.6582 1.4468, 9.7461 0.6166 1.4161, 9.7461 0.5821 1.4468, 9.7461 0.6166 1.2103, 9.7461 0.5821 1.1799, 9.7461 0.6553 1.2103, 9.7461 0.6555 1.1799, 9.7461 0.687 1.2135, 9.7461 0.7003 1.1853, 9.7461 0.7104 1.2213, 9.7461 0.7309 1.1971, 9.7461 0.7285 1.2326, 9.7461 0.7591 1.2173, 9.7461 0.7346 1.2381, 9.7461 0.7486 1.2557, 9.7461 0.7775 1.2386, 9.7461 0.7575 1.2758, 9.7461 0.7912 1.2659, 9.7461 0.7625 1.3006, 9.7461 0.7983 1.2966, 9.7461 0.7632 1.3158, 9.7461 0.7994 1.3167, 9.7461 0.76 1.3459, 9.7461 0.7962 1.348, 9.7461 0.7529 1.3663, 9.7461 0.7873 1.3745, 9.7461 0.743 1.3817, 9.7461 0.7716 1.3988, 9.7461 0.7339 1.391, 9.7461 0.7591 1.4114, 9.7461 0.7138 1.4042, 9.7461 0.7351 1.4284, 9.7461 0.7035 1.4411, 9.7421 0.6555 1.1799, 9.7421 0.5821 1.1799, 9.7421 0.7003 1.1853, 9.7421 0.7309 1.1971, 9.7421 0.7591 1.2173, 9.7421 0.7775 1.2386, 9.7421 0.7912 1.2659, 9.7421 0.7983 1.2966, 9.7421 0.7994 1.3167, 9.7421 0.7962 1.348, 9.7421 0.7873 1.3745, 9.7421 0.7716 1.3988, 9.7421 0.7591 1.4114, 9.7421 0.7351 1.4284, 9.7421 0.7035 1.4411, 9.7421 0.6632 1.4467, 9.7421 0.6582 1.4468, 9.7421 0.5821 1.4468, 9.7421 0.6569 1.4161, 9.7421 0.6166 1.4161, 9.7421 0.6166 1.2103, 9.7421 0.6553 1.2103, 9.7421 0.7346 1.2381, 9.7421 0.7285 1.2326, 9.7421 0.7104 1.2213, 9.7421 0.687 1.2135, 9.7421 0.7632 1.3158, 9.7421 0.7625 1.3006, 9.7421 0.7575 1.2758, 9.7421 0.7486 1.2557, 9.7421 0.7339 1.391, 9.7421 0.743 1.3817, 9.7421 0.7529 1.3663, 9.7421 0.76 1.3459, 9.7421 0.6906 1.4124, 9.7421 0.7138 1.4042
            ]
        }
        coordIndex [
            0,1,2,-1,2,1,3,-1,4,0,5,-1,5,0,2,-1,6,4,7,-1,7,4,5,-1,8,6,9,-1,9,6,7,-1,10,8,11,-1,11,8,9,-1,1,10,3,-1,3,10,11,-1,6,8,4,-1,4,8,10,-1,4,10,0,-1,0,10,1,-1,12,13,14,-1,14,13,15,-1,14,15,16,-1,16,15,17,-1,16,17,18,-1,12,19,13,-1,13,19,20,-1,13,20,21,-1,22,21,23,-1,23,21,20,-1,22,23,24,-1,22,24,25,-1,24,26,25,-1,25,26,27,-1,25,27,28,-1,28,27,29,-1,28,29,30,-1,30,29,31,-1,30,31,32,-1,32,31,33,-1,32,33,34,-1,34,33,35,-1,34,35,36,-1,36,35,37,-1,36,37,38,-1,38,37,39,-1,38,39,40,-1,40,39,41,-1,40,41,42,-1,42,41,43,-1,42,43,44,-1,44,43,45,-1,44,45,46,-1,46,45,47,-1,46,47,48,-1,48,47,49,-1,48,49,50,-1,50,49,51,-1,50,51,52,-1,52,51,53,-1,52,53,54,-1,54,53,55,-1,54,55,56,-1,56,55,57,-1,56,57,58,-1,58,57,59,-1,58,59,60,-1,60,59,61,-1,60,61,62,-1,62,61,63,-1,64,65,63,-1,63,65,66,-1,63,66,62,-1,64,67,65,-1,65,67,68,-1,65,68,69,-1,70,69,71,-1,71,69,68,-1,72,73,74,-1,70,71,75,-1,70,75,76,-1,75,77,76,-1,76,77,78,-1,76,78,74,-1,74,78,79,-1,74,79,72,-1,73,72,80,-1,73,80,81,-1,80,82,81,-1,81,82,83,-1,81,83,84,-1,84,83,85,-1,84,85,86,-1,86,85,87,-1,86,87,88,-1,88,87,89,-1,88,89,90,-1,90,89,91,-1,90,91,92,-1,92,91,93,-1,92,93,94,-1,94,93,95,-1,94,95,96,-1,96,95,97,-1,96,97,98,-1,98,97,99,-1,98,99,100,-1,100,99,101,-1,100,101,102,-1,102,101,103,-1,102,103,104,-1,105,106,107,-1,107,106,104,-1,107,104,103,-1,108,109,105,-1,105,109,110,-1,105,110,106,-1,108,111,109,-1,109,111,18,-1,109,18,17,-1,65,69,70,-1,56,58,81,-1,40,42,98,-1,48,50,90,-1,81,58,73,-1,65,70,66,-1,98,42,96,-1,90,50,88,-1,58,60,73,-1,73,60,62,-1,73,62,74,-1,74,62,66,-1,74,66,76,-1,76,66,70,-1,81,84,56,-1,56,84,86,-1,56,86,54,-1,54,86,88,-1,54,88,52,-1,52,88,50,-1,98,100,40,-1,40,100,102,-1,40,102,38,-1,38,102,104,-1,38,104,36,-1,36,104,106,-1,36,106,34,-1,34,106,110,-1,34,110,32,-1,32,110,109,-1,32,109,30,-1,30,109,17,-1,30,17,28,-1,28,17,15,-1,28,15,25,-1,25,15,13,-1,25,13,22,-1,22,13,21,-1,42,44,96,-1,96,44,46,-1,96,46,94,-1,94,46,48,-1,94,48,92,-1,92,48,90,-1,112,113,114,-1,114,113,115,-1,116,117,118,-1,118,117,112,-1,118,112,114,-1,119,117,120,-1,120,117,116,-1,121,122,123,-1,123,122,119,-1,123,119,120,-1,124,122,125,-1,125,122,121,-1,126,127,128,-1,128,127,124,-1,128,124,125,-1,129,127,130,-1,130,127,126,-1,131,132,133,-1,133,132,129,-1,133,129,130,-1,134,132,135,-1,135,132,131,-1,136,137,138,-1,138,137,134,-1,138,134,135,-1,139,137,140,-1,140,137,136,-1,115,113,141,-1,141,113,139,-1,141,139,140,-1,139,113,112,-1,112,117,139,-1,139,117,119,-1,139,119,137,-1,132,134,129,-1,129,134,137,-1,129,137,127,-1,127,137,119,-1,127,119,124,-1,124,119,122,-1,142,143,144,-1,144,143,145,-1,144,145,146,-1,146,145,147,-1,146,147,148,-1,148,147,149,-1,148,149,150,-1,150,149,151,-1,150,151,152,-1,152,151,153,-1,152,153,154,-1,154,153,155,-1,154,155,156,-1,156,155,157,-1,156,157,158,-1,158,157,159,-1,159,157,160,-1,159,160,161,-1,161,160,162,-1,161,162,163,-1,163,162,164,-1,163,164,165,-1,165,164,166,-1,165,166,167,-1,167,166,168,-1,167,168,169,-1,169,168,170,-1,169,170,171,-1,171,170,172,-1,171,172,173,-1,173,172,174,-1,173,174,175,-1,175,174,176,-1,175,176,142,-1,142,176,177,-1,142,177,143,-1,151,149,178,-1,178,149,179,-1,151,178,180,-1,151,180,153,-1,153,180,181,-1,153,181,155,-1,155,181,182,-1,155,182,157,-1,157,182,183,-1,157,183,160,-1,160,183,184,-1,160,184,162,-1,162,184,185,-1,162,185,164,-1,164,185,186,-1,164,186,166,-1,166,186,187,-1,166,187,168,-1,168,187,188,-1,168,188,170,-1,170,188,189,-1,170,189,172,-1,172,189,190,-1,172,190,174,-1,174,190,191,-1,174,191,176,-1,176,191,192,-1,176,192,177,-1,177,192,193,-1,177,193,143,-1,143,193,194,-1,143,194,145,-1,147,145,195,-1,195,145,194,-1,149,147,179,-1,179,147,195,-1,144,146,196,-1,196,146,197,-1,146,148,197,-1,197,148,198,-1,148,150,198,-1,198,150,199,-1,158,200,201,-1,158,201,156,-1,156,201,202,-1,156,202,154,-1,154,202,203,-1,154,203,152,-1,152,203,199,-1,152,199,150,-1,165,204,205,-1,165,205,163,-1,163,205,206,-1,163,206,161,-1,161,206,207,-1,161,207,159,-1,159,207,200,-1,159,200,158,-1,173,208,209,-1,173,209,171,-1,171,209,210,-1,171,210,169,-1,169,210,211,-1,169,211,167,-1,167,211,204,-1,167,204,165,-1,144,196,212,-1,144,212,142,-1,142,212,213,-1,142,213,175,-1,175,213,208,-1,175,208,173,-1,
        ]
    }
}
Shape{
    appearance Appearance {
        material  Material 	{
            diffuseColor 0.25098039215686274 0.25098039215686274 0.25098039215686274
            specularColor 0.12549019607843137 0.12549019607843137 0.12549019607843137
            ambientIntensity 0.251
            transparency 0.0
            shininess 0.5
        }
    }
    geometry IndexedFaceSet {
        ccw TRUE
        solid FALSE
        coord DEF co Coordinate {
            point [
                9.7421 0.6166 1.4161, 9.7421 0.6166 1.2103, 9.7421 0.6569 1.4161, 9.7421 0.6553 1.2103, 9.7421 0.687 1.2135, 9.7421 0.7104 1.2213, 9.7421 0.7285 1.2326, 9.7421 0.7346 1.2381, 9.7421 0.7486 1.2557, 9.7421 0.7575 1.2758, 9.7421 0.7625 1.3006, 9.7421 0.7632 1.3158, 9.7421 0.76 1.3459, 9.7421 0.7529 1.3663, 9.7421 0.743 1.3817, 9.7421 0.7339 1.391, 9.7421 0.6906 1.4124, 9.7421 0.7138 1.4042
            ]
        }
        coordIndex [
            0,1,2,-1,2,1,3,-1,2,3,4,-1,4,5,2,-1,2,5,6,-1,2,6,7,-1,7,8,2,-1,2,8,9,-1,2,9,10,-1,10,11,2,-1,2,11,12,-1,2,12,13,-1,13,14,2,-1,2,14,15,-1,2,15,16,-1,16,15,17,-1,
        ]
    }
}
Shape{
    appearance Appearance {
        material  Material 	{
            diffuseColor 1.0 1.0 1.0
            specularColor 0.5019607843137255 0.5019607843137255 0.5019607843137255
            ambientIntensity 1.0
            transparency 0.0
            shininess 0.5
        }
    }
    geometry IndexedFaceSet {
        ccw TRUE
        solid FALSE
        coord DEF co Coordinate {
            point [
                9.7461 0.8888 1.283, 9.7461 0.8779 1.2529, 9.7461 0.9784 1.283, 9.7461 0.9891 1.2529, 9.7461 0.9288 1.394, 9.7461 0.9159 1.4468, 9.7461 0.8142 1.1799, 9.7461 0.8523 1.1799, 9.7461 0.9311 1.4019, 9.7461 0.9331 1.4127, 9.7461 0.9527 1.4468, 9.7461 0.9339 1.4127, 9.7461 0.9361 1.4014, 9.7461 0.9381 1.394, 9.7461 1.0544 1.1799, 9.7461 1.0163 1.1799, 9.7421 0.9527 1.4468, 9.7421 1.0544 1.1799, 9.7421 0.9159 1.4468, 9.7421 0.8142 1.1799, 9.7421 0.8911 1.3818, 9.7421 0.8523 1.1799, 9.7421 0.8779 1.2529, 9.7421 0.9891 1.2529, 9.7421 0.8911 1.2529, 9.7421 1.0163 1.1799, 9.7421 0.8888 1.283, 9.7421 0.9784 1.283, 9.7421 0.9381 1.394, 9.7421 0.9339 1.4127, 9.7421 0.9361 1.4014, 9.7421 0.9331 1.4127, 9.7421 0.9288 1.394, 9.7421 0.9311 1.4019
            ]
        }
        coordIndex [
            0,1,2,-1,2,1,3,-1,4,5,0,-1,0,5,6,-1,0,6,1,-1,1,6,7,-1,4,8,5,-1,5,8,9,-1,5,9,10,-1,10,9,11,-1,10,11,12,-1,12,13,10,-1,10,13,2,-1,10,2,14,-1,14,2,3,-1,14,3,15,-1,10,14,16,-1,16,14,17,-1,5,10,18,-1,18,10,16,-1,19,6,20,-1,20,6,5,-1,20,5,18,-1,7,6,21,-1,21,6,19,-1,1,7,22,-1,22,7,21,-1,23,3,24,-1,24,3,1,-1,24,1,22,-1,15,3,25,-1,25,3,23,-1,14,15,17,-1,17,15,25,-1,0,2,26,-1,26,2,27,-1,2,13,27,-1,27,13,28,-1,11,29,30,-1,11,30,12,-1,12,30,28,-1,12,28,13,-1,11,9,29,-1,29,9,31,-1,4,32,33,-1,4,33,8,-1,8,33,31,-1,8,31,9,-1,4,0,32,-1,32,0,26,-1,
        ]
    }
}
Shape{
    appearance Appearance {
        material  Material 	{
            diffuseColor 0.25098039215686274 0.25098039215686274 0.25098039215686274
            specularColor 0.12549019607843137 0.12549019607843137 0.12549019607843137
            ambientIntensity 0.251
            transparency 0.0
            shininess 0.5
        }
    }
    geometry IndexedFaceSet {
        ccw TRUE
        solid FALSE
        coord DEF co Coordinate {
            point [
                9.7421 0.9339 1.4127, 9.7421 0.9331 1.4127, 9.7421 0.9361 1.4014, 9.7421 0.9311 1.4019, 9.7421 0.9381 1.394, 9.7421 0.9288 1.394, 9.7421 0.9784 1.283, 9.7421 0.8888 1.283
            ]
        }
        coordIndex [
            0,1,2,-1,2,1,3,-1,2,3,4,-1,4,3,5,-1,4,5,6,-1,6,5,7,-1,
        ]
    }
}
Shape{
    appearance Appearance {
        material  Material 	{
            diffuseColor 1.0 1.0 1.0
            specularColor 0.5019607843137255 0.5019607843137255 0.5019607843137255
            ambientIntensity 1.0
            transparency 0.0
            shininess 0.5
        }
    }
    geometry IndexedFaceSet {
        ccw TRUE
        solid FALSE
        coord DEF co Coordinate {
            point [
                9.7461 0.1268 0.7869, 9.7461 0.1268 0.7565, 9.7421 0.1268 0.7869, 9.7421 0.1268 0.7565, 9.7461 0.0177 0.7869, 9.7421 0.0177 0.7869, 9.7461 0.0177 0.8767, 9.7421 0.0177 0.8767, 9.7461 0.1131 0.8767, 9.7421 0.1131 0.8767, 9.7461 0.1131 0.9072, 9.7421 0.1131 0.9072, 9.7461 0.0177 0.9072, 9.7421 0.0177 0.9072, 9.7461 0.0177 0.9927, 9.7421 0.0177 0.9927, 9.7461 0.1207 0.9927, 9.7421 0.1207 0.9927, 9.7461 0.1207 1.0234, 9.7421 0.1207 1.0234, 9.7461 -0.0168 1.0234, 9.7421 -0.0168 1.0234, 9.7461 -0.0168 0.7565, 9.7421 -0.0168 0.7565, 9.7461 0.2776 0.7859, 9.7461 0.2785 0.7859, 9.7461 0.2763 0.8167, 9.7461 0.2785 0.8316, 9.7461 0.3119 0.8791, 9.7461 0.2785 0.8338, 9.7461 0.2785 0.8521, 9.7461 0.2785 0.7565, 9.7461 0.3119 0.7565, 9.7461 0.195 0.8628, 9.7461 0.2061 0.8379, 9.7461 0.2142 0.8416, 9.7461 0.2714 0.8048, 9.7461 0.2642 0.7949, 9.7461 0.2724 0.778, 9.7461 0.26 0.7909, 9.7461 0.2618 0.7666, 9.7461 0.2505 0.7845, 9.7461 0.25 0.7588, 9.7461 0.2404 0.7808, 9.7461 0.2364 0.7539, 9.7461 0.2279 0.7794, 9.7461 0.2192 0.752, 9.7461 0.2166 0.7807, 9.7461 0.1992 0.7543, 9.7461 0.209 0.7834, 9.7461 0.1864 0.7591, 9.7461 0.2024 0.788, 9.7461 0.1751 0.767, 9.7461 0.1995 0.7908, 9.7461 0.222 0.8697, 9.7461 0.2339 0.8461, 9.7461 0.2785 0.8776, 9.7461 0.1774 0.9337, 9.7461 0.1774 0.9012, 9.7461 0.1876 0.9394, 9.7461 0.1999 0.9155, 9.7461 0.2131 0.9483, 9.7461 0.2208 0.9224, 9.7461 0.243 0.9515, 9.7461 0.2399 0.9243, 9.7461 0.2648 0.9493, 9.7461 0.2512 0.9231, 9.7461 0.2785 0.9448, 9.7461 0.259 0.9204, 9.7461 0.2893 0.9383, 9.7461 0.2649 0.9166, 9.7461 0.2963 0.9316, 9.7461 0.2699 0.9112, 9.7461 0.3033 0.9212, 9.7461 0.2739 0.9043, 9.7461 0.3088 0.9067, 9.7461 0.2773 0.8924, 9.7461 0.2015 0.8344, 9.7461 0.1813 0.8554, 9.7461 0.1975 0.8294, 9.7461 0.1714 0.8464, 9.7461 0.1946 0.8232, 9.7461 0.1645 0.8356, 9.7461 0.1929 0.8155, 9.7461 0.1604 0.8234, 9.7461 0.1927 0.8102, 9.7461 0.1588 0.8075, 9.7461 0.1935 0.8026, 9.7461 0.1604 0.7923, 9.7461 0.1957 0.7965, 9.7461 0.1644 0.781, 9.7461 0.1714 0.7708, 9.7421 0.243 0.9515, 9.7421 0.2131 0.9483, 9.7421 0.1876 0.9394, 9.7421 0.1774 0.9337, 9.7421 0.1774 0.9012, 9.7421 0.1999 0.9155, 9.7421 0.2208 0.9224, 9.7421 0.2399 0.9243, 9.7421 0.2512 0.9231, 9.7421 0.259 0.9204, 9.7421 0.2649 0.9166, 9.7421 0.2699 0.9112, 9.7421 0.2739 0.9043, 9.7421 0.2773 0.8924, 9.7421 0.2785 0.8776, 9.7421 0.222 0.8697, 9.7421 0.195 0.8628, 9.7421 0.1813 0.8554, 9.7421 0.1714 0.8464, 9.7421 0.1645 0.8356, 9.7421 0.1604 0.8234, 9.7421 0.1588 0.8075, 9.7421 0.1604 0.7923, 9.7421 0.1644 0.781, 9.7421 0.1714 0.7708, 9.7421 0.1751 0.767, 9.7421 0.2192 0.752, 9.7421 0.1998 0.7542, 9.7421 0.1992 0.7543, 9.7421 0.1864 0.7591, 9.7421 0.2364 0.7539, 9.7421 0.2374 0.7542, 9.7421 0.25 0.7588, 9.7421 0.2618 0.7666, 9.7421 0.2724 0.778, 9.7421 0.2776 0.7859, 9.7421 0.2785 0.7859, 9.7421 0.2785 0.7565, 9.7421 0.3119 0.7565, 9.7421 0.3119 0.8791, 9.7421 0.3088 0.9067, 9.7421 0.3033 0.9212, 9.7421 0.2963 0.9316, 9.7421 0.2893 0.9383, 9.7421 0.2785 0.9448, 9.7421 0.2648 0.9493, 9.7421 0.2015 0.8344, 9.7421 0.2061 0.8379, 9.7421 0.2142 0.8416, 9.7421 0.2339 0.8461, 9.7421 0.1927 0.8102, 9.7421 0.1929 0.8155, 9.7421 0.1946 0.8232, 9.7421 0.1975 0.8294, 9.7421 0.2024 0.788, 9.7421 0.1995 0.7908, 9.7421 0.1957 0.7965, 9.7421 0.1935 0.8026, 9.7421 0.2279 0.7794, 9.7421 0.2166 0.7807, 9.7421 0.209 0.7834, 9.7421 0.2642 0.7949, 9.7421 0.26 0.7909, 9.7421 0.2505 0.7845, 9.7421 0.2404 0.7808, 9.7421 0.2785 0.8338, 9.7421 0.2785 0.8316, 9.7421 0.2763 0.8167, 9.7421 0.2714 0.8048, 9.7421 0.2785 0.8521
            ]
        }
        coordIndex [
            0,1,2,-1,2,1,3,-1,4,0,5,-1,5,0,2,-1,6,4,7,-1,7,4,5,-1,8,6,9,-1,9,6,7,-1,10,8,11,-1,11,8,9,-1,12,10,13,-1,13,10,11,-1,14,12,15,-1,15,12,13,-1,16,14,17,-1,17,14,15,-1,18,16,19,-1,19,16,17,-1,20,18,21,-1,21,18,19,-1,22,20,23,-1,23,20,21,-1,1,22,3,-1,3,22,23,-1,22,1,0,-1,0,4,22,-1,22,4,6,-1,22,6,20,-1,16,18,14,-1,14,18,20,-1,14,20,12,-1,12,20,6,-1,12,6,10,-1,10,6,8,-1,24,25,26,-1,27,28,29,-1,29,28,30,-1,31,32,25,-1,25,32,28,-1,25,28,26,-1,26,28,27,-1,33,34,35,-1,26,36,24,-1,24,36,37,-1,24,37,38,-1,38,37,39,-1,38,39,40,-1,40,39,41,-1,40,41,42,-1,42,41,43,-1,42,43,44,-1,44,43,45,-1,44,45,46,-1,46,45,47,-1,46,47,48,-1,48,47,49,-1,48,49,50,-1,50,49,51,-1,50,51,52,-1,52,51,53,-1,33,35,54,-1,54,35,55,-1,54,55,56,-1,57,58,59,-1,59,58,60,-1,59,60,61,-1,61,60,62,-1,61,62,63,-1,63,62,64,-1,63,64,65,-1,65,64,66,-1,65,66,67,-1,67,66,68,-1,67,68,69,-1,69,68,70,-1,69,70,71,-1,71,70,72,-1,71,72,73,-1,73,72,74,-1,73,74,75,-1,75,74,76,-1,75,76,28,-1,28,76,56,-1,28,56,30,-1,30,56,55,-1,34,33,77,-1,77,33,78,-1,77,78,79,-1,79,78,80,-1,79,80,81,-1,81,80,82,-1,81,82,83,-1,83,82,84,-1,83,84,85,-1,85,84,86,-1,85,86,87,-1,87,86,88,-1,87,88,89,-1,89,88,90,-1,89,90,53,-1,53,90,91,-1,53,91,52,-1,63,92,93,-1,63,93,61,-1,61,93,94,-1,61,94,59,-1,59,94,95,-1,59,95,57,-1,58,57,96,-1,96,57,95,-1,58,96,97,-1,58,97,60,-1,60,97,98,-1,60,98,62,-1,62,98,99,-1,62,99,64,-1,64,99,100,-1,64,100,66,-1,66,100,101,-1,66,101,68,-1,68,101,102,-1,68,102,70,-1,70,102,103,-1,70,103,72,-1,72,103,104,-1,72,104,74,-1,74,104,105,-1,74,105,76,-1,76,105,106,-1,76,106,56,-1,54,56,107,-1,107,56,106,-1,54,107,108,-1,54,108,33,-1,33,108,109,-1,33,109,78,-1,78,109,110,-1,78,110,80,-1,80,110,111,-1,80,111,82,-1,82,111,112,-1,82,112,84,-1,84,112,113,-1,84,113,86,-1,86,113,114,-1,86,114,88,-1,88,114,115,-1,88,115,90,-1,90,115,116,-1,90,116,91,-1,91,116,117,-1,91,117,52,-1,118,46,119,-1,119,46,48,-1,119,48,120,-1,120,48,50,-1,120,50,121,-1,121,50,52,-1,121,52,117,-1,46,118,122,-1,46,122,44,-1,44,122,123,-1,44,123,42,-1,123,124,42,-1,42,124,125,-1,42,125,40,-1,40,125,126,-1,40,126,38,-1,38,126,127,-1,38,127,24,-1,25,24,128,-1,128,24,127,-1,31,25,129,-1,129,25,128,-1,32,31,130,-1,130,31,129,-1,28,32,131,-1,131,32,130,-1,28,131,132,-1,28,132,75,-1,75,132,133,-1,75,133,73,-1,73,133,134,-1,73,134,71,-1,71,134,135,-1,71,135,69,-1,69,135,136,-1,69,136,67,-1,67,136,137,-1,67,137,65,-1,65,137,92,-1,65,92,63,-1,77,138,139,-1,77,139,34,-1,34,139,140,-1,34,140,35,-1,35,140,141,-1,35,141,55,-1,85,142,143,-1,85,143,83,-1,83,143,144,-1,83,144,81,-1,81,144,145,-1,81,145,79,-1,79,145,138,-1,79,138,77,-1,51,146,147,-1,51,147,53,-1,53,147,148,-1,53,148,89,-1,89,148,149,-1,89,149,87,-1,87,149,142,-1,87,142,85,-1,45,150,151,-1,45,151,47,-1,47,151,152,-1,47,152,49,-1,49,152,146,-1,49,146,51,-1,37,153,154,-1,37,154,39,-1,39,154,155,-1,39,155,41,-1,41,155,156,-1,41,156,43,-1,43,156,150,-1,43,150,45,-1,29,157,158,-1,29,158,27,-1,27,158,159,-1,27,159,26,-1,26,159,160,-1,26,160,36,-1,36,160,153,-1,36,153,37,-1,29,30,157,-1,157,30,161,-1,30,55,161,-1,161,55,141,-1,
        ]
    }
}
Shape{
    appearance Appearance {
        material  Material 	{
            diffuseColor 0.25098039215686274 0.25098039215686274 0.25098039215686274
            specularColor 0.12549019607843137 0.12549019607843137 0.12549019607843137
            ambientIntensity 0.251
            transparency 0.0
            shininess 0.5
        }
    }
    geometry IndexedFaceSet {
        ccw TRUE
        solid FALSE
        coord DEF co Coordinate {
            point [
                9.7421 0.2785 0.8521, 9.7421 0.2339 0.8461, 9.7421 0.2785 0.8338, 9.7421 0.2142 0.8416, 9.7421 0.2061 0.8379, 9.7421 0.2015 0.8344, 9.7421 0.2785 0.8316, 9.7421 0.2763 0.8167, 9.7421 0.1975 0.8294, 9.7421 0.2714 0.8048, 9.7421 0.1995 0.7908, 9.7421 0.2024 0.788, 9.7421 0.26 0.7909, 9.7421 0.1957 0.7965, 9.7421 0.2505 0.7845, 9.7421 0.2404 0.7808, 9.7421 0.2279 0.7794, 9.7421 0.1946 0.8232, 9.7421 0.1929 0.8155, 9.7421 0.2642 0.7949, 9.7421 0.1927 0.8102, 9.7421 0.1935 0.8026, 9.7421 0.209 0.7834, 9.7421 0.2166 0.7807
            ]
        }
        coordIndex [
            0,1,2,-1,2,1,3,-1,3,4,2,-1,2,4,5,-1,2,5,6,-1,6,5,7,-1,7,5,8,-1,7,8,9,-1,10,11,12,-1,10,12,13,-1,14,12,15,-1,15,12,16,-1,8,17,9,-1,9,17,18,-1,9,18,19,-1,19,18,20,-1,19,20,12,-1,12,20,21,-1,12,21,13,-1,11,22,12,-1,12,22,23,-1,12,23,16,-1,
        ]
    }
}
Shape{
    appearance Appearance {
        material  Material 	{
            diffuseColor 1.0 1.0 1.0
            specularColor 0.5019607843137255 0.5019607843137255 0.5019607843137255
            ambientIntensity 1.0
            transparency 0.0
            shininess 0.5
        }
    }
    geometry IndexedFaceSet {
        ccw TRUE
        solid FALSE
        coord DEF co Coordinate {
            point [
                9.7461 0.4122 0.7793, 9.7421 0.4122 0.7793, 9.7421 0.3913 0.7817, 9.7461 0.3913 0.7817, 9.7421 0.3703 0.7896, 9.7461 0.3703 0.7896, 9.7421 0.3572 0.7977, 9.7461 0.3572 0.7977, 9.7461 0.3572 0.7632, 9.7421 0.3572 0.7632, 9.7421 0.4089 0.752, 9.7461 0.4089 0.752, 9.7421 0.3874 0.7542, 9.7461 0.3806 0.7549, 9.7421 0.3806 0.7549, 9.7461 0.4374 0.7551, 9.7421 0.4293 0.7542, 9.7421 0.4374 0.7551, 9.7421 0.4554 0.7616, 9.7461 0.4554 0.7616, 9.7421 0.4645 0.7671, 9.7461 0.4645 0.7671, 9.7421 0.474 0.7755, 9.7461 0.474 0.7755, 9.7421 0.4803 0.7843, 9.7461 0.4803 0.7843, 9.7421 0.4844 0.7949, 9.7461 0.4844 0.7949, 9.7421 0.486 0.8083, 9.7461 0.486 0.8083, 9.7421 0.4846 0.8208, 9.7461 0.4846 0.8208, 9.7421 0.481 0.8306, 9.7461 0.481 0.8306, 9.7421 0.4748 0.8398, 9.7461 0.4748 0.8398, 9.7421 0.4668 0.847, 9.7461 0.4668 0.847, 9.7421 0.4446 0.8593, 9.7461 0.4446 0.8593, 9.7421 0.4317 0.8645, 9.7461 0.4317 0.8645, 9.7421 0.411 0.8735, 9.7461 0.411 0.8735, 9.7421 0.3992 0.8809, 9.7461 0.3992 0.8809, 9.7421 0.3959 0.8845, 9.7461 0.3959 0.8845, 9.7421 0.3935 0.889, 9.7461 0.3935 0.889, 9.7421 0.3922 0.8942, 9.7461 0.3922 0.8942, 9.7421 0.3919 0.8987, 9.7461 0.3919 0.8987, 9.7421 0.3925 0.904, 9.7461 0.3925 0.904, 9.7421 0.3941 0.9085, 9.7461 0.3941 0.9085, 9.7421 0.397 0.9128, 9.7461 0.397 0.9128, 9.7421 0.402 0.9172, 9.7461 0.402 0.9172, 9.7421 0.4095 0.9212, 9.7461 0.4095 0.9212, 9.7421 0.4185 0.9236, 9.7461 0.4185 0.9236, 9.7421 0.4284 0.9243, 9.7461 0.4284 0.9243, 9.7421 0.4526 0.9212, 9.7461 0.4526 0.9212, 9.7421 0.4714 0.9137, 9.7461 0.4714 0.9137, 9.7421 0.4768 0.9105, 9.7461 0.4768 0.9105, 9.7461 0.4768 0.943, 9.7421 0.4768 0.943, 9.7421 0.4521 0.9499, 9.7461 0.4521 0.9499, 9.7421 0.4317 0.9515, 9.7461 0.4317 0.9515, 9.7421 0.4053 0.9483, 9.7461 0.4053 0.9483, 9.7421 0.3873 0.9415, 9.7461 0.3873 0.9415, 9.7421 0.3789 0.9363, 9.7461 0.3789 0.9363, 9.7421 0.3689 0.9274, 9.7461 0.3689 0.9274, 9.7421 0.3627 0.9184, 9.7461 0.3627 0.9184, 9.7421 0.3587 0.9076, 9.7461 0.3587 0.9076, 9.7421 0.3574 0.8957, 9.7461 0.3574 0.8957, 9.7421 0.3589 0.8827, 9.7461 0.3589 0.8827, 9.7421 0.3626 0.8725, 9.7461 0.3626 0.8725, 9.7421 0.3669 0.8655, 9.7461 0.3669 0.8655, 9.7421 0.3724 0.8598, 9.7461 0.3724 0.8598, 9.7421 0.3881 0.8494, 9.7461 0.3881 0.8494, 9.7421 0.4081 0.8403, 9.7461 0.4081 0.8403, 9.7421 0.43 0.8311, 9.7461 0.43 0.8311, 9.7421 0.4431 0.8232, 9.7461 0.4431 0.8232, 9.7421 0.4472 0.8189, 9.7461 0.4472 0.8189, 9.7421 0.4498 0.8144, 9.7461 0.4498 0.8144, 9.7421 0.4513 0.8092, 9.7461 0.4513 0.8092, 9.7421 0.4516 0.805, 9.7461 0.4516 0.805, 9.7421 0.451 0.7987, 9.7461 0.451 0.7987, 9.7421 0.4493 0.7939, 9.7461 0.4493 0.7939, 9.7421 0.4463 0.7896, 9.7461 0.4463 0.7896, 9.7421 0.4425 0.7862, 9.7461 0.4425 0.7862, 9.7421 0.4395 0.7843, 9.7461 0.4395 0.7843, 9.7421 0.4308 0.7812, 9.7461 0.4308 0.7812, 9.7421 0.4137 0.7793, 9.7461 0.4137 0.7793, 9.7461 0.6517 0.9471, 9.7461 0.6863 0.9471, 9.7421 0.6517 0.9471, 9.7421 0.6863 0.9471, 9.7461 0.5996 0.8035, 9.7421 0.5996 0.8035, 9.7421 0.5971 0.7947, 9.7461 0.5971 0.7947, 9.7421 0.5955 0.7881, 9.7461 0.5955 0.7881, 9.7461 0.5947 0.7881, 9.7421 0.5947 0.7881, 9.7461 0.5906 0.8038, 9.7421 0.5906 0.8038, 9.7421 0.5408 0.9471, 9.7461 0.5408 0.9471, 9.7421 0.5569 0.9007, 9.7461 0.5034 0.9471, 9.7421 0.5034 0.9471, 9.7421 0.5781 0.7569, 9.7461 0.5781 0.7569, 9.7421 0.5569 0.8109, 9.7421 0.5635 0.7222, 9.7461 0.5635 0.7222, 9.7421 0.577 0.7542, 9.7421 0.5569 0.7102, 9.7461 0.5569 0.7102, 9.7421 0.5569 0.7102, 9.7461 0.5507 0.7032, 9.7421 0.5507 0.7032, 9.7421 0.5446 0.699, 9.7461 0.5446 0.699, 9.7421 0.5372 0.6962, 9.7461 0.5372 0.6962, 9.7421 0.5292 0.6953, 9.7461 0.5292 0.6953, 9.7421 0.5171 0.6969, 9.7461 0.5171 0.6969, 9.7421 0.5103 0.6992, 9.7461 0.5103 0.6992, 9.7461 0.5103 0.6694, 9.7421 0.5103 0.6694, 9.7421 0.5244 0.6669, 9.7461 0.5244 0.6669, 9.7421 0.5318 0.6667, 9.7461 0.5318 0.6667, 9.7421 0.5453 0.6682, 9.7461 0.5453 0.6682, 9.7421 0.5569 0.6726, 9.7461 0.5585 0.6733, 9.7421 0.5585 0.6733, 9.7421 0.5702 0.6814, 9.7461 0.5702 0.6814, 9.7421 0.5725 0.6835, 9.7461 0.5725 0.6835, 9.7421 0.5847 0.6982, 9.7461 0.5847 0.6982, 9.7421 0.5998 0.7277, 9.7461 0.5998 0.7277, 9.7421 0.6103 0.7542, 9.7461 0.8659 0.7869, 9.7461 0.8659 0.7565, 9.7421 0.8659 0.7869, 9.7421 0.8659 0.7565, 9.7421 0.7568 0.7869, 9.7461 0.7568 0.7869, 9.7421 0.8068 0.7869, 9.7461 0.7568 0.8767, 9.7421 0.7568 0.8767, 9.7421 0.8523 0.8767, 9.7461 0.8523 0.8767, 9.7421 0.8068 0.8767, 9.7461 0.8523 0.9072, 9.7421 0.8523 0.9072, 9.7421 0.7568 0.9072, 9.7461 0.7568 0.9072, 9.7421 0.8068 0.9072, 9.7461 0.7568 0.9927, 9.7421 0.7568 0.9927, 9.7421 0.8598 0.9927, 9.7461 0.8598 0.9927, 9.7421 0.8068 0.9927, 9.7461 0.8598 1.0234, 9.7421 0.8598 1.0234, 9.7421 0.7224 1.0234, 9.7461 0.7224 1.0234, 9.7421 0.8068 1.0234, 9.7461 0.7224 0.7565, 9.7421 0.7224 0.7565, 9.7421 0.8068 0.7565, 9.7461 1.0248 0.989, 9.7461 0.9975 1.0233, 9.7461 0.9911 0.9927, 9.7461 0.9925 1.0234, 9.7461 0.9508 0.9927, 9.7461 0.9163 1.0234, 9.7461 0.9508 0.7869, 9.7461 0.9163 0.7565, 9.7461 0.9895 0.7869, 9.7461 0.9897 0.7565, 9.7461 1.0213 0.7901, 9.7461 1.0346 0.7619, 9.7461 1.0447 0.7979, 9.7461 1.0651 0.7737, 9.7461 1.0627 0.8092, 9.7461 1.0934 0.7939, 9.7461 1.0689 0.8147, 9.7461 1.0828 0.8323, 9.7461 1.1117 0.8152, 9.7461 1.0918 0.8524, 9.7461 1.1255 0.8424, 9.7461 1.0967 0.8772, 9.7461 1.1325 0.8732, 9.7461 1.0974 0.8924, 9.7461 1.1336 0.8933, 9.7461 1.0943 0.9225, 9.7461 1.1305 0.9246, 9.7461 1.0871 0.9429, 9.7461 1.1216 0.9511, 9.7461 1.0772 0.9583, 9.7461 1.1058 0.9754, 9.7461 1.0681 0.9676, 9.7461 1.0934 0.988, 9.7461 1.0481 0.9808, 9.7461 1.0694 1.005, 9.7461 1.0378 1.0177, 9.7421 0.9897 0.7565, 9.7421 0.9163 0.7565, 9.7421 1.0934 0.7939, 9.7421 1.0681 0.7758, 9.7421 1.0651 0.7737, 9.7421 1.0346 0.7619, 9.7421 1.1117 0.8152, 9.7421 1.1255 0.8424, 9.7421 1.1325 0.8732, 9.7421 1.1336 0.8933, 9.7421 1.1305 0.9246, 9.7421 1.1216 0.9511, 9.7421 1.1058 0.9754, 9.7421 1.0934 0.988, 9.7421 1.0694 1.005, 9.7421 1.0681 1.0055, 9.7421 1.0378 1.0177, 9.7421 0.9975 1.0233, 9.7421 0.9925 1.0234, 9.7421 0.9163 1.0234, 9.7421 0.9911 0.9927, 9.7421 0.9508 0.9927, 9.7421 0.9508 0.7869, 9.7421 0.9895 0.7869, 9.7421 1.0689 0.8147, 9.7421 1.0627 0.8092, 9.7421 1.0447 0.7979, 9.7421 1.0213 0.7901, 9.7421 1.0974 0.8924, 9.7421 1.0967 0.8772, 9.7421 1.0918 0.8524, 9.7421 1.0828 0.8323, 9.7421 1.0681 0.9676, 9.7421 1.0772 0.9583, 9.7421 1.0871 0.9429, 9.7421 1.0943 0.9225, 9.7421 1.0248 0.989, 9.7421 1.0481 0.9808
            ]
        }
        coordIndex [
            0,1,2,-1,0,2,3,-1,3,2,4,-1,3,4,5,-1,5,4,6,-1,5,6,7,-1,8,7,9,-1,9,7,6,-1,10,11,12,-1,12,11,13,-1,12,13,14,-1,14,13,8,-1,14,8,9,-1,11,10,15,-1,15,10,16,-1,16,17,15,-1,15,17,18,-1,15,18,19,-1,19,18,20,-1,19,20,21,-1,21,20,22,-1,21,22,23,-1,23,22,24,-1,23,24,25,-1,25,24,26,-1,25,26,27,-1,27,26,28,-1,27,28,29,-1,29,28,30,-1,29,30,31,-1,31,30,32,-1,31,32,33,-1,33,32,34,-1,33,34,35,-1,35,34,36,-1,35,36,37,-1,37,36,38,-1,37,38,39,-1,39,38,40,-1,39,40,41,-1,41,40,42,-1,41,42,43,-1,43,42,44,-1,43,44,45,-1,45,44,46,-1,45,46,47,-1,47,46,48,-1,47,48,49,-1,49,48,50,-1,49,50,51,-1,51,50,52,-1,51,52,53,-1,53,52,54,-1,53,54,55,-1,55,54,56,-1,55,56,57,-1,57,56,58,-1,57,58,59,-1,59,58,60,-1,59,60,61,-1,61,60,62,-1,61,62,63,-1,63,62,64,-1,63,64,65,-1,65,64,66,-1,65,66,67,-1,67,66,68,-1,67,68,69,-1,69,68,70,-1,69,70,71,-1,71,70,72,-1,71,72,73,-1,74,73,75,-1,75,73,72,-1,74,75,76,-1,74,76,77,-1,77,76,78,-1,77,78,79,-1,79,78,80,-1,79,80,81,-1,81,80,82,-1,81,82,83,-1,83,82,84,-1,83,84,85,-1,85,84,86,-1,85,86,87,-1,87,86,88,-1,87,88,89,-1,89,88,90,-1,89,90,91,-1,91,90,92,-1,91,92,93,-1,93,92,94,-1,93,94,95,-1,95,94,96,-1,95,96,97,-1,97,96,98,-1,97,98,99,-1,99,98,100,-1,99,100,101,-1,101,100,102,-1,101,102,103,-1,103,102,104,-1,103,104,105,-1,105,104,106,-1,105,106,107,-1,107,106,108,-1,107,108,109,-1,109,108,110,-1,109,110,111,-1,111,110,112,-1,111,112,113,-1,113,112,114,-1,113,114,115,-1,115,114,116,-1,115,116,117,-1,117,116,118,-1,117,118,119,-1,119,118,120,-1,119,120,121,-1,121,120,122,-1,121,122,123,-1,123,122,124,-1,123,124,125,-1,125,124,126,-1,125,126,127,-1,127,126,128,-1,127,128,129,-1,129,128,130,-1,129,130,131,-1,131,130,1,-1,131,1,0,-1,59,61,83,-1,83,61,81,-1,107,41,105,-1,105,41,43,-1,19,21,123,-1,123,21,23,-1,123,23,121,-1,121,23,25,-1,121,25,119,-1,119,25,27,-1,119,27,117,-1,117,27,29,-1,117,29,115,-1,115,29,31,-1,115,31,113,-1,113,31,33,-1,113,33,111,-1,111,33,35,-1,111,35,109,-1,109,35,37,-1,109,37,107,-1,107,37,39,-1,107,39,41,-1,11,0,13,-1,13,0,3,-1,13,3,8,-1,8,3,5,-1,8,5,7,-1,61,63,81,-1,81,63,65,-1,81,65,79,-1,79,65,67,-1,79,67,77,-1,77,67,69,-1,77,69,74,-1,74,69,71,-1,74,71,73,-1,123,125,19,-1,19,125,127,-1,19,127,15,-1,15,127,129,-1,15,129,11,-1,11,129,131,-1,11,131,0,-1,83,85,59,-1,59,85,87,-1,59,87,57,-1,57,87,89,-1,57,89,55,-1,55,89,91,-1,55,91,53,-1,53,91,93,-1,53,93,51,-1,51,93,95,-1,51,95,49,-1,49,95,97,-1,49,97,47,-1,47,97,99,-1,47,99,45,-1,45,99,101,-1,45,101,43,-1,43,101,103,-1,43,103,105,-1,132,133,134,-1,134,133,135,-1,136,132,137,-1,137,132,134,-1,136,137,138,-1,136,138,139,-1,139,138,140,-1,139,140,141,-1,142,141,143,-1,143,141,140,-1,144,142,145,-1,145,142,143,-1,146,147,148,-1,148,147,144,-1,148,144,145,-1,149,147,150,-1,150,147,146,-1,151,152,153,-1,153,152,149,-1,153,149,150,-1,154,155,156,-1,156,155,152,-1,156,152,151,-1,155,154,157,-1,155,157,158,-1,158,157,159,-1,158,159,160,-1,159,161,160,-1,160,161,162,-1,160,162,163,-1,163,162,164,-1,163,164,165,-1,165,164,166,-1,165,166,167,-1,167,166,168,-1,167,168,169,-1,169,168,170,-1,169,170,171,-1,172,171,173,-1,173,171,170,-1,172,173,174,-1,172,174,175,-1,175,174,176,-1,175,176,177,-1,177,176,178,-1,177,178,179,-1,179,178,180,-1,179,180,181,-1,180,182,181,-1,181,182,183,-1,181,183,184,-1,184,183,185,-1,184,185,186,-1,186,185,187,-1,186,187,188,-1,188,187,189,-1,188,189,190,-1,135,133,191,-1,191,133,190,-1,191,190,189,-1,139,141,190,-1,133,132,190,-1,190,132,136,-1,190,136,139,-1,147,149,144,-1,144,149,152,-1,144,152,142,-1,188,158,186,-1,186,158,160,-1,171,172,169,-1,169,172,175,-1,169,175,167,-1,167,175,177,-1,167,177,165,-1,165,177,179,-1,165,179,163,-1,163,179,181,-1,163,181,160,-1,160,181,184,-1,160,184,186,-1,141,142,190,-1,190,142,152,-1,190,152,188,-1,188,152,155,-1,188,155,158,-1,192,193,194,-1,194,193,195,-1,196,197,198,-1,198,197,192,-1,198,192,194,-1,199,197,200,-1,200,197,196,-1,201,202,203,-1,203,202,199,-1,203,199,200,-1,204,202,205,-1,205,202,201,-1,206,207,208,-1,208,207,204,-1,208,204,205,-1,209,207,210,-1,210,207,206,-1,211,212,213,-1,213,212,209,-1,213,209,210,-1,214,212,215,-1,215,212,211,-1,216,217,218,-1,218,217,214,-1,218,214,215,-1,219,217,220,-1,220,217,216,-1,195,193,221,-1,221,193,219,-1,221,219,220,-1,212,214,209,-1,209,214,217,-1,209,217,207,-1,193,192,219,-1,219,192,197,-1,219,197,199,-1,202,204,199,-1,199,204,207,-1,199,207,219,-1,219,207,217,-1,222,223,224,-1,224,223,225,-1,224,225,226,-1,226,225,227,-1,226,227,228,-1,228,227,229,-1,228,229,230,-1,230,229,231,-1,230,231,232,-1,232,231,233,-1,232,233,234,-1,234,233,235,-1,234,235,236,-1,236,235,237,-1,236,237,238,-1,238,237,239,-1,239,237,240,-1,239,240,241,-1,241,240,242,-1,241,242,243,-1,243,242,244,-1,243,244,245,-1,245,244,246,-1,245,246,247,-1,247,246,248,-1,247,248,249,-1,249,248,250,-1,249,250,251,-1,251,250,252,-1,251,252,253,-1,253,252,254,-1,253,254,255,-1,255,254,256,-1,255,256,222,-1,222,256,257,-1,222,257,223,-1,231,229,258,-1,258,229,259,-1,260,237,261,-1,261,237,235,-1,261,235,262,-1,262,235,233,-1,262,233,263,-1,263,233,231,-1,263,231,258,-1,237,260,264,-1,237,264,240,-1,240,264,265,-1,240,265,242,-1,242,265,266,-1,242,266,244,-1,244,266,267,-1,244,267,246,-1,246,267,268,-1,246,268,248,-1,248,268,269,-1,248,269,250,-1,250,269,270,-1,250,270,252,-1,252,270,271,-1,252,271,254,-1,254,271,272,-1,254,272,256,-1,256,272,273,-1,256,273,257,-1,273,274,257,-1,257,274,275,-1,257,275,223,-1,223,275,276,-1,223,276,225,-1,227,225,277,-1,277,225,276,-1,229,227,259,-1,259,227,277,-1,224,226,278,-1,278,226,279,-1,226,228,279,-1,279,228,280,-1,228,230,280,-1,280,230,281,-1,238,282,283,-1,238,283,236,-1,236,283,284,-1,236,284,234,-1,234,284,285,-1,234,285,232,-1,232,285,281,-1,232,281,230,-1,245,286,287,-1,245,287,243,-1,243,287,288,-1,243,288,241,-1,241,288,289,-1,241,289,239,-1,239,289,282,-1,239,282,238,-1,253,290,291,-1,253,291,251,-1,251,291,292,-1,251,292,249,-1,249,292,293,-1,249,293,247,-1,247,293,286,-1,247,286,245,-1,224,278,294,-1,224,294,222,-1,222,294,295,-1,222,295,255,-1,255,295,290,-1,255,290,253,-1,
        ]
    }
}
Shape{
    appearance Appearance {
        material  Material 	{
            diffuseColor 0.25098039215686274 0.25098039215686274 0.25098039215686274
            specularColor 0.12549019607843137 0.12549019607843137 0.12549019607843137
            ambientIntensity 0.251
            transparency 0.0
            shininess 0.5
        }
    }
    geometry IndexedFaceSet {
        ccw TRUE
        solid FALSE
        coord DEF co Coordinate {
            point [
                9.7421 0.9508 0.9927, 9.7421 0.9508 0.7869, 9.7421 0.9911 0.9927, 9.7421 0.9895 0.7869, 9.7421 1.0213 0.7901, 9.7421 1.0447 0.7979, 9.7421 1.0627 0.8092, 9.7421 1.0689 0.8147, 9.7421 1.0828 0.8323, 9.7421 1.0918 0.8524, 9.7421 1.0967 0.8772, 9.7421 1.0974 0.8924, 9.7421 1.0943 0.9225, 9.7421 1.0871 0.9429, 9.7421 1.0772 0.9583, 9.7421 1.0681 0.9676, 9.7421 1.0248 0.989, 9.7421 1.0481 0.9808
            ]
        }
        coordIndex [
            0,1,2,-1,2,1,3,-1,2,3,4,-1,4,5,2,-1,2,5,6,-1,2,6,7,-1,7,8,2,-1,2,8,9,-1,2,9,10,-1,10,11,2,-1,2,11,12,-1,2,12,13,-1,13,14,2,-1,2,14,15,-1,2,15,16,-1,16,15,17,-1,
        ]
    }
}
Shape{
    appearance Appearance {
        material  Material 	{
            diffuseColor 1.0 1.0 1.0
            specularColor 0.5019607843137255 0.5019607843137255 0.5019607843137255
            ambientIntensity 1.0
            transparency 0.0
            shininess 0.5
        }
    }
    geometry IndexedFaceSet {
        ccw TRUE
        solid FALSE
        coord DEF co Coordinate {
            point [
                9.7461 1.2231 0.8596, 9.7461 1.2122 0.8295, 9.7461 1.3127 0.8596, 9.7461 1.3233 0.8295, 9.7461 1.263 0.9706, 9.7461 1.2501 1.0234, 9.7461 1.1484 0.7565, 9.7461 1.1865 0.7565, 9.7461 1.2653 0.9785, 9.7461 1.2674 0.9893, 9.7461 1.2869 1.0234, 9.7461 1.2682 0.9893, 9.7461 1.2703 0.978, 9.7461 1.2723 0.9706, 9.7461 1.3886 0.7565, 9.7461 1.3505 0.7565, 9.7421 1.2869 1.0234, 9.7421 1.3886 0.7565, 9.7421 1.2501 1.0234, 9.7421 1.1484 0.7565, 9.7421 1.1865 0.7565, 9.7421 1.2122 0.8295, 9.7421 1.3233 0.8295, 9.7421 1.3505 0.7565, 9.7421 1.2231 0.8596, 9.7421 1.3127 0.8596, 9.7421 1.2723 0.9706, 9.7421 1.2682 0.9893, 9.7421 1.2703 0.978, 9.7421 1.2674 0.9893, 9.7421 1.263 0.9706, 9.7421 1.2653 0.9785
            ]
        }
        coordIndex [
            0,1,2,-1,2,1,3,-1,4,5,0,-1,0,5,6,-1,0,6,1,-1,1,6,7,-1,4,8,5,-1,5,8,9,-1,5,9,10,-1,10,9,11,-1,10,11,12,-1,12,13,10,-1,10,13,2,-1,10,2,14,-1,14,2,3,-1,14,3,15,-1,10,14,16,-1,16,14,17,-1,5,10,18,-1,18,10,16,-1,6,5,19,-1,19,5,18,-1,7,6,20,-1,20,6,19,-1,1,7,21,-1,21,7,20,-1,3,1,22,-1,22,1,21,-1,15,3,23,-1,23,3,22,-1,14,15,17,-1,17,15,23,-1,0,2,24,-1,24,2,25,-1,2,13,25,-1,25,13,26,-1,11,27,28,-1,11,28,12,-1,12,28,26,-1,12,26,13,-1,11,9,27,-1,27,9,29,-1,4,30,31,-1,4,31,8,-1,8,31,29,-1,8,29,9,-1,4,0,30,-1,30,0,24,-1,
        ]
    }
}
Shape{
    appearance Appearance {
        material  Material 	{
            diffuseColor 0.25098039215686274 0.25098039215686274 0.25098039215686274
            specularColor 0.12549019607843137 0.12549019607843137 0.12549019607843137
            ambientIntensity 0.251
            transparency 0.0
            shininess 0.5
        }
    }
    geometry IndexedFaceSet {
        ccw TRUE
        solid FALSE
        coord DEF co Coordinate {
            point [
                9.7421 1.2682 0.9893, 9.7421 1.2674 0.9893, 9.7421 1.2703 0.978, 9.7421 1.2653 0.9785, 9.7421 1.2723 0.9706, 9.7421 1.263 0.9706, 9.7421 1.3127 0.8596, 9.7421 1.2231 0.8596
            ]
        }
        coordIndex [
            0,1,2,-1,2,1,3,-1,2,3,4,-1,4,3,5,-1,4,5,6,-1,6,5,7,-1,
        ]
    }
}
Shape{
    appearance Appearance {
        material  Material 	{
            diffuseColor 1.0 1.0 1.0
            specularColor 0.5019607843137255 0.5019607843137255 0.5019607843137255
            ambientIntensity 1.0
            transparency 0.0
            shininess 0.5
        }
    }
    geometry IndexedFaceSet {
        ccw TRUE
        solid FALSE
        coord DEF co Coordinate {
            point [
                9.7461 -1.2459 1.2161, 9.7461 -1.2036 1.2386, 9.7461 -1.2134 1.3554, 9.7461 -0.8793 0.7109, 9.7461 -0.8567 0.7532, 9.7461 -0.8456 0.8, 9.7461 -1.095 1.3609, 9.7461 -1.0362 1.2224, 9.7461 -1.0071 1.2824, 9.7461 -1.1065 0.7949, 9.7461 -1.11 0.8127, 9.7461 -1.2126 0.8865, 9.7461 -1.2145 0.7593, 9.7461 -1.2386 0.7665, 9.7461 -1.2541 0.912, 9.7461 -1.1386 1.3647, 9.7461 -0.5788 0.9795, 9.7461 -0.6377 1.08, 9.7461 -0.8445 0.839, 9.7461 -0.8919 0.9472, 9.7461 -0.8445 0.8201, 9.7461 -0.9459 0.6523, 9.7461 -0.9081 0.6786, 9.7461 -1.099 0.779, 9.7461 -1.1672 0.6837, 9.7461 -1.1955 0.7185, 9.7461 -0.5162 1.1673, 9.7461 -0.501 1.1673, 9.7461 -0.4232 1.2698, 9.7461 -0.4649 1.1629, 9.7461 -0.414 1.2667, 9.7461 -0.4317 1.1501, 9.7461 -0.3576 1.2387, 9.7461 -0.3061 1.1952, 9.7461 -1.0561 1.4062, 9.7461 -0.9646 1.3333, 9.7461 -1.0115 1.4444, 9.7461 -0.9138 1.3704, 9.7461 -0.9651 1.4731, 9.7461 -1.1568 1.2498, 9.7461 -1.1367 1.2508, 9.7461 -1.1168 1.3635, 9.7461 -1.0919 1.2452, 9.7461 -1.0494 1.2296, 9.7461 -0.976 0.7751, 9.7461 -0.9863 0.7635, 9.7461 -1.0007 0.7532, 9.7461 -0.9882 0.636, 9.7461 -1.0172 0.7466, 9.7461 -1.0343 0.6303, 9.7461 -1.0362 0.7442, 9.7461 -1.0415 0.6304, 9.7461 -1.0394 0.7442, 9.7461 -1.0863 0.6374, 9.7461 -1.0564 0.747, 9.7461 -1.1301 0.6558, 9.7461 -1.0736 0.7544, 9.7461 -1.0881 0.7655, 9.7461 -0.967 0.8446, 9.7461 -0.9627 0.827, 9.7461 -0.9627 0.8097, 9.7461 -0.9672 0.7914, 9.7461 -0.3056 0.8409, 9.7461 -0.3939 0.9164, 9.7461 -0.3572 0.7973, 9.7461 -0.4219 0.8935, 9.7461 -0.4151 0.7689, 9.7461 -0.4554 0.8779, 9.7461 -0.4783 0.7555, 9.7461 -0.4897 0.8713, 9.7461 -0.5902 0.7555, 9.7461 -0.575 0.8713, 9.7461 -0.6009 0.7573, 9.7461 -1.109 0.8312, 9.7461 -1.1034 0.8491, 9.7461 -1.1917 0.9272, 9.7461 -1.0936 0.8648, 9.7461 -1.1604 0.9631, 9.7461 -1.0861 0.8727, 9.7461 -1.1216 0.9901, 9.7461 -1.0713 0.8833, 9.7461 -1.0797 1.0061, 9.7461 -1.0547 0.8898, 9.7461 -1.0343 1.0117, 9.7461 -1.0362 0.8922, 9.7461 -1.0113 1.0104, 9.7461 -1.0204 0.8905, 9.7461 -0.9655 0.999, 9.7461 -1.0027 0.8841, 9.7461 -0.9252 0.9775, 9.7461 -0.9875 0.8738, 9.7461 -0.9753 0.8602, 9.7461 -0.4023 1.1295, 9.7461 -0.3807 1.1053, 9.7461 -0.2673 1.1412, 9.7461 -0.363 1.0727, 9.7461 -0.2441 1.0833, 9.7461 -0.354 1.0362, 9.7461 -0.2354 1.0212, 9.7461 -0.353 1.0193, 9.7461 -0.2441 0.9536, 9.7461 -0.3576 0.9823, 9.7461 -0.2679 0.8935, 9.7461 -0.3707 0.9485, 9.7461 -0.3916 0.9189, 9.7461 -0.5257 1.4197, 9.7461 -0.6002 1.3327, 9.7461 -0.4627 1.3468, 9.7461 -0.5573 1.2816, 9.7461 -0.5279 1.2205, 9.7461 -1.3208 1.1071, 9.7461 -1.4455 1.0754, 9.7461 -1.3265 1.0611, 9.7461 -1.4461 1.0573, 9.7461 -1.3242 1.0315, 9.7461 -1.4368 0.9828, 9.7461 -1.3105 0.9851, 9.7461 -1.4096 0.9122, 9.7461 -1.2881 0.947, 9.7461 -1.3664 0.8504, 9.7461 -1.3072 0.8, 9.7461 -0.8776 1.5068, 9.7461 -0.8518 1.3955, 9.7461 -0.7838 1.5184, 9.7461 -0.7819 1.4045, 9.7461 -0.7056 1.5102, 9.7461 -0.7174 1.3966, 9.7461 -0.6103 1.4766, 9.7461 -0.6579 1.3738, 9.7461 -0.6046 1.3368, 9.7461 -1.2837 1.3281, 9.7461 -1.3441 1.2857, 9.7461 -1.2782 1.1872, 9.7461 -1.3569 1.2736, 9.7461 -1.3045 1.1494, 9.7461 -1.4025 1.215, 9.7461 -1.4328 1.1467, 9.7461 -0.5846 0.8731, 9.7461 -0.6302 0.7754, 9.7461 -0.6258 0.771, 9.7461 -0.5789 0.8718, 9.7461 -0.6135 0.7622, 9.7461 -0.6453 0.8144, 9.7461 -0.6435 0.8002, 9.7461 -0.6385 0.7874, 9.7461 -0.6011 0.8713, 9.7461 -0.6142 0.8662, 9.7461 -0.6448 0.8219, 9.7461 -0.6258 0.8579, 9.7461 -0.6337 0.8492, 9.7461 -0.641 0.8363, 9.7461 -0.5864 0.8732, 9.7421 -0.2354 1.0212, 9.7421 -0.2441 1.0833, 9.7421 -0.2934 1.1776, 9.7421 -0.2505 1.0994, 9.7421 -0.2673 1.1412, 9.7421 -0.3061 1.1952, 9.7421 -0.3576 1.2387, 9.7421 -0.414 1.2667, 9.7421 -0.4232 1.2698, 9.7421 -0.4627 1.3468, 9.7421 -0.5257 1.4197, 9.7421 -0.5693 1.449, 9.7421 -0.6103 1.4766, 9.7421 -0.7056 1.5102, 9.7421 -0.7838 1.5184, 9.7421 -0.8776 1.5068, 9.7421 -0.9651 1.4731, 9.7421 -1.004 1.449, 9.7421 -1.0115 1.4444, 9.7421 -1.0561 1.4062, 9.7421 -1.095 1.3609, 9.7421 -1.1168 1.3635, 9.7421 -1.1386 1.3647, 9.7421 -1.2134 1.3554, 9.7421 -1.2837 1.3281, 9.7421 -1.3441 1.2857, 9.7421 -1.3569 1.2736, 9.7421 -1.4461 1.0573, 9.7421 -1.4025 1.215, 9.7421 -1.4191 1.1776, 9.7421 -1.4328 1.1467, 9.7421 -1.4412 1.0994, 9.7421 -1.4455 1.0754, 9.7421 -1.4368 0.9828, 9.7421 -1.4096 0.9122, 9.7421 -1.3664 0.8504, 9.7421 -1.3072 0.8, 9.7421 -1.2386 0.7665, 9.7421 -1.2145 0.7593, 9.7421 -1.2121 0.7542, 9.7421 -1.1955 0.7185, 9.7421 -1.1672 0.6837, 9.7421 -1.1301 0.6558, 9.7421 -1.1127 0.6485, 9.7421 -1.0863 0.6374, 9.7421 -1.0415 0.6304, 9.7421 -1.0343 0.6303, 9.7421 -0.8445 0.8201, 9.7421 -0.9882 0.636, 9.7421 -0.9557 0.6485, 9.7421 -0.9459 0.6523, 9.7421 -0.9081 0.6786, 9.7421 -0.8793 0.7109, 9.7421 -0.8567 0.7532, 9.7421 -0.8565 0.7542, 9.7421 -0.8456 0.8, 9.7421 -0.8445 0.839, 9.7421 -0.5788 0.9795, 9.7421 -0.6377 1.08, 9.7421 -0.8919 0.9472, 9.7421 -0.9252 0.9775, 9.7421 -0.9655 0.999, 9.7421 -1.0113 1.0104, 9.7421 -1.0343 1.0117, 9.7421 -1.0797 1.0061, 9.7421 -1.1216 0.9901, 9.7421 -1.1604 0.9631, 9.7421 -1.1917 0.9272, 9.7421 -1.2126 0.8865, 9.7421 -1.2541 0.912, 9.7421 -1.2881 0.947, 9.7421 -1.3105 0.9851, 9.7421 -1.3242 1.0315, 9.7421 -1.3265 1.0611, 9.7421 -1.3218 1.0994, 9.7421 -1.3208 1.1071, 9.7421 -1.3045 1.1494, 9.7421 -1.2849 1.1776, 9.7421 -1.2782 1.1872, 9.7421 -1.2459 1.2161, 9.7421 -1.2036 1.2386, 9.7421 -1.1568 1.2498, 9.7421 -1.1367 1.2508, 9.7421 -1.0919 1.2452, 9.7421 -1.0494 1.2296, 9.7421 -1.0362 1.2224, 9.7421 -1.0071 1.2824, 9.7421 -0.9646 1.3333, 9.7421 -0.9138 1.3704, 9.7421 -0.8518 1.3955, 9.7421 -0.7819 1.4045, 9.7421 -0.7174 1.3966, 9.7421 -0.6579 1.3738, 9.7421 -0.6046 1.3368, 9.7421 -0.6002 1.3327, 9.7421 -0.5573 1.2816, 9.7421 -0.5279 1.2205, 9.7421 -0.5185 1.1776, 9.7421 -0.5162 1.1673, 9.7421 -0.501 1.1673, 9.7421 -0.4649 1.1629, 9.7421 -0.4317 1.1501, 9.7421 -0.4023 1.1295, 9.7421 -0.3807 1.1053, 9.7421 -0.3774 1.0994, 9.7421 -0.363 1.0727, 9.7421 -0.354 1.0362, 9.7421 -0.353 1.0193, 9.7421 -0.3576 0.9823, 9.7421 -0.3707 0.9485, 9.7421 -0.3916 0.9189, 9.7421 -0.3939 0.9164, 9.7421 -0.4219 0.8935, 9.7421 -0.4554 0.8779, 9.7421 -0.4897 0.8713, 9.7421 -0.575 0.8713, 9.7421 -0.5789 0.8718, 9.7421 -0.5846 0.8731, 9.7421 -0.5864 0.8732, 9.7421 -0.6011 0.8713, 9.7421 -0.6142 0.8662, 9.7421 -0.6258 0.8579, 9.7421 -0.6337 0.8492, 9.7421 -0.641 0.8363, 9.7421 -0.6448 0.8219, 9.7421 -0.6453 0.8144, 9.7421 -0.6435 0.8002, 9.7421 -0.6385 0.7874, 9.7421 -0.6302 0.7754, 9.7421 -0.6258 0.771, 9.7421 -0.6135 0.7622, 9.7421 -0.6009 0.7573, 9.7421 -0.5902 0.7555, 9.7421 -0.4783 0.7555, 9.7421 -0.4151 0.7689, 9.7421 -0.3572 0.7973, 9.7421 -0.3056 0.8409, 9.7421 -0.2679 0.8935, 9.7421 -0.2441 0.9536, 9.7421 -1.0362 0.8922, 9.7421 -1.0204 0.8905, 9.7421 -1.0027 0.8841, 9.7421 -0.9875 0.8738, 9.7421 -0.9753 0.8602, 9.7421 -0.967 0.8446, 9.7421 -0.9627 0.827, 9.7421 -0.9627 0.8097, 9.7421 -0.9672 0.7914, 9.7421 -0.976 0.7751, 9.7421 -0.9863 0.7635, 9.7421 -1.0007 0.7532, 9.7421 -1.0172 0.7466, 9.7421 -1.0362 0.7442, 9.7421 -1.0394 0.7442, 9.7421 -1.0564 0.747, 9.7421 -1.0736 0.7544, 9.7421 -1.0881 0.7655, 9.7421 -1.099 0.779, 9.7421 -1.1065 0.7949, 9.7421 -1.11 0.8127, 9.7421 -1.109 0.8312, 9.7421 -1.1034 0.8491, 9.7421 -1.0936 0.8648, 9.7421 -1.0861 0.8727, 9.7421 -1.0713 0.8833, 9.7421 -1.0547 0.8898
            ]
        }
        coordIndex [
            0,1,2,-1,3,4,5,-1,6,7,8,-1,9,10,11,-1,12,11,13,-1,13,11,14,-1,2,1,15,-1,16,17,18,-1,18,17,19,-1,18,19,20,-1,20,19,21,-1,20,21,5,-1,5,21,22,-1,5,22,3,-1,23,9,24,-1,24,9,11,-1,24,11,25,-1,25,11,12,-1,26,27,28,-1,28,27,29,-1,28,29,30,-1,30,29,31,-1,30,31,32,-1,32,31,33,-1,6,8,34,-1,34,8,35,-1,34,35,36,-1,36,35,37,-1,36,37,38,-1,1,39,15,-1,15,39,40,-1,15,40,41,-1,41,40,42,-1,41,42,6,-1,6,42,43,-1,6,43,7,-1,44,45,21,-1,21,45,46,-1,21,46,47,-1,47,46,48,-1,47,48,49,-1,49,48,50,-1,49,50,51,-1,51,50,52,-1,51,52,53,-1,53,52,54,-1,53,54,55,-1,55,54,56,-1,55,56,24,-1,24,56,57,-1,24,57,23,-1,58,59,19,-1,19,59,60,-1,19,60,21,-1,21,60,61,-1,21,61,44,-1,62,63,64,-1,64,63,65,-1,64,65,66,-1,66,65,67,-1,66,67,68,-1,68,67,69,-1,68,69,70,-1,70,69,71,-1,70,71,72,-1,10,73,11,-1,11,73,74,-1,11,74,75,-1,75,74,76,-1,75,76,77,-1,77,76,78,-1,77,78,79,-1,79,78,80,-1,79,80,81,-1,81,80,82,-1,81,82,83,-1,83,82,84,-1,83,84,85,-1,85,84,86,-1,85,86,87,-1,87,86,88,-1,87,88,89,-1,89,88,90,-1,89,90,19,-1,19,90,91,-1,19,91,58,-1,31,92,33,-1,33,92,93,-1,33,93,94,-1,94,93,95,-1,94,95,96,-1,96,95,97,-1,96,97,98,-1,98,97,99,-1,98,99,100,-1,100,99,101,-1,100,101,102,-1,102,101,103,-1,102,103,62,-1,62,103,104,-1,62,104,63,-1,105,106,107,-1,107,106,108,-1,107,108,28,-1,28,108,109,-1,28,109,26,-1,110,111,112,-1,112,111,113,-1,112,113,114,-1,114,113,115,-1,114,115,116,-1,116,115,117,-1,116,117,118,-1,118,117,119,-1,118,119,14,-1,14,119,120,-1,14,120,13,-1,38,37,121,-1,121,37,122,-1,121,122,123,-1,123,122,124,-1,123,124,125,-1,125,124,126,-1,125,126,127,-1,127,126,128,-1,127,128,105,-1,105,128,129,-1,105,129,106,-1,2,130,0,-1,0,130,131,-1,0,131,132,-1,132,131,133,-1,132,133,134,-1,134,133,135,-1,134,135,110,-1,110,135,136,-1,110,136,111,-1,137,138,139,-1,71,140,72,-1,72,140,137,-1,72,137,141,-1,141,137,139,-1,142,143,137,-1,137,143,144,-1,137,144,138,-1,145,146,147,-1,146,148,147,-1,147,148,149,-1,147,149,150,-1,142,137,147,-1,147,137,151,-1,147,151,145,-1,98,152,153,-1,154,33,94,-1,98,153,96,-1,96,153,155,-1,96,155,94,-1,94,155,156,-1,94,156,154,-1,154,157,33,-1,33,157,158,-1,33,158,32,-1,32,158,159,-1,32,159,30,-1,30,159,160,-1,30,160,28,-1,28,160,161,-1,28,161,107,-1,107,161,162,-1,107,162,105,-1,127,105,163,-1,163,105,162,-1,163,164,127,-1,127,164,165,-1,127,165,125,-1,125,165,166,-1,125,166,123,-1,123,166,167,-1,123,167,121,-1,121,167,168,-1,121,168,38,-1,38,168,36,-1,36,168,169,-1,36,169,170,-1,36,170,171,-1,36,171,34,-1,34,171,172,-1,34,172,6,-1,6,172,173,-1,6,173,41,-1,41,173,174,-1,41,174,15,-1,15,174,175,-1,15,175,2,-1,2,175,176,-1,2,176,130,-1,130,176,177,-1,130,177,131,-1,131,177,178,-1,131,178,133,-1,179,113,111,-1,133,178,180,-1,133,180,135,-1,135,180,181,-1,135,181,136,-1,181,182,136,-1,136,182,183,-1,136,183,111,-1,111,183,184,-1,111,184,179,-1,113,179,185,-1,113,185,115,-1,115,185,186,-1,115,186,117,-1,117,186,187,-1,117,187,119,-1,119,187,188,-1,119,188,120,-1,120,188,189,-1,120,189,13,-1,13,189,190,-1,13,190,12,-1,12,190,191,-1,12,191,25,-1,191,192,25,-1,25,192,193,-1,25,193,24,-1,24,193,194,-1,24,194,55,-1,55,194,195,-1,55,195,53,-1,195,196,53,-1,53,196,197,-1,53,197,51,-1,51,197,198,-1,51,198,49,-1,199,20,5,-1,49,198,200,-1,201,21,200,-1,200,21,47,-1,200,47,49,-1,201,202,21,-1,21,202,203,-1,21,203,22,-1,22,203,204,-1,22,204,3,-1,3,204,205,-1,3,205,4,-1,4,205,206,-1,4,206,5,-1,5,206,207,-1,5,207,199,-1,18,20,208,-1,208,20,199,-1,16,18,209,-1,209,18,208,-1,17,16,210,-1,210,16,209,-1,19,17,211,-1,211,17,210,-1,19,211,212,-1,19,212,89,-1,89,212,213,-1,89,213,87,-1,87,213,214,-1,87,214,85,-1,85,214,215,-1,85,215,83,-1,83,215,216,-1,83,216,81,-1,81,216,217,-1,81,217,79,-1,79,217,218,-1,79,218,77,-1,77,218,219,-1,77,219,75,-1,75,219,220,-1,75,220,11,-1,11,220,221,-1,11,221,14,-1,14,221,222,-1,14,222,118,-1,118,222,223,-1,118,223,116,-1,116,223,224,-1,116,224,114,-1,114,224,225,-1,114,225,112,-1,110,112,225,-1,225,226,110,-1,110,226,227,-1,110,227,228,-1,229,132,228,-1,228,132,134,-1,228,134,110,-1,229,230,132,-1,132,230,231,-1,132,231,0,-1,0,231,232,-1,0,232,1,-1,1,232,233,-1,1,233,39,-1,39,233,234,-1,39,234,40,-1,40,234,235,-1,40,235,42,-1,42,235,236,-1,42,236,43,-1,43,236,237,-1,43,237,7,-1,7,237,238,-1,7,238,8,-1,8,238,239,-1,8,239,35,-1,35,239,240,-1,35,240,37,-1,37,240,241,-1,37,241,122,-1,122,241,242,-1,122,242,124,-1,124,242,243,-1,124,243,126,-1,126,243,244,-1,126,244,128,-1,128,244,245,-1,128,245,129,-1,129,245,246,-1,129,246,106,-1,106,246,247,-1,106,247,108,-1,108,247,248,-1,108,248,109,-1,109,248,26,-1,26,248,249,-1,26,249,250,-1,27,26,251,-1,251,26,250,-1,27,251,252,-1,27,252,29,-1,29,252,253,-1,29,253,31,-1,31,253,254,-1,31,254,92,-1,92,254,255,-1,92,255,93,-1,93,255,256,-1,93,256,95,-1,256,257,95,-1,95,257,258,-1,95,258,97,-1,97,258,259,-1,97,259,99,-1,99,259,260,-1,99,260,101,-1,101,260,261,-1,101,261,103,-1,103,261,262,-1,103,262,104,-1,104,262,263,-1,104,263,63,-1,63,263,264,-1,63,264,65,-1,65,264,265,-1,65,265,67,-1,67,265,266,-1,67,266,69,-1,71,69,267,-1,267,69,266,-1,71,267,268,-1,71,268,140,-1,140,268,269,-1,140,269,137,-1,137,269,270,-1,137,270,151,-1,151,270,271,-1,151,271,145,-1,145,271,272,-1,145,272,146,-1,146,272,273,-1,146,273,148,-1,148,273,274,-1,148,274,149,-1,149,274,275,-1,149,275,150,-1,150,275,276,-1,150,276,147,-1,147,276,277,-1,147,277,142,-1,142,277,278,-1,142,278,143,-1,143,278,279,-1,143,279,144,-1,144,279,280,-1,144,280,138,-1,138,280,281,-1,138,281,139,-1,139,281,282,-1,139,282,141,-1,141,282,283,-1,141,283,72,-1,72,283,284,-1,72,284,70,-1,68,70,285,-1,285,70,284,-1,68,285,286,-1,68,286,66,-1,66,286,287,-1,66,287,64,-1,64,287,288,-1,64,288,62,-1,62,288,289,-1,62,289,102,-1,102,289,290,-1,102,290,100,-1,100,290,152,-1,100,152,98,-1,84,291,292,-1,84,292,86,-1,86,292,293,-1,86,293,88,-1,88,293,294,-1,88,294,90,-1,90,294,295,-1,90,295,91,-1,91,295,296,-1,91,296,58,-1,58,296,297,-1,58,297,59,-1,59,297,298,-1,59,298,60,-1,60,298,299,-1,60,299,61,-1,61,299,300,-1,61,300,44,-1,44,300,301,-1,44,301,45,-1,45,301,302,-1,45,302,46,-1,46,302,303,-1,46,303,48,-1,48,303,304,-1,48,304,50,-1,50,304,305,-1,50,305,52,-1,52,305,306,-1,52,306,54,-1,54,306,307,-1,54,307,56,-1,56,307,308,-1,56,308,57,-1,57,308,309,-1,57,309,23,-1,23,309,310,-1,23,310,9,-1,9,310,311,-1,9,311,10,-1,10,311,312,-1,10,312,73,-1,73,312,313,-1,73,313,74,-1,74,313,314,-1,74,314,76,-1,76,314,315,-1,76,315,78,-1,78,315,316,-1,78,316,80,-1,80,316,317,-1,80,317,82,-1,82,317,291,-1,82,291,84,-1,
        ]
    }
}
Shape{
    appearance Appearance {
        material  Material 	{
            diffuseColor 0.25098039215686274 0.25098039215686274 0.25098039215686274
            specularColor 0.12549019607843137 0.12549019607843137 0.12549019607843137
            ambientIntensity 0.251
            transparency 0.0
            shininess 0.5
        }
    }
    geometry IndexedFaceSet {
        ccw TRUE
        solid FALSE
        coord DEF co Coordinate {
            point [
                9.7421 -1.0394 0.7442, 9.7421 -1.0861 0.8727, 9.7421 -1.0936 0.8648, 9.7421 -1.0172 0.7466, 9.7421 -1.0007 0.7532, 9.7421 -1.0204 0.8905, 9.7421 -1.0362 0.8922, 9.7421 -1.0547 0.8898, 9.7421 -1.0713 0.8833, 9.7421 -1.1065 0.7949, 9.7421 -1.099 0.779, 9.7421 -1.0881 0.7655, 9.7421 -1.0362 0.7442, 9.7421 -1.1034 0.8491, 9.7421 -1.109 0.8312, 9.7421 -1.11 0.8127, 9.7421 -1.0736 0.7544, 9.7421 -1.0564 0.747, 9.7421 -0.9863 0.7635, 9.7421 -0.976 0.7751, 9.7421 -0.9672 0.7914, 9.7421 -0.9627 0.8097, 9.7421 -0.9627 0.827, 9.7421 -0.967 0.8446, 9.7421 -0.9753 0.8602, 9.7421 -0.9875 0.8738, 9.7421 -1.0027 0.8841
            ]
        }
        coordIndex [
            0,1,2,-1,3,4,5,-1,6,7,0,-1,0,7,8,-1,0,8,1,-1,9,10,2,-1,2,10,11,-1,6,0,5,-1,5,0,12,-1,5,12,3,-1,13,14,2,-1,2,14,15,-1,2,15,9,-1,11,16,2,-1,2,16,17,-1,2,17,0,-1,4,18,5,-1,5,18,19,-1,5,19,20,-1,20,21,5,-1,5,21,22,-1,5,22,23,-1,23,24,5,-1,5,24,25,-1,5,25,26,-1,
        ]
    }
}